2026-03-07 22:05:58 INFO  [] [main] com.planit.PlanitApplication : Starting PlanitApplication using Java 17.0.17 with PID 49928 (C:\workspace\PlanIt\PlanIt-Insight-svc\build\classes\java\main started by DS11 in C:\workspace\PlanIt\PlanIt-Insight-svc)
2026-03-07 22:05:58 INFO  [] [main] com.planit.PlanitApplication : No active profile set, falling back to 1 default profile: "default"
2026-03-07 22:05:59 INFO  [] [main] o.s.d.r.c.RepositoryConfigurationDelegate : Bootstrapping Spring Data JPA repositories in DEFAULT mode.
2026-03-07 22:05:59 INFO  [] [main] o.s.d.r.c.RepositoryConfigurationDelegate : Finished Spring Data repository scanning in 139 ms. Found 3 JPA repository interfaces.
2026-03-07 22:06:00 INFO  [] [main] o.s.b.w.e.tomcat.TomcatWebServer : Tomcat initialized with port 8084 (http)
2026-03-07 22:06:00 INFO  [] [main] o.a.coyote.http11.Http11NioProtocol : Initializing ProtocolHandler ["http-nio-8084"]
2026-03-07 22:06:00 INFO  [] [main] o.a.catalina.core.StandardService : Starting service [Tomcat]
2026-03-07 22:06:00 INFO  [] [main] o.a.catalina.core.StandardEngine : Starting Servlet engine: [Apache Tomcat/10.1.52]
2026-03-07 22:06:00 INFO  [] [main] o.a.c.c.C.[Tomcat].[localhost].[/] : Initializing Spring embedded WebApplicationContext
2026-03-07 22:06:00 INFO  [] [main] o.s.b.w.s.c.ServletWebServerApplicationContext : Root WebApplicationContext: initialization completed in 2111 ms
2026-03-07 22:06:00 INFO  [] [main] o.h.jpa.internal.util.LogHelper : HHH000204: Processing PersistenceUnitInfo [name: default]
2026-03-07 22:06:00 INFO  [] [main] org.hibernate.Version : HHH000412: Hibernate ORM core version 6.6.42.Final
2026-03-07 22:06:00 INFO  [] [main] o.h.c.i.RegionFactoryInitiator : HHH000026: Second-level cache disabled
2026-03-07 22:06:01 INFO  [] [main] o.s.o.j.p.SpringPersistenceUnitInfo : No LoadTimeWeaver setup: ignoring JPA class transformer
2026-03-07 22:06:01 INFO  [] [main] com.zaxxer.hikari.HikariDataSource : HikariPool-1 - Starting...
2026-03-07 22:06:01 INFO  [] [main] com.zaxxer.hikari.pool.HikariPool : HikariPool-1 - Added connection org.mariadb.jdbc.Connection@14b4ce6f
2026-03-07 22:06:01 INFO  [] [main] com.zaxxer.hikari.HikariDataSource : HikariPool-1 - Start completed.
2026-03-07 22:06:01 INFO  [] [main] o.hibernate.orm.connections.pooling : HHH10001005: Database info:
	Database JDBC URL [Connecting through datasource 'HikariDataSource (HikariPool-1)']
	Database driver: undefined/unknown
	Database version: 11.8.3
	Autocommit mode: undefined/unknown
	Isolation level: undefined/unknown
	Minimum pool size: undefined/unknown
	Maximum pool size: undefined/unknown
2026-03-07 22:06:02 INFO  [] [main] o.h.e.t.j.p.i.JtaPlatformInitiator : HHH000489: No JTA platform available (set 'hibernate.transaction.jta.platform' to enable JTA platform integration)
2026-03-07 22:06:02 INFO  [] [main] o.s.o.j.LocalContainerEntityManagerFactoryBean : Initialized JPA EntityManagerFactory for persistence unit 'default'
2026-03-07 22:06:03 INFO  [] [main] o.s.d.j.r.query.QueryEnhancerFactory : Hibernate is in classpath; If applicable, HQL parser will be used.
2026-03-07 22:06:03 WARN  [] [main] o.s.b.a.o.j.JpaBaseConfiguration$JpaWebConfiguration : spring.jpa.open-in-view is enabled by default. Therefore, database queries may be performed during view rendering. Explicitly configure spring.jpa.open-in-view to disable this warning
2026-03-07 22:06:03 INFO  [] [main] o.s.v.b.OptionalValidatorFactoryBean : Failed to set up a Bean Validation provider: jakarta.validation.NoProviderFoundException: Unable to create a Configuration, because no Jakarta Bean Validation provider could be found. Add a provider like Hibernate Validator (RI) to your classpath.
2026-03-07 22:06:03 INFO  [] [main] n.d.b.g.s.a.GrpcServerFactoryAutoConfiguration : Detected grpc-netty-shaded: Creating ShadedNettyGrpcServerFactory
2026-03-07 22:06:03 INFO  [] [main] n.d.b.g.c.a.GrpcClientAutoConfiguration : Detected grpc-netty-shaded: Creating ShadedNettyChannelFactory + InProcessChannelFactory
2026-03-07 22:06:04 INFO  [] [main] o.s.b.a.e.web.EndpointLinksResolver : Exposing 3 endpoints beneath base path '/api/v1/insight/actuator'
2026-03-07 22:06:04 INFO  [] [main] o.a.coyote.http11.Http11NioProtocol : Starting ProtocolHandler ["http-nio-8084"]
2026-03-07 22:06:04 INFO  [] [main] o.s.b.w.e.tomcat.TomcatWebServer : Tomcat started on port 8084 (http) with context path '/'
2026-03-07 22:06:04 INFO  [] [main] n.d.b.g.s.s.AbstractGrpcServerFactory : Registered gRPC service: actionlog.ActionLogService, bean: actionLogServiceImpl, class: com.planit.analytics.grpc.ActionLogServiceImpl
2026-03-07 22:06:04 INFO  [] [main] n.d.b.g.s.s.AbstractGrpcServerFactory : Registered gRPC service: BaseTestGrpcService, bean: baseGrpcController, class: com.planit.basetemplate.grpc.BaseGrpcController
2026-03-07 22:06:04 INFO  [] [main] n.d.b.g.s.s.AbstractGrpcServerFactory : Registered gRPC service: grpc.health.v1.Health, bean: grpcHealthService, class: io.grpc.protobuf.services.HealthServiceImpl
2026-03-07 22:06:04 INFO  [] [main] n.d.b.g.s.s.AbstractGrpcServerFactory : Registered gRPC service: grpc.reflection.v1alpha.ServerReflection, bean: protoReflectionService, class: io.grpc.protobuf.services.ProtoReflectionService
2026-03-07 22:06:04 INFO  [] [main] n.d.b.g.s.s.GrpcServerLifecycle : gRPC Server started, listening on address: *, port: 9090
2026-03-07 22:06:04 INFO  [] [main] com.planit.PlanitApplication : Started PlanitApplication in 6.516 seconds (process running for 6.94)
2026-03-07 22:12:31 INFO  [] [http-nio-8084-exec-1] o.a.c.c.C.[Tomcat].[localhost].[/] : Initializing Spring DispatcherServlet 'dispatcherServlet'
2026-03-07 22:12:31 INFO  [] [http-nio-8084-exec-1] o.s.web.servlet.DispatcherServlet : Initializing Servlet 'dispatcherServlet'
2026-03-07 22:12:31 INFO  [] [http-nio-8084-exec-1] o.s.web.servlet.DispatcherServlet : Completed initialization in 3 ms
2026-03-07 22:12:34 INFO  [69ac2441cabcf2e9b19e492ab2a91bc1] [http-nio-8084-exec-9] o.s.api.AbstractOpenApiResource : Init duration for springdoc-openapi is: 846 ms
2026-03-07 22:13:12 INFO  [69ac2468f54c1238c4bb30b142698c9f] [http-nio-8084-exec-10] c.p.a.controller.FeedbackController : GET /api/v1/feedbacks/daily-cheer - userId: test-user-001
2026-03-07 22:13:12 INFO  [69ac2468f54c1238c4bb30b142698c9f] [http-nio-8084-exec-10] c.p.a.service.FeedbackService : Getting daily cheer for user: test-user-001
2026-03-07 22:13:13 INFO  [69ac2468f54c1238c4bb30b142698c9f] [http-nio-8084-exec-10] c.p.a.service.FeedbackService : Daily cheer generated for user: test-user-001
2026-03-07 22:13:25 INFO  [69ac24753c28c130761599b220d86b72] [http-nio-8084-exec-1] c.p.a.controller.FeedbackController : GET /api/v1/feedbacks/dashboard - userId: test-user-001, yearMonth: 2026-02, week: 9
2026-03-07 22:13:25 INFO  [69ac24753c28c130761599b220d86b72] [http-nio-8084-exec-1] c.p.a.service.FeedbackService : Getting dashboard for user: test-user-001, yearMonth: 2026-02, week: 9
2026-03-07 22:13:26 ERROR [69ac24753c28c130761599b220d86b72] [http-nio-8084-exec-1] c.p.a.repository.DynamoDBRepository : Failed to get report from DynamoDB
software.amazon.awssdk.services.dynamodb.model.ResourceNotFoundException: Requested resource not found (Service: DynamoDb, Status Code: 400, Request ID: GOK9QGOLUTD54HO9UVSS61CN9VVV4KQNSO5AEMVJF66Q9ASUAAJG)
	at software.amazon.awssdk.core.internal.http.CombinedResponseHandler.handleErrorResponse(CombinedResponseHandler.java:125)
	at software.amazon.awssdk.core.internal.http.CombinedResponseHandler.handleResponse(CombinedResponseHandler.java:82)
	at software.amazon.awssdk.core.internal.http.CombinedResponseHandler.handle(CombinedResponseHandler.java:60)
	at software.amazon.awssdk.core.internal.http.CombinedResponseHandler.handle(CombinedResponseHandler.java:41)
	at software.amazon.awssdk.core.internal.http.pipeline.stages.HandleResponseStage.execute(HandleResponseStage.java:40)
	at software.amazon.awssdk.core.internal.http.pipeline.stages.HandleResponseStage.execute(HandleResponseStage.java:30)
	at software.amazon.awssdk.core.internal.http.pipeline.RequestPipelineBuilder$ComposingRequestPipelineStage.execute(RequestPipelineBuilder.java:206)
	at software.amazon.awssdk.core.internal.http.pipeline.stages.ApiCallAttemptTimeoutTrackingStage.execute(ApiCallAttemptTimeoutTrackingStage.java:73)
	at software.amazon.awssdk.core.internal.http.pipeline.stages.ApiCallAttemptTimeoutTrackingStage.execute(ApiCallAttemptTimeoutTrackingStage.java:42)
	at software.amazon.awssdk.core.internal.http.pipeline.stages.TimeoutExceptionHandlingStage.execute(TimeoutExceptionHandlingStage.java:78)
	at software.amazon.awssdk.core.internal.http.pipeline.stages.TimeoutExceptionHandlingStage.execute(TimeoutExceptionHandlingStage.java:40)
	at software.amazon.awssdk.core.internal.http.pipeline.stages.ApiCallAttemptMetricCollectionStage.execute(ApiCallAttemptMetricCollectionStage.java:50)
	at software.amazon.awssdk.core.internal.http.pipeline.stages.ApiCallAttemptMetricCollectionStage.execute(ApiCallAttemptMetricCollectionStage.java:36)
	at software.amazon.awssdk.core.internal.http.pipeline.stages.RetryableStage.execute(RetryableStage.java:81)
	at software.amazon.awssdk.core.internal.http.pipeline.stages.RetryableStage.execute(RetryableStage.java:36)
	at software.amazon.awssdk.core.internal.http.pipeline.RequestPipelineBuilder$ComposingRequestPipelineStage.execute(RequestPipelineBuilder.java:206)
	at software.amazon.awssdk.core.internal.http.StreamManagingStage.execute(StreamManagingStage.java:56)
	at software.amazon.awssdk.core.internal.http.StreamManagingStage.execute(StreamManagingStage.java:36)
	at software.amazon.awssdk.core.internal.http.pipeline.stages.ApiCallTimeoutTrackingStage.executeWithTimer(ApiCallTimeoutTrackingStage.java:80)
	at software.amazon.awssdk.core.internal.http.pipeline.stages.ApiCallTimeoutTrackingStage.execute(ApiCallTimeoutTrackingStage.java:60)
	at software.amazon.awssdk.core.internal.http.pipeline.stages.ApiCallTimeoutTrackingStage.execute(ApiCallTimeoutTrackingStage.java:42)
	at software.amazon.awssdk.core.internal.http.pipeline.stages.ApiCallMetricCollectionStage.execute(ApiCallMetricCollectionStage.java:48)
	at software.amazon.awssdk.core.internal.http.pipeline.stages.ApiCallMetricCollectionStage.execute(ApiCallMetricCollectionStage.java:31)
	at software.amazon.awssdk.core.internal.http.pipeline.RequestPipelineBuilder$ComposingRequestPipelineStage.execute(RequestPipelineBuilder.java:206)
	at software.amazon.awssdk.core.internal.http.pipeline.RequestPipelineBuilder$ComposingRequestPipelineStage.execute(RequestPipelineBuilder.java:206)
	at software.amazon.awssdk.core.internal.http.pipeline.stages.ExecutionFailureExceptionReportingStage.execute(ExecutionFailureExceptionReportingStage.java:37)
	at software.amazon.awssdk.core.internal.http.pipeline.stages.ExecutionFailureExceptionReportingStage.execute(ExecutionFailureExceptionReportingStage.java:26)
	at software.amazon.awssdk.core.internal.http.AmazonSyncHttpClient$RequestExecutionBuilderImpl.execute(AmazonSyncHttpClient.java:193)
	at software.amazon.awssdk.core.internal.handler.BaseSyncClientHandler.invoke(BaseSyncClientHandler.java:103)
	at software.amazon.awssdk.core.internal.handler.BaseSyncClientHandler.doExecute(BaseSyncClientHandler.java:171)
	at software.amazon.awssdk.core.internal.handler.BaseSyncClientHandler.lambda$execute$1(BaseSyncClientHandler.java:82)
	at software.amazon.awssdk.core.internal.handler.BaseSyncClientHandler.measureApiCallSuccess(BaseSyncClientHandler.java:179)
	at software.amazon.awssdk.core.internal.handler.BaseSyncClientHandler.execute(BaseSyncClientHandler.java:76)
	at software.amazon.awssdk.core.client.handler.SdkSyncClientHandler.execute(SdkSyncClientHandler.java:45)
	at software.amazon.awssdk.awscore.client.handler.AwsSyncClientHandler.execute(AwsSyncClientHandler.java:56)
	at software.amazon.awssdk.services.dynamodb.DefaultDynamoDbClient.getItem(DefaultDynamoDbClient.java:3242)
	at com.planit.analytics.repository.DynamoDBRepository.getReport(DynamoDBRepository.java:87)
	at java.base/jdk.internal.reflect.NativeMethodAccessorImpl.invoke0(Native Method)
	at java.base/jdk.internal.reflect.NativeMethodAccessorImpl.invoke(NativeMethodAccessorImpl.java:77)
	at java.base/jdk.internal.reflect.DelegatingMethodAccessorImpl.invoke(DelegatingMethodAccessorImpl.java:43)
	at java.base/java.lang.reflect.Method.invoke(Method.java:569)
	at org.springframework.aop.support.AopUtils.invokeJoinpointUsingReflection(AopUtils.java:360)
	at org.springframework.aop.framework.ReflectiveMethodInvocation.invokeJoinpoint(ReflectiveMethodInvocation.java:196)
	at org.springframework.aop.framework.ReflectiveMethodInvocation.proceed(ReflectiveMethodInvocation.java:163)
	at org.springframework.dao.support.PersistenceExceptionTranslationInterceptor.invoke(PersistenceExceptionTranslationInterceptor.java:138)
	at org.springframework.aop.framework.ReflectiveMethodInvocation.proceed(ReflectiveMethodInvocation.java:184)
	at org.springframework.aop.framework.CglibAopProxy$DynamicAdvisedInterceptor.intercept(CglibAopProxy.java:728)
	at com.planit.analytics.repository.DynamoDBRepository$$SpringCGLIB$$0.getReport(<generated>)
	at com.planit.analytics.service.FeedbackService.getDashboard(FeedbackService.java:128)
	at com.planit.analytics.controller.FeedbackController.getDashboard(FeedbackController.java:115)
	at java.base/jdk.internal.reflect.NativeMethodAccessorImpl.invoke0(Native Method)
	at java.base/jdk.internal.reflect.NativeMethodAccessorImpl.invoke(NativeMethodAccessorImpl.java:77)
	at java.base/jdk.internal.reflect.DelegatingMethodAccessorImpl.invoke(DelegatingMethodAccessorImpl.java:43)
	at java.base/java.lang.reflect.Method.invoke(Method.java:569)
	at org.springframework.web.method.support.InvocableHandlerMethod.doInvoke(InvocableHandlerMethod.java:258)
	at org.springframework.web.method.support.InvocableHandlerMethod.invokeForRequest(InvocableHandlerMethod.java:191)
	at org.springframework.web.servlet.mvc.method.annotation.ServletInvocableHandlerMethod.invokeAndHandle(ServletInvocableHandlerMethod.java:118)
	at org.springframework.web.servlet.mvc.method.annotation.RequestMappingHandlerAdapter.invokeHandlerMethod(RequestMappingHandlerAdapter.java:991)
	at org.springframework.web.servlet.mvc.method.annotation.RequestMappingHandlerAdapter.handleInternal(RequestMappingHandlerAdapter.java:896)
	at org.springframework.web.servlet.mvc.method.AbstractHandlerMethodAdapter.handle(AbstractHandlerMethodAdapter.java:87)
	at org.springframework.web.servlet.DispatcherServlet.doDispatch(DispatcherServlet.java:1089)
	at org.springframework.web.servlet.DispatcherServlet.doService(DispatcherServlet.java:979)
	at org.springframework.web.servlet.FrameworkServlet.processRequest(FrameworkServlet.java:1014)
	at org.springframework.web.servlet.FrameworkServlet.doGet(FrameworkServlet.java:903)
	at jakarta.servlet.http.HttpServlet.service(HttpServlet.java:564)
	at org.springframework.web.servlet.FrameworkServlet.service(FrameworkServlet.java:885)
	at jakarta.servlet.http.HttpServlet.service(HttpServlet.java:658)
	at org.apache.catalina.core.ApplicationFilterChain.internalDoFilter(ApplicationFilterChain.java:193)
	at org.apache.catalina.core.ApplicationFilterChain.doFilter(ApplicationFilterChain.java:138)
	at org.apache.tomcat.websocket.server.WsFilter.doFilter(WsFilter.java:51)
	at org.apache.catalina.core.ApplicationFilterChain.internalDoFilter(ApplicationFilterChain.java:162)
	at org.apache.catalina.core.ApplicationFilterChain.doFilter(ApplicationFilterChain.java:138)
	at org.springframework.web.filter.RequestContextFilter.doFilterInternal(RequestContextFilter.java:100)
	at org.springframework.web.filter.OncePerRequestFilter.doFilter(OncePerRequestFilter.java:116)
	at org.apache.catalina.core.ApplicationFilterChain.internalDoFilter(ApplicationFilterChain.java:162)
	at org.apache.catalina.core.ApplicationFilterChain.doFilter(ApplicationFilterChain.java:138)
	at org.springframework.web.filter.FormContentFilter.doFilterInternal(FormContentFilter.java:93)
	at org.springframework.web.filter.OncePerRequestFilter.doFilter(OncePerRequestFilter.java:116)
	at org.apache.catalina.core.ApplicationFilterChain.internalDoFilter(ApplicationFilterChain.java:162)
	at org.apache.catalina.core.ApplicationFilterChain.doFilter(ApplicationFilterChain.java:138)
	at org.springframework.web.filter.ServerHttpObservationFilter.doFilterInternal(ServerHttpObservationFilter.java:110)
	at org.springframework.web.filter.OncePerRequestFilter.doFilter(OncePerRequestFilter.java:116)
	at org.apache.catalina.core.ApplicationFilterChain.internalDoFilter(ApplicationFilterChain.java:162)
	at org.apache.catalina.core.ApplicationFilterChain.doFilter(ApplicationFilterChain.java:138)
	at org.springframework.web.filter.CharacterEncodingFilter.doFilterInternal(CharacterEncodingFilter.java:201)
	at org.springframework.web.filter.OncePerRequestFilter.doFilter(OncePerRequestFilter.java:116)
	at org.apache.catalina.core.ApplicationFilterChain.internalDoFilter(ApplicationFilterChain.java:162)
	at org.apache.catalina.core.ApplicationFilterChain.doFilter(ApplicationFilterChain.java:138)
	at org.apache.catalina.core.StandardWrapperValve.invoke(StandardWrapperValve.java:165)
	at org.apache.catalina.core.StandardContextValve.invoke(StandardContextValve.java:88)
	at org.apache.catalina.authenticator.AuthenticatorBase.invoke(AuthenticatorBase.java:492)
	at org.apache.catalina.core.StandardHostValve.invoke(StandardHostValve.java:113)
	at org.apache.catalina.valves.ErrorReportValve.invoke(ErrorReportValve.java:83)
	at org.apache.catalina.core.StandardEngineValve.invoke(StandardEngineValve.java:72)
	at org.apache.catalina.connector.CoyoteAdapter.service(CoyoteAdapter.java:342)
	at org.apache.coyote.http11.Http11Processor.service(Http11Processor.java:399)
	at org.apache.coyote.AbstractProcessorLight.process(AbstractProcessorLight.java:63)
	at org.apache.coyote.AbstractProtocol$ConnectionHandler.process(AbstractProtocol.java:903)
	at org.apache.tomcat.util.net.NioEndpoint$SocketProcessor.doRun(NioEndpoint.java:1775)
	at org.apache.tomcat.util.net.SocketProcessorBase.run(SocketProcessorBase.java:52)
	at org.apache.tomcat.util.threads.ThreadPoolExecutor.runWorker(ThreadPoolExecutor.java:973)
	at org.apache.tomcat.util.threads.ThreadPoolExecutor$Worker.run(ThreadPoolExecutor.java:491)
	at org.apache.tomcat.util.threads.TaskThread$WrappingRunnable.run(TaskThread.java:63)
	at java.base/java.lang.Thread.run(Thread.java:840)
2026-03-07 22:13:26 ERROR [69ac24753c28c130761599b220d86b72] [http-nio-8084-exec-1] c.p.global.GlobalExceptionHandler : Custom exception: code=IS5001, message=통계 분석 중 오류가 발생했습니다.
2026-03-07 22:15:00 INFO  [69ac24d4b70a5ec5a7564490814aeddf] [http-nio-8084-exec-6] c.p.a.controller.FeedbackController : GET /api/v1/feedbacks/dashboard - userId: test-user-001, yearMonth: 2026-02, week: 9
2026-03-07 22:15:00 INFO  [69ac24d4b70a5ec5a7564490814aeddf] [http-nio-8084-exec-6] c.p.a.service.FeedbackService : Getting dashboard for user: test-user-001, yearMonth: 2026-02, week: 9
2026-03-07 22:15:01 ERROR [69ac24d4b70a5ec5a7564490814aeddf] [http-nio-8084-exec-6] c.p.a.repository.DynamoDBRepository : Failed to get report from DynamoDB
software.amazon.awssdk.services.dynamodb.model.ResourceNotFoundException: Requested resource not found (Service: DynamoDb, Status Code: 400, Request ID: 4J6MBKQB8S4AG9SO56VJT1AGA3VV4KQNSO5AEMVJF66Q9ASUAAJG)
	at software.amazon.awssdk.core.internal.http.CombinedResponseHandler.handleErrorResponse(CombinedResponseHandler.java:125)
	at software.amazon.awssdk.core.internal.http.CombinedResponseHandler.handleResponse(CombinedResponseHandler.java:82)
	at software.amazon.awssdk.core.internal.http.CombinedResponseHandler.handle(CombinedResponseHandler.java:60)
	at software.amazon.awssdk.core.internal.http.CombinedResponseHandler.handle(CombinedResponseHandler.java:41)
	at software.amazon.awssdk.core.internal.http.pipeline.stages.HandleResponseStage.execute(HandleResponseStage.java:40)
	at software.amazon.awssdk.core.internal.http.pipeline.stages.HandleResponseStage.execute(HandleResponseStage.java:30)
	at software.amazon.awssdk.core.internal.http.pipeline.RequestPipelineBuilder$ComposingRequestPipelineStage.execute(RequestPipelineBuilder.java:206)
	at software.amazon.awssdk.core.internal.http.pipeline.stages.ApiCallAttemptTimeoutTrackingStage.execute(ApiCallAttemptTimeoutTrackingStage.java:73)
	at software.amazon.awssdk.core.internal.http.pipeline.stages.ApiCallAttemptTimeoutTrackingStage.execute(ApiCallAttemptTimeoutTrackingStage.java:42)
	at software.amazon.awssdk.core.internal.http.pipeline.stages.TimeoutExceptionHandlingStage.execute(TimeoutExceptionHandlingStage.java:78)
	at software.amazon.awssdk.core.internal.http.pipeline.stages.TimeoutExceptionHandlingStage.execute(TimeoutExceptionHandlingStage.java:40)
	at software.amazon.awssdk.core.internal.http.pipeline.stages.ApiCallAttemptMetricCollectionStage.execute(ApiCallAttemptMetricCollectionStage.java:50)
	at software.amazon.awssdk.core.internal.http.pipeline.stages.ApiCallAttemptMetricCollectionStage.execute(ApiCallAttemptMetricCollectionStage.java:36)
	at software.amazon.awssdk.core.internal.http.pipeline.stages.RetryableStage.execute(RetryableStage.java:81)
	at software.amazon.awssdk.core.internal.http.pipeline.stages.RetryableStage.execute(RetryableStage.java:36)
	at software.amazon.awssdk.core.internal.http.pipeline.RequestPipelineBuilder$ComposingRequestPipelineStage.execute(RequestPipelineBuilder.java:206)
	at software.amazon.awssdk.core.internal.http.StreamManagingStage.execute(StreamManagingStage.java:56)
	at software.amazon.awssdk.core.internal.http.StreamManagingStage.execute(StreamManagingStage.java:36)
	at software.amazon.awssdk.core.internal.http.pipeline.stages.ApiCallTimeoutTrackingStage.executeWithTimer(ApiCallTimeoutTrackingStage.java:80)
	at software.amazon.awssdk.core.internal.http.pipeline.stages.ApiCallTimeoutTrackingStage.execute(ApiCallTimeoutTrackingStage.java:60)
	at software.amazon.awssdk.core.internal.http.pipeline.stages.ApiCallTimeoutTrackingStage.execute(ApiCallTimeoutTrackingStage.java:42)
	at software.amazon.awssdk.core.internal.http.pipeline.stages.ApiCallMetricCollectionStage.execute(ApiCallMetricCollectionStage.java:48)
	at software.amazon.awssdk.core.internal.http.pipeline.stages.ApiCallMetricCollectionStage.execute(ApiCallMetricCollectionStage.java:31)
	at software.amazon.awssdk.core.internal.http.pipeline.RequestPipelineBuilder$ComposingRequestPipelineStage.execute(RequestPipelineBuilder.java:206)
	at software.amazon.awssdk.core.internal.http.pipeline.RequestPipelineBuilder$ComposingRequestPipelineStage.execute(RequestPipelineBuilder.java:206)
	at software.amazon.awssdk.core.internal.http.pipeline.stages.ExecutionFailureExceptionReportingStage.execute(ExecutionFailureExceptionReportingStage.java:37)
	at software.amazon.awssdk.core.internal.http.pipeline.stages.ExecutionFailureExceptionReportingStage.execute(ExecutionFailureExceptionReportingStage.java:26)
	at software.amazon.awssdk.core.internal.http.AmazonSyncHttpClient$RequestExecutionBuilderImpl.execute(AmazonSyncHttpClient.java:193)
	at software.amazon.awssdk.core.internal.handler.BaseSyncClientHandler.invoke(BaseSyncClientHandler.java:103)
	at software.amazon.awssdk.core.internal.handler.BaseSyncClientHandler.doExecute(BaseSyncClientHandler.java:171)
	at software.amazon.awssdk.core.internal.handler.BaseSyncClientHandler.lambda$execute$1(BaseSyncClientHandler.java:82)
	at software.amazon.awssdk.core.internal.handler.BaseSyncClientHandler.measureApiCallSuccess(BaseSyncClientHandler.java:179)
	at software.amazon.awssdk.core.internal.handler.BaseSyncClientHandler.execute(BaseSyncClientHandler.java:76)
	at software.amazon.awssdk.core.client.handler.SdkSyncClientHandler.execute(SdkSyncClientHandler.java:45)
	at software.amazon.awssdk.awscore.client.handler.AwsSyncClientHandler.execute(AwsSyncClientHandler.java:56)
	at software.amazon.awssdk.services.dynamodb.DefaultDynamoDbClient.getItem(DefaultDynamoDbClient.java:3242)
	at com.planit.analytics.repository.DynamoDBRepository.getReport(DynamoDBRepository.java:87)
	at java.base/jdk.internal.reflect.NativeMethodAccessorImpl.invoke0(Native Method)
	at java.base/jdk.internal.reflect.NativeMethodAccessorImpl.invoke(NativeMethodAccessorImpl.java:77)
	at java.base/jdk.internal.reflect.DelegatingMethodAccessorImpl.invoke(DelegatingMethodAccessorImpl.java:43)
	at java.base/java.lang.reflect.Method.invoke(Method.java:569)
	at org.springframework.aop.support.AopUtils.invokeJoinpointUsingReflection(AopUtils.java:360)
	at org.springframework.aop.framework.ReflectiveMethodInvocation.invokeJoinpoint(ReflectiveMethodInvocation.java:196)
	at org.springframework.aop.framework.ReflectiveMethodInvocation.proceed(ReflectiveMethodInvocation.java:163)
	at org.springframework.dao.support.PersistenceExceptionTranslationInterceptor.invoke(PersistenceExceptionTranslationInterceptor.java:138)
	at org.springframework.aop.framework.ReflectiveMethodInvocation.proceed(ReflectiveMethodInvocation.java:184)
	at org.springframework.aop.framework.CglibAopProxy$DynamicAdvisedInterceptor.intercept(CglibAopProxy.java:728)
	at com.planit.analytics.repository.DynamoDBRepository$$SpringCGLIB$$0.getReport(<generated>)
	at com.planit.analytics.service.FeedbackService.getDashboard(FeedbackService.java:128)
	at com.planit.analytics.controller.FeedbackController.getDashboard(FeedbackController.java:115)
	at java.base/jdk.internal.reflect.NativeMethodAccessorImpl.invoke0(Native Method)
	at java.base/jdk.internal.reflect.NativeMethodAccessorImpl.invoke(NativeMethodAccessorImpl.java:77)
	at java.base/jdk.internal.reflect.DelegatingMethodAccessorImpl.invoke(DelegatingMethodAccessorImpl.java:43)
	at java.base/java.lang.reflect.Method.invoke(Method.java:569)
	at org.springframework.web.method.support.InvocableHandlerMethod.doInvoke(InvocableHandlerMethod.java:258)
	at org.springframework.web.method.support.InvocableHandlerMethod.invokeForRequest(InvocableHandlerMethod.java:191)
	at org.springframework.web.servlet.mvc.method.annotation.ServletInvocableHandlerMethod.invokeAndHandle(ServletInvocableHandlerMethod.java:118)
	at org.springframework.web.servlet.mvc.method.annotation.RequestMappingHandlerAdapter.invokeHandlerMethod(RequestMappingHandlerAdapter.java:991)
	at org.springframework.web.servlet.mvc.method.annotation.RequestMappingHandlerAdapter.handleInternal(RequestMappingHandlerAdapter.java:896)
	at org.springframework.web.servlet.mvc.method.AbstractHandlerMethodAdapter.handle(AbstractHandlerMethodAdapter.java:87)
	at org.springframework.web.servlet.DispatcherServlet.doDispatch(DispatcherServlet.java:1089)
	at org.springframework.web.servlet.DispatcherServlet.doService(DispatcherServlet.java:979)
	at org.springframework.web.servlet.FrameworkServlet.processRequest(FrameworkServlet.java:1014)
	at org.springframework.web.servlet.FrameworkServlet.doGet(FrameworkServlet.java:903)
	at jakarta.servlet.http.HttpServlet.service(HttpServlet.java:564)
	at org.springframework.web.servlet.FrameworkServlet.service(FrameworkServlet.java:885)
	at jakarta.servlet.http.HttpServlet.service(HttpServlet.java:658)
	at org.apache.catalina.core.ApplicationFilterChain.internalDoFilter(ApplicationFilterChain.java:193)
	at org.apache.catalina.core.ApplicationFilterChain.doFilter(ApplicationFilterChain.java:138)
	at org.apache.tomcat.websocket.server.WsFilter.doFilter(WsFilter.java:51)
	at org.apache.catalina.core.ApplicationFilterChain.internalDoFilter(ApplicationFilterChain.java:162)
	at org.apache.catalina.core.ApplicationFilterChain.doFilter(ApplicationFilterChain.java:138)
	at org.springframework.web.filter.RequestContextFilter.doFilterInternal(RequestContextFilter.java:100)
	at org.springframework.web.filter.OncePerRequestFilter.doFilter(OncePerRequestFilter.java:116)
	at org.apache.catalina.core.ApplicationFilterChain.internalDoFilter(ApplicationFilterChain.java:162)
	at org.apache.catalina.core.ApplicationFilterChain.doFilter(ApplicationFilterChain.java:138)
	at org.springframework.web.filter.FormContentFilter.doFilterInternal(FormContentFilter.java:93)
	at org.springframework.web.filter.OncePerRequestFilter.doFilter(OncePerRequestFilter.java:116)
	at org.apache.catalina.core.ApplicationFilterChain.internalDoFilter(ApplicationFilterChain.java:162)
	at org.apache.catalina.core.ApplicationFilterChain.doFilter(ApplicationFilterChain.java:138)
	at org.springframework.web.filter.ServerHttpObservationFilter.doFilterInternal(ServerHttpObservationFilter.java:110)
	at org.springframework.web.filter.OncePerRequestFilter.doFilter(OncePerRequestFilter.java:116)
	at org.apache.catalina.core.ApplicationFilterChain.internalDoFilter(ApplicationFilterChain.java:162)
	at org.apache.catalina.core.ApplicationFilterChain.doFilter(ApplicationFilterChain.java:138)
	at org.springframework.web.filter.CharacterEncodingFilter.doFilterInternal(CharacterEncodingFilter.java:201)
	at org.springframework.web.filter.OncePerRequestFilter.doFilter(OncePerRequestFilter.java:116)
	at org.apache.catalina.core.ApplicationFilterChain.internalDoFilter(ApplicationFilterChain.java:162)
	at org.apache.catalina.core.ApplicationFilterChain.doFilter(ApplicationFilterChain.java:138)
	at org.apache.catalina.core.StandardWrapperValve.invoke(StandardWrapperValve.java:165)
	at org.apache.catalina.core.StandardContextValve.invoke(StandardContextValve.java:88)
	at org.apache.catalina.authenticator.AuthenticatorBase.invoke(AuthenticatorBase.java:492)
	at org.apache.catalina.core.StandardHostValve.invoke(StandardHostValve.java:113)
	at org.apache.catalina.valves.ErrorReportValve.invoke(ErrorReportValve.java:83)
	at org.apache.catalina.core.StandardEngineValve.invoke(StandardEngineValve.java:72)
	at org.apache.catalina.connector.CoyoteAdapter.service(CoyoteAdapter.java:342)
	at org.apache.coyote.http11.Http11Processor.service(Http11Processor.java:399)
	at org.apache.coyote.AbstractProcessorLight.process(AbstractProcessorLight.java:63)
	at org.apache.coyote.AbstractProtocol$ConnectionHandler.process(AbstractProtocol.java:903)
	at org.apache.tomcat.util.net.NioEndpoint$SocketProcessor.doRun(NioEndpoint.java:1775)
	at org.apache.tomcat.util.net.SocketProcessorBase.run(SocketProcessorBase.java:52)
	at org.apache.tomcat.util.threads.ThreadPoolExecutor.runWorker(ThreadPoolExecutor.java:973)
	at org.apache.tomcat.util.threads.ThreadPoolExecutor$Worker.run(ThreadPoolExecutor.java:491)
	at org.apache.tomcat.util.threads.TaskThread$WrappingRunnable.run(TaskThread.java:63)
	at java.base/java.lang.Thread.run(Thread.java:840)
2026-03-07 22:15:01 ERROR [69ac24d4b70a5ec5a7564490814aeddf] [http-nio-8084-exec-6] c.p.global.GlobalExceptionHandler : Custom exception: code=IS5001, message=통계 분석 중 오류가 발생했습니다.
2026-03-07 22:24:10 INFO  [] [main] com.planit.PlanitApplication : Starting PlanitApplication using Java 17.0.17 with PID 19616 (C:\workspace\PlanIt\PlanIt-Insight-svc\build\classes\java\main started by DS11 in C:\workspace\PlanIt\PlanIt-Insight-svc)
2026-03-07 22:24:10 INFO  [] [main] com.planit.PlanitApplication : No active profile set, falling back to 1 default profile: "default"
2026-03-07 22:24:11 INFO  [] [main] o.s.d.r.c.RepositoryConfigurationDelegate : Bootstrapping Spring Data JPA repositories in DEFAULT mode.
2026-03-07 22:24:11 INFO  [] [main] o.s.d.r.c.RepositoryConfigurationDelegate : Finished Spring Data repository scanning in 146 ms. Found 3 JPA repository interfaces.
2026-03-07 22:24:12 INFO  [] [main] o.s.b.w.e.tomcat.TomcatWebServer : Tomcat initialized with port 8084 (http)
2026-03-07 22:24:12 INFO  [] [main] o.a.coyote.http11.Http11NioProtocol : Initializing ProtocolHandler ["http-nio-8084"]
2026-03-07 22:24:12 INFO  [] [main] o.a.catalina.core.StandardService : Starting service [Tomcat]
2026-03-07 22:24:12 INFO  [] [main] o.a.catalina.core.StandardEngine : Starting Servlet engine: [Apache Tomcat/10.1.52]
2026-03-07 22:24:12 INFO  [] [main] o.a.c.c.C.[Tomcat].[localhost].[/] : Initializing Spring embedded WebApplicationContext
2026-03-07 22:24:12 INFO  [] [main] o.s.b.w.s.c.ServletWebServerApplicationContext : Root WebApplicationContext: initialization completed in 1804 ms
2026-03-07 22:24:12 INFO  [] [main] o.h.jpa.internal.util.LogHelper : HHH000204: Processing PersistenceUnitInfo [name: default]
2026-03-07 22:24:12 INFO  [] [main] org.hibernate.Version : HHH000412: Hibernate ORM core version 6.6.42.Final
2026-03-07 22:24:12 INFO  [] [main] o.h.c.i.RegionFactoryInitiator : HHH000026: Second-level cache disabled
2026-03-07 22:24:12 INFO  [] [main] o.s.o.j.p.SpringPersistenceUnitInfo : No LoadTimeWeaver setup: ignoring JPA class transformer
2026-03-07 22:24:12 INFO  [] [main] com.zaxxer.hikari.HikariDataSource : HikariPool-1 - Starting...
2026-03-07 22:24:12 INFO  [] [main] com.zaxxer.hikari.pool.HikariPool : HikariPool-1 - Added connection org.mariadb.jdbc.Connection@716eae1
2026-03-07 22:24:12 INFO  [] [main] com.zaxxer.hikari.HikariDataSource : HikariPool-1 - Start completed.
2026-03-07 22:24:12 INFO  [] [main] o.hibernate.orm.connections.pooling : HHH10001005: Database info:
	Database JDBC URL [Connecting through datasource 'HikariDataSource (HikariPool-1)']
	Database driver: undefined/unknown
	Database version: 11.8.3
	Autocommit mode: undefined/unknown
	Isolation level: undefined/unknown
	Minimum pool size: undefined/unknown
	Maximum pool size: undefined/unknown
2026-03-07 22:24:13 INFO  [] [main] o.h.e.t.j.p.i.JtaPlatformInitiator : HHH000489: No JTA platform available (set 'hibernate.transaction.jta.platform' to enable JTA platform integration)
2026-03-07 22:24:13 INFO  [] [main] o.s.o.j.LocalContainerEntityManagerFactoryBean : Initialized JPA EntityManagerFactory for persistence unit 'default'
2026-03-07 22:24:14 INFO  [] [main] o.s.d.j.r.query.QueryEnhancerFactory : Hibernate is in classpath; If applicable, HQL parser will be used.
2026-03-07 22:24:15 WARN  [] [main] o.s.b.a.o.j.JpaBaseConfiguration$JpaWebConfiguration : spring.jpa.open-in-view is enabled by default. Therefore, database queries may be performed during view rendering. Explicitly configure spring.jpa.open-in-view to disable this warning
2026-03-07 22:24:15 INFO  [] [main] o.s.v.b.OptionalValidatorFactoryBean : Failed to set up a Bean Validation provider: jakarta.validation.NoProviderFoundException: Unable to create a Configuration, because no Jakarta Bean Validation provider could be found. Add a provider like Hibernate Validator (RI) to your classpath.
2026-03-07 22:24:15 INFO  [] [main] n.d.b.g.s.a.GrpcServerFactoryAutoConfiguration : Detected grpc-netty-shaded: Creating ShadedNettyGrpcServerFactory
2026-03-07 22:24:15 INFO  [] [main] n.d.b.g.c.a.GrpcClientAutoConfiguration : Detected grpc-netty-shaded: Creating ShadedNettyChannelFactory + InProcessChannelFactory
2026-03-07 22:24:15 INFO  [] [main] o.s.b.a.e.web.EndpointLinksResolver : Exposing 3 endpoints beneath base path '/api/v1/insight/actuator'
2026-03-07 22:24:15 INFO  [] [main] o.a.coyote.http11.Http11NioProtocol : Starting ProtocolHandler ["http-nio-8084"]
2026-03-07 22:24:15 INFO  [] [main] o.s.b.w.e.tomcat.TomcatWebServer : Tomcat started on port 8084 (http) with context path '/'
2026-03-07 22:24:15 INFO  [] [main] n.d.b.g.s.s.AbstractGrpcServerFactory : Registered gRPC service: actionlog.ActionLogService, bean: actionLogServiceImpl, class: com.planit.analytics.grpc.ActionLogServiceImpl
2026-03-07 22:24:15 INFO  [] [main] n.d.b.g.s.s.AbstractGrpcServerFactory : Registered gRPC service: BaseTestGrpcService, bean: baseGrpcController, class: com.planit.basetemplate.grpc.BaseGrpcController
2026-03-07 22:24:15 INFO  [] [main] n.d.b.g.s.s.AbstractGrpcServerFactory : Registered gRPC service: grpc.health.v1.Health, bean: grpcHealthService, class: io.grpc.protobuf.services.HealthServiceImpl
2026-03-07 22:24:15 INFO  [] [main] n.d.b.g.s.s.AbstractGrpcServerFactory : Registered gRPC service: grpc.reflection.v1alpha.ServerReflection, bean: protoReflectionService, class: io.grpc.protobuf.services.ProtoReflectionService
2026-03-07 22:24:16 INFO  [] [main] n.d.b.g.s.s.GrpcServerLifecycle : gRPC Server started, listening on address: *, port: 9090
2026-03-07 22:24:16 INFO  [] [main] com.planit.PlanitApplication : Started PlanitApplication in 6.359 seconds (process running for 6.743)
2026-03-07 22:25:55 INFO  [] [http-nio-8084-exec-1] o.a.c.c.C.[Tomcat].[localhost].[/] : Initializing Spring DispatcherServlet 'dispatcherServlet'
2026-03-07 22:25:55 INFO  [] [http-nio-8084-exec-1] o.s.web.servlet.DispatcherServlet : Initializing Servlet 'dispatcherServlet'
2026-03-07 22:25:55 INFO  [] [http-nio-8084-exec-1] o.s.web.servlet.DispatcherServlet : Completed initialization in 1 ms
2026-03-07 22:25:55 INFO  [69ac27634ed3ca607c0b285c9837760b] [http-nio-8084-exec-1] c.p.a.controller.FeedbackController : GET /api/v1/feedbacks/dashboard - userId: test-user-001, yearMonth: 2026-02, week: 9
2026-03-07 22:25:55 INFO  [69ac27634ed3ca607c0b285c9837760b] [http-nio-8084-exec-1] c.p.a.service.FeedbackService : Getting dashboard for user: test-user-001, yearMonth: 2026-02, week: 9
2026-03-07 22:25:56 INFO  [69ac27634ed3ca607c0b285c9837760b] [http-nio-8084-exec-1] c.p.a.repository.DynamoDBRepository : Successfully retrieved report from DynamoDB: PK=USER#test-user-001, SK=REPORT#2026-02#GROWTH
2026-03-07 22:25:56 INFO  [69ac27634ed3ca607c0b285c9837760b] [http-nio-8084-exec-1] c.p.a.repository.DynamoDBRepository : Successfully retrieved report from DynamoDB: PK=USER#test-user-001, SK=REPORT#2026-02#TIMELINE
2026-03-07 22:25:56 WARN  [69ac27634ed3ca607c0b285c9837760b] [http-nio-8084-exec-1] c.p.a.repository.DynamoDBRepository : Report not found in DynamoDB: PK=USER#test-user-001, SK=REPORT#2026-02#PATTERN
2026-03-07 22:25:56 WARN  [69ac27634ed3ca607c0b285c9837760b] [http-nio-8084-exec-1] c.p.a.repository.DynamoDBRepository : Report not found in DynamoDB: PK=USER#test-user-001, SK=REPORT#2026-02#SUMMARY
2026-03-07 22:25:56 INFO  [69ac27634ed3ca607c0b285c9837760b] [http-nio-8084-exec-1] c.p.a.service.FeedbackService : Dashboard generated for user: test-user-001
2026-03-07 22:25:56 WARN  [69ac27634ed3ca607c0b285c9837760b] [http-nio-8084-exec-1] c.p.a.controller.FeedbackController : Dashboard API response time exceeded 500ms: 700ms
2026-03-07 22:26:17 INFO  [69ac27791756eb39a4bf07dbf7d83e03] [http-nio-8084-exec-3] c.p.a.controller.FeedbackController : GET /api/v1/feedbacks/dashboard - userId: test-user-001, yearMonth: 2026-02, week: 4
2026-03-07 22:26:17 INFO  [69ac27791756eb39a4bf07dbf7d83e03] [http-nio-8084-exec-3] c.p.a.service.FeedbackService : Getting dashboard for user: test-user-001, yearMonth: 2026-02, week: 4
2026-03-07 22:26:17 INFO  [69ac27791756eb39a4bf07dbf7d83e03] [http-nio-8084-exec-3] c.p.a.repository.DynamoDBRepository : Successfully retrieved report from DynamoDB: PK=USER#test-user-001, SK=REPORT#2026-02#GROWTH
2026-03-07 22:26:17 INFO  [69ac27791756eb39a4bf07dbf7d83e03] [http-nio-8084-exec-3] c.p.a.repository.DynamoDBRepository : Successfully retrieved report from DynamoDB: PK=USER#test-user-001, SK=REPORT#2026-02#TIMELINE
2026-03-07 22:26:17 WARN  [69ac27791756eb39a4bf07dbf7d83e03] [http-nio-8084-exec-3] c.p.a.repository.DynamoDBRepository : Report not found in DynamoDB: PK=USER#test-user-001, SK=REPORT#2026-02#PATTERN
2026-03-07 22:26:17 WARN  [69ac27791756eb39a4bf07dbf7d83e03] [http-nio-8084-exec-3] c.p.a.repository.DynamoDBRepository : Report not found in DynamoDB: PK=USER#test-user-001, SK=REPORT#2026-02#SUMMARY
2026-03-07 22:26:17 INFO  [69ac27791756eb39a4bf07dbf7d83e03] [http-nio-8084-exec-3] c.p.a.service.FeedbackService : Dashboard generated for user: test-user-001
2026-03-07 22:28:18 INFO  [69ac27f2910e1d6f304cb69535380048] [http-nio-8084-exec-6] c.p.a.controller.FeedbackController : GET /api/v1/feedbacks/dashboard - userId: test-user-001, yearMonth: 2026-02, week: 1
2026-03-07 22:28:18 INFO  [69ac27f2910e1d6f304cb69535380048] [http-nio-8084-exec-6] c.p.a.service.FeedbackService : Getting dashboard for user: test-user-001, yearMonth: 2026-02, week: 1
2026-03-07 22:28:18 INFO  [69ac27f2910e1d6f304cb69535380048] [http-nio-8084-exec-6] c.p.a.repository.DynamoDBRepository : Successfully retrieved report from DynamoDB: PK=USER#test-user-001, SK=REPORT#2026-02#GROWTH
2026-03-07 22:28:18 INFO  [69ac27f2910e1d6f304cb69535380048] [http-nio-8084-exec-6] c.p.a.repository.DynamoDBRepository : Successfully retrieved report from DynamoDB: PK=USER#test-user-001, SK=REPORT#2026-02#TIMELINE
2026-03-07 22:28:18 WARN  [69ac27f2910e1d6f304cb69535380048] [http-nio-8084-exec-6] c.p.a.repository.DynamoDBRepository : Report not found in DynamoDB: PK=USER#test-user-001, SK=REPORT#2026-02#PATTERN
2026-03-07 22:28:18 WARN  [69ac27f2910e1d6f304cb69535380048] [http-nio-8084-exec-6] c.p.a.repository.DynamoDBRepository : Report not found in DynamoDB: PK=USER#test-user-001, SK=REPORT#2026-02#SUMMARY
2026-03-07 22:28:18 INFO  [69ac27f2910e1d6f304cb69535380048] [http-nio-8084-exec-6] c.p.a.service.FeedbackService : Dashboard generated for user: test-user-001
2026-03-07 22:34:08 INFO  [69ac2950aea59b7f54dec14bdbeb1c48] [http-nio-8084-exec-4] c.p.a.controller.FeedbackController : GET /api/v1/feedbacks/dashboard - userId: 101, yearMonth: 2026-02, week: 9
2026-03-07 22:34:08 INFO  [69ac2950aea59b7f54dec14bdbeb1c48] [http-nio-8084-exec-4] c.p.a.service.FeedbackService : Getting dashboard for user: 101, yearMonth: 2026-02, week: 9
2026-03-07 22:34:08 INFO  [69ac2950aea59b7f54dec14bdbeb1c48] [http-nio-8084-exec-4] c.p.a.repository.DynamoDBRepository : Successfully retrieved report from DynamoDB: PK=USER#101, SK=REPORT#2026-02#GROWTH
2026-03-07 22:34:08 INFO  [69ac2950aea59b7f54dec14bdbeb1c48] [http-nio-8084-exec-4] c.p.a.repository.DynamoDBRepository : Successfully retrieved report from DynamoDB: PK=USER#101, SK=REPORT#2026-02#TIMELINE
2026-03-07 22:34:08 WARN  [69ac2950aea59b7f54dec14bdbeb1c48] [http-nio-8084-exec-4] c.p.a.repository.DynamoDBRepository : Report not found in DynamoDB: PK=USER#101, SK=REPORT#2026-02#PATTERN
2026-03-07 22:34:08 WARN  [69ac2950aea59b7f54dec14bdbeb1c48] [http-nio-8084-exec-4] c.p.a.repository.DynamoDBRepository : Report not found in DynamoDB: PK=USER#101, SK=REPORT#2026-02#SUMMARY
2026-03-07 22:34:08 INFO  [69ac2950aea59b7f54dec14bdbeb1c48] [http-nio-8084-exec-4] c.p.a.service.FeedbackService : Dashboard generated for user: 101
2026-03-07 22:34:25 INFO  [69ac2961081f93c6cdf62d87bc844b1f] [http-nio-8084-exec-7] c.p.a.controller.FeedbackController : GET /api/v1/feedbacks/dashboard - userId: 101, yearMonth: 2026-02, week: 9
2026-03-07 22:34:25 INFO  [69ac2961081f93c6cdf62d87bc844b1f] [http-nio-8084-exec-7] c.p.a.service.FeedbackService : Getting dashboard for user: 101, yearMonth: 2026-02, week: 9
2026-03-07 22:34:25 INFO  [69ac2961081f93c6cdf62d87bc844b1f] [http-nio-8084-exec-7] c.p.a.repository.DynamoDBRepository : Successfully retrieved report from DynamoDB: PK=USER#101, SK=REPORT#2026-02#GROWTH
2026-03-07 22:34:25 INFO  [69ac2961081f93c6cdf62d87bc844b1f] [http-nio-8084-exec-7] c.p.a.repository.DynamoDBRepository : Successfully retrieved report from DynamoDB: PK=USER#101, SK=REPORT#2026-02#TIMELINE
2026-03-07 22:34:25 WARN  [69ac2961081f93c6cdf62d87bc844b1f] [http-nio-8084-exec-7] c.p.a.repository.DynamoDBRepository : Report not found in DynamoDB: PK=USER#101, SK=REPORT#2026-02#PATTERN
2026-03-07 22:34:25 WARN  [69ac2961081f93c6cdf62d87bc844b1f] [http-nio-8084-exec-7] c.p.a.repository.DynamoDBRepository : Report not found in DynamoDB: PK=USER#101, SK=REPORT#2026-02#SUMMARY
2026-03-07 22:34:25 INFO  [69ac2961081f93c6cdf62d87bc844b1f] [http-nio-8084-exec-7] c.p.a.service.FeedbackService : Dashboard generated for user: 101
2026-03-07 22:43:51 INFO  [] [main] com.planit.PlanitApplication : Starting PlanitApplication using Java 17.0.17 with PID 50760 (C:\workspace\PlanIt\PlanIt-Insight-svc\build\classes\java\main started by DS11 in C:\workspace\PlanIt\PlanIt-Insight-svc)
2026-03-07 22:43:51 INFO  [] [main] com.planit.PlanitApplication : No active profile set, falling back to 1 default profile: "default"
2026-03-07 22:43:52 INFO  [] [main] o.s.d.r.c.RepositoryConfigurationDelegate : Bootstrapping Spring Data JPA repositories in DEFAULT mode.
2026-03-07 22:43:52 INFO  [] [main] o.s.d.r.c.RepositoryConfigurationDelegate : Finished Spring Data repository scanning in 144 ms. Found 3 JPA repository interfaces.
2026-03-07 22:43:53 INFO  [] [main] o.s.b.w.e.tomcat.TomcatWebServer : Tomcat initialized with port 8084 (http)
2026-03-07 22:43:53 INFO  [] [main] o.a.coyote.http11.Http11NioProtocol : Initializing ProtocolHandler ["http-nio-8084"]
2026-03-07 22:43:53 INFO  [] [main] o.a.catalina.core.StandardService : Starting service [Tomcat]
2026-03-07 22:43:53 INFO  [] [main] o.a.catalina.core.StandardEngine : Starting Servlet engine: [Apache Tomcat/10.1.52]
2026-03-07 22:43:53 INFO  [] [main] o.a.c.c.C.[Tomcat].[localhost].[/] : Initializing Spring embedded WebApplicationContext
2026-03-07 22:43:53 INFO  [] [main] o.s.b.w.s.c.ServletWebServerApplicationContext : Root WebApplicationContext: initialization completed in 2102 ms
2026-03-07 22:43:53 INFO  [] [main] o.h.jpa.internal.util.LogHelper : HHH000204: Processing PersistenceUnitInfo [name: default]
2026-03-07 22:43:53 INFO  [] [main] org.hibernate.Version : HHH000412: Hibernate ORM core version 6.6.42.Final
2026-03-07 22:43:53 INFO  [] [main] o.h.c.i.RegionFactoryInitiator : HHH000026: Second-level cache disabled
2026-03-07 22:43:53 INFO  [] [main] o.s.o.j.p.SpringPersistenceUnitInfo : No LoadTimeWeaver setup: ignoring JPA class transformer
2026-03-07 22:43:53 INFO  [] [main] com.zaxxer.hikari.HikariDataSource : HikariPool-1 - Starting...
2026-03-07 22:43:53 INFO  [] [main] com.zaxxer.hikari.pool.HikariPool : HikariPool-1 - Added connection org.mariadb.jdbc.Connection@2ecc4be7
2026-03-07 22:43:53 INFO  [] [main] com.zaxxer.hikari.HikariDataSource : HikariPool-1 - Start completed.
2026-03-07 22:43:54 INFO  [] [main] o.hibernate.orm.connections.pooling : HHH10001005: Database info:
	Database JDBC URL [Connecting through datasource 'HikariDataSource (HikariPool-1)']
	Database driver: undefined/unknown
	Database version: 11.8.3
	Autocommit mode: undefined/unknown
	Isolation level: undefined/unknown
	Minimum pool size: undefined/unknown
	Maximum pool size: undefined/unknown
2026-03-07 22:43:54 INFO  [] [main] o.h.e.t.j.p.i.JtaPlatformInitiator : HHH000489: No JTA platform available (set 'hibernate.transaction.jta.platform' to enable JTA platform integration)
2026-03-07 22:43:54 INFO  [] [main] o.s.o.j.LocalContainerEntityManagerFactoryBean : Initialized JPA EntityManagerFactory for persistence unit 'default'
2026-03-07 22:43:55 INFO  [] [main] o.s.d.j.r.query.QueryEnhancerFactory : Hibernate is in classpath; If applicable, HQL parser will be used.
2026-03-07 22:43:56 WARN  [] [main] o.s.b.a.o.j.JpaBaseConfiguration$JpaWebConfiguration : spring.jpa.open-in-view is enabled by default. Therefore, database queries may be performed during view rendering. Explicitly configure spring.jpa.open-in-view to disable this warning
2026-03-07 22:43:56 INFO  [] [main] o.s.v.b.OptionalValidatorFactoryBean : Failed to set up a Bean Validation provider: jakarta.validation.NoProviderFoundException: Unable to create a Configuration, because no Jakarta Bean Validation provider could be found. Add a provider like Hibernate Validator (RI) to your classpath.
2026-03-07 22:43:56 INFO  [] [main] n.d.b.g.s.a.GrpcServerFactoryAutoConfiguration : Detected grpc-netty-shaded: Creating ShadedNettyGrpcServerFactory
2026-03-07 22:43:56 INFO  [] [main] n.d.b.g.c.a.GrpcClientAutoConfiguration : Detected grpc-netty-shaded: Creating ShadedNettyChannelFactory + InProcessChannelFactory
2026-03-07 22:43:56 INFO  [] [main] o.s.b.a.e.web.EndpointLinksResolver : Exposing 3 endpoints beneath base path '/api/v1/insight/actuator'
2026-03-07 22:43:56 INFO  [] [main] o.a.coyote.http11.Http11NioProtocol : Starting ProtocolHandler ["http-nio-8084"]
2026-03-07 22:43:56 WARN  [] [main] o.s.b.w.s.c.AnnotationConfigServletWebServerApplicationContext : Exception encountered during context initialization - cancelling refresh attempt: org.springframework.context.ApplicationContextException: Failed to start bean 'webServerStartStop'
2026-03-07 22:43:56 INFO  [] [main] o.s.o.j.LocalContainerEntityManagerFactoryBean : Closing JPA EntityManagerFactory for persistence unit 'default'
2026-03-07 22:43:56 INFO  [] [main] com.zaxxer.hikari.HikariDataSource : HikariPool-1 - Shutdown initiated...
2026-03-07 22:43:56 INFO  [] [main] com.zaxxer.hikari.HikariDataSource : HikariPool-1 - Shutdown completed.
2026-03-07 22:43:56 INFO  [] [main] o.s.b.a.l.ConditionEvaluationReportLogger : 

Error starting ApplicationContext. To display the condition evaluation report re-run your application with 'debug' enabled.
2026-03-07 22:43:56 ERROR [] [main] o.s.b.d.LoggingFailureAnalysisReporter : 

***************************
APPLICATION FAILED TO START
***************************

Description:

Web server failed to start. Port 8084 was already in use.

Action:

Identify and stop the process that's listening on port 8084 or configure this application to listen on another port.

2026-03-07 22:45:08 INFO  [] [main] com.planit.PlanitApplication : Starting PlanitApplication using Java 17.0.17 with PID 16588 (C:\workspace\PlanIt\PlanIt-Insight-svc\build\classes\java\main started by DS11 in C:\workspace\PlanIt\PlanIt-Insight-svc)
2026-03-07 22:45:08 INFO  [] [main] com.planit.PlanitApplication : No active profile set, falling back to 1 default profile: "default"
2026-03-07 22:45:09 INFO  [] [main] o.s.d.r.c.RepositoryConfigurationDelegate : Bootstrapping Spring Data JPA repositories in DEFAULT mode.
2026-03-07 22:45:09 INFO  [] [main] o.s.d.r.c.RepositoryConfigurationDelegate : Finished Spring Data repository scanning in 148 ms. Found 3 JPA repository interfaces.
2026-03-07 22:45:09 INFO  [] [main] o.s.b.w.e.tomcat.TomcatWebServer : Tomcat initialized with port 8084 (http)
2026-03-07 22:45:09 INFO  [] [main] o.a.coyote.http11.Http11NioProtocol : Initializing ProtocolHandler ["http-nio-8084"]
2026-03-07 22:45:09 INFO  [] [main] o.a.catalina.core.StandardService : Starting service [Tomcat]
2026-03-07 22:45:09 INFO  [] [main] o.a.catalina.core.StandardEngine : Starting Servlet engine: [Apache Tomcat/10.1.52]
2026-03-07 22:45:09 INFO  [] [main] o.a.c.c.C.[Tomcat].[localhost].[/] : Initializing Spring embedded WebApplicationContext
2026-03-07 22:45:09 INFO  [] [main] o.s.b.w.s.c.ServletWebServerApplicationContext : Root WebApplicationContext: initialization completed in 1808 ms
2026-03-07 22:45:10 INFO  [] [main] o.h.jpa.internal.util.LogHelper : HHH000204: Processing PersistenceUnitInfo [name: default]
2026-03-07 22:45:10 INFO  [] [main] org.hibernate.Version : HHH000412: Hibernate ORM core version 6.6.42.Final
2026-03-07 22:45:10 INFO  [] [main] o.h.c.i.RegionFactoryInitiator : HHH000026: Second-level cache disabled
2026-03-07 22:45:10 INFO  [] [main] o.s.o.j.p.SpringPersistenceUnitInfo : No LoadTimeWeaver setup: ignoring JPA class transformer
2026-03-07 22:45:10 INFO  [] [main] com.zaxxer.hikari.HikariDataSource : HikariPool-1 - Starting...
2026-03-07 22:45:10 INFO  [] [main] com.zaxxer.hikari.pool.HikariPool : HikariPool-1 - Added connection org.mariadb.jdbc.Connection@9fc2f89
2026-03-07 22:45:10 INFO  [] [main] com.zaxxer.hikari.HikariDataSource : HikariPool-1 - Start completed.
2026-03-07 22:45:10 INFO  [] [main] o.hibernate.orm.connections.pooling : HHH10001005: Database info:
	Database JDBC URL [Connecting through datasource 'HikariDataSource (HikariPool-1)']
	Database driver: undefined/unknown
	Database version: 11.8.3
	Autocommit mode: undefined/unknown
	Isolation level: undefined/unknown
	Minimum pool size: undefined/unknown
	Maximum pool size: undefined/unknown
2026-03-07 22:45:11 INFO  [] [main] o.h.e.t.j.p.i.JtaPlatformInitiator : HHH000489: No JTA platform available (set 'hibernate.transaction.jta.platform' to enable JTA platform integration)
2026-03-07 22:45:11 INFO  [] [main] o.s.o.j.LocalContainerEntityManagerFactoryBean : Initialized JPA EntityManagerFactory for persistence unit 'default'
2026-03-07 22:45:12 INFO  [] [main] o.s.d.j.r.query.QueryEnhancerFactory : Hibernate is in classpath; If applicable, HQL parser will be used.
2026-03-07 22:45:13 WARN  [] [main] o.s.b.a.o.j.JpaBaseConfiguration$JpaWebConfiguration : spring.jpa.open-in-view is enabled by default. Therefore, database queries may be performed during view rendering. Explicitly configure spring.jpa.open-in-view to disable this warning
2026-03-07 22:45:13 INFO  [] [main] o.s.v.b.OptionalValidatorFactoryBean : Failed to set up a Bean Validation provider: jakarta.validation.NoProviderFoundException: Unable to create a Configuration, because no Jakarta Bean Validation provider could be found. Add a provider like Hibernate Validator (RI) to your classpath.
2026-03-07 22:45:13 INFO  [] [main] n.d.b.g.s.a.GrpcServerFactoryAutoConfiguration : Detected grpc-netty-shaded: Creating ShadedNettyGrpcServerFactory
2026-03-07 22:45:13 INFO  [] [main] n.d.b.g.c.a.GrpcClientAutoConfiguration : Detected grpc-netty-shaded: Creating ShadedNettyChannelFactory + InProcessChannelFactory
2026-03-07 22:45:13 INFO  [] [main] o.s.b.a.e.web.EndpointLinksResolver : Exposing 3 endpoints beneath base path '/api/v1/insight/actuator'
2026-03-07 22:45:13 INFO  [] [main] o.a.coyote.http11.Http11NioProtocol : Starting ProtocolHandler ["http-nio-8084"]
2026-03-07 22:45:13 INFO  [] [main] o.s.b.w.e.tomcat.TomcatWebServer : Tomcat started on port 8084 (http) with context path '/'
2026-03-07 22:45:13 INFO  [] [main] n.d.b.g.s.s.AbstractGrpcServerFactory : Registered gRPC service: actionlog.ActionLogService, bean: actionLogServiceImpl, class: com.planit.analytics.grpc.ActionLogServiceImpl
2026-03-07 22:45:13 INFO  [] [main] n.d.b.g.s.s.AbstractGrpcServerFactory : Registered gRPC service: BaseTestGrpcService, bean: baseGrpcController, class: com.planit.basetemplate.grpc.BaseGrpcController
2026-03-07 22:45:13 INFO  [] [main] n.d.b.g.s.s.AbstractGrpcServerFactory : Registered gRPC service: grpc.health.v1.Health, bean: grpcHealthService, class: io.grpc.protobuf.services.HealthServiceImpl
2026-03-07 22:45:13 INFO  [] [main] n.d.b.g.s.s.AbstractGrpcServerFactory : Registered gRPC service: grpc.reflection.v1alpha.ServerReflection, bean: protoReflectionService, class: io.grpc.protobuf.services.ProtoReflectionService
2026-03-07 22:45:13 INFO  [] [main] n.d.b.g.s.s.GrpcServerLifecycle : gRPC Server started, listening on address: *, port: 9090
2026-03-07 22:45:14 INFO  [] [main] com.planit.PlanitApplication : Started PlanitApplication in 6.529 seconds (process running for 6.893)
2026-03-07 22:46:56 INFO  [] [http-nio-8084-exec-1] o.a.c.c.C.[Tomcat].[localhost].[/] : Initializing Spring DispatcherServlet 'dispatcherServlet'
2026-03-07 22:46:56 INFO  [] [http-nio-8084-exec-1] o.s.web.servlet.DispatcherServlet : Initializing Servlet 'dispatcherServlet'
2026-03-07 22:46:56 INFO  [] [http-nio-8084-exec-1] o.s.web.servlet.DispatcherServlet : Completed initialization in 2 ms
2026-03-07 22:46:57 INFO  [69ac2c5116ef4bdb1d8ed6cffd088ba8] [http-nio-8084-exec-7] o.s.api.AbstractOpenApiResource : Init duration for springdoc-openapi is: 418 ms
2026-03-07 22:47:08 INFO  [69ac2c5c2c2daa4610f8eda6b1087648] [http-nio-8084-exec-6] c.p.a.controller.BatchController : Manual trigger: monthly report generation
2026-03-07 22:47:08 WARN  [69ac2c5c2c2daa4610f8eda6b1087648] [http-nio-8084-exec-6] o.m.jdbc.message.server.ErrorPacket : Error: 1146-42S02: Table 'planit_insight_db.shedlock' doesn't exist
2026-03-07 22:47:08 ERROR [69ac2c5c2c2daa4610f8eda6b1087648] [http-nio-8084-exec-6] n.j.s.p.j.JdbcTemplateStorageAccessor : Unexpected exception
org.springframework.jdbc.BadSqlGrammarException: PreparedStatementCallback; bad SQL grammar [INSERT IGNORE INTO shedlock(name, lock_until, locked_at, locked_by) VALUES(?, TIMESTAMPADD(MICROSECOND, ?, UTC_TIMESTAMP(3)), UTC_TIMESTAMP(3), ?)]
	at org.springframework.jdbc.support.SQLExceptionSubclassTranslator.doTranslate(SQLExceptionSubclassTranslator.java:112)
	at org.springframework.jdbc.support.AbstractFallbackSQLExceptionTranslator.translate(AbstractFallbackSQLExceptionTranslator.java:107)
	at org.springframework.jdbc.core.JdbcTemplate.translateException(JdbcTemplate.java:1556)
	at org.springframework.jdbc.core.JdbcTemplate.execute(JdbcTemplate.java:677)
	at org.springframework.jdbc.core.JdbcTemplate.update(JdbcTemplate.java:972)
	at org.springframework.jdbc.core.JdbcTemplate.update(JdbcTemplate.java:993)
	at org.springframework.jdbc.core.namedparam.NamedParameterJdbcTemplate.update(NamedParameterJdbcTemplate.java:337)
	at org.springframework.jdbc.core.namedparam.NamedParameterJdbcTemplate.update(NamedParameterJdbcTemplate.java:342)
	at net.javacrumbs.shedlock.provider.jdbctemplate.JdbcTemplateStorageAccessor.lambda$execute$0(JdbcTemplateStorageAccessor.java:119)
	at org.springframework.transaction.support.TransactionTemplate.execute(TransactionTemplate.java:140)
	at net.javacrumbs.shedlock.provider.jdbctemplate.JdbcTemplateStorageAccessor.execute(JdbcTemplateStorageAccessor.java:119)
	at net.javacrumbs.shedlock.provider.jdbctemplate.JdbcTemplateStorageAccessor.insertRecord(JdbcTemplateStorageAccessor.java:68)
	at net.javacrumbs.shedlock.support.StorageBasedLockProvider.doLock(StorageBasedLockProvider.java:79)
	at net.javacrumbs.shedlock.support.StorageBasedLockProvider.lock(StorageBasedLockProvider.java:62)
	at java.base/jdk.internal.reflect.NativeMethodAccessorImpl.invoke0(Native Method)
	at java.base/jdk.internal.reflect.NativeMethodAccessorImpl.invoke(NativeMethodAccessorImpl.java:77)
	at java.base/jdk.internal.reflect.DelegatingMethodAccessorImpl.invoke(DelegatingMethodAccessorImpl.java:43)
	at java.base/java.lang.reflect.Method.invoke(Method.java:569)
	at org.springframework.aop.support.AopUtils.invokeJoinpointUsingReflection(AopUtils.java:360)
	at org.springframework.aop.framework.JdkDynamicAopProxy.invoke(JdkDynamicAopProxy.java:216)
	at jdk.proxy2/jdk.proxy2.$Proxy116.lock(Unknown Source)
	at net.javacrumbs.shedlock.core.DefaultLockingTaskExecutor.executeWithLock(DefaultLockingTaskExecutor.java:66)
	at net.javacrumbs.shedlock.spring.aop.MethodProxyScheduledLockAdvisor$LockingInterceptor.invoke(MethodProxyScheduledLockAdvisor.java:83)
	at org.springframework.aop.framework.ReflectiveMethodInvocation.proceed(ReflectiveMethodInvocation.java:184)
	at org.springframework.aop.framework.CglibAopProxy$DynamicAdvisedInterceptor.intercept(CglibAopProxy.java:728)
	at com.planit.analytics.scheduler.ReportGenerationScheduler$$SpringCGLIB$$0.generateMonthlyReports(<generated>)
	at com.planit.analytics.controller.BatchController.triggerMonthlyReports(BatchController.java:69)
	at java.base/jdk.internal.reflect.NativeMethodAccessorImpl.invoke0(Native Method)
	at java.base/jdk.internal.reflect.NativeMethodAccessorImpl.invoke(NativeMethodAccessorImpl.java:77)
	at java.base/jdk.internal.reflect.DelegatingMethodAccessorImpl.invoke(DelegatingMethodAccessorImpl.java:43)
	at java.base/java.lang.reflect.Method.invoke(Method.java:569)
	at org.springframework.web.method.support.InvocableHandlerMethod.doInvoke(InvocableHandlerMethod.java:258)
	at org.springframework.web.method.support.InvocableHandlerMethod.invokeForRequest(InvocableHandlerMethod.java:191)
	at org.springframework.web.servlet.mvc.method.annotation.ServletInvocableHandlerMethod.invokeAndHandle(ServletInvocableHandlerMethod.java:118)
	at org.springframework.web.servlet.mvc.method.annotation.RequestMappingHandlerAdapter.invokeHandlerMethod(RequestMappingHandlerAdapter.java:991)
	at org.springframework.web.servlet.mvc.method.annotation.RequestMappingHandlerAdapter.handleInternal(RequestMappingHandlerAdapter.java:896)
	at org.springframework.web.servlet.mvc.method.AbstractHandlerMethodAdapter.handle(AbstractHandlerMethodAdapter.java:87)
	at org.springframework.web.servlet.DispatcherServlet.doDispatch(DispatcherServlet.java:1089)
	at org.springframework.web.servlet.DispatcherServlet.doService(DispatcherServlet.java:979)
	at org.springframework.web.servlet.FrameworkServlet.processRequest(FrameworkServlet.java:1014)
	at org.springframework.web.servlet.FrameworkServlet.doPost(FrameworkServlet.java:914)
	at jakarta.servlet.http.HttpServlet.service(HttpServlet.java:590)
	at org.springframework.web.servlet.FrameworkServlet.service(FrameworkServlet.java:885)
	at jakarta.servlet.http.HttpServlet.service(HttpServlet.java:658)
	at org.apache.catalina.core.ApplicationFilterChain.internalDoFilter(ApplicationFilterChain.java:193)
	at org.apache.catalina.core.ApplicationFilterChain.doFilter(ApplicationFilterChain.java:138)
	at org.apache.tomcat.websocket.server.WsFilter.doFilter(WsFilter.java:51)
	at org.apache.catalina.core.ApplicationFilterChain.internalDoFilter(ApplicationFilterChain.java:162)
	at org.apache.catalina.core.ApplicationFilterChain.doFilter(ApplicationFilterChain.java:138)
	at org.springframework.web.filter.RequestContextFilter.doFilterInternal(RequestContextFilter.java:100)
	at org.springframework.web.filter.OncePerRequestFilter.doFilter(OncePerRequestFilter.java:116)
	at org.apache.catalina.core.ApplicationFilterChain.internalDoFilter(ApplicationFilterChain.java:162)
	at org.apache.catalina.core.ApplicationFilterChain.doFilter(ApplicationFilterChain.java:138)
	at org.springframework.web.filter.FormContentFilter.doFilterInternal(FormContentFilter.java:93)
	at org.springframework.web.filter.OncePerRequestFilter.doFilter(OncePerRequestFilter.java:116)
	at org.apache.catalina.core.ApplicationFilterChain.internalDoFilter(ApplicationFilterChain.java:162)
	at org.apache.catalina.core.ApplicationFilterChain.doFilter(ApplicationFilterChain.java:138)
	at org.springframework.web.filter.ServerHttpObservationFilter.doFilterInternal(ServerHttpObservationFilter.java:110)
	at org.springframework.web.filter.OncePerRequestFilter.doFilter(OncePerRequestFilter.java:116)
	at org.apache.catalina.core.ApplicationFilterChain.internalDoFilter(ApplicationFilterChain.java:162)
	at org.apache.catalina.core.ApplicationFilterChain.doFilter(ApplicationFilterChain.java:138)
	at org.springframework.web.filter.CharacterEncodingFilter.doFilterInternal(CharacterEncodingFilter.java:201)
	at org.springframework.web.filter.OncePerRequestFilter.doFilter(OncePerRequestFilter.java:116)
	at org.apache.catalina.core.ApplicationFilterChain.internalDoFilter(ApplicationFilterChain.java:162)
	at org.apache.catalina.core.ApplicationFilterChain.doFilter(ApplicationFilterChain.java:138)
	at org.apache.catalina.core.StandardWrapperValve.invoke(StandardWrapperValve.java:165)
	at org.apache.catalina.core.StandardContextValve.invoke(StandardContextValve.java:88)
	at org.apache.catalina.authenticator.AuthenticatorBase.invoke(AuthenticatorBase.java:492)
	at org.apache.catalina.core.StandardHostValve.invoke(StandardHostValve.java:113)
	at org.apache.catalina.valves.ErrorReportValve.invoke(ErrorReportValve.java:83)
	at org.apache.catalina.core.StandardEngineValve.invoke(StandardEngineValve.java:72)
	at org.apache.catalina.connector.CoyoteAdapter.service(CoyoteAdapter.java:342)
	at org.apache.coyote.http11.Http11Processor.service(Http11Processor.java:399)
	at org.apache.coyote.AbstractProcessorLight.process(AbstractProcessorLight.java:63)
	at org.apache.coyote.AbstractProtocol$ConnectionHandler.process(AbstractProtocol.java:903)
	at org.apache.tomcat.util.net.NioEndpoint$SocketProcessor.doRun(NioEndpoint.java:1775)
	at org.apache.tomcat.util.net.SocketProcessorBase.run(SocketProcessorBase.java:52)
	at org.apache.tomcat.util.threads.ThreadPoolExecutor.runWorker(ThreadPoolExecutor.java:973)
	at org.apache.tomcat.util.threads.ThreadPoolExecutor$Worker.run(ThreadPoolExecutor.java:491)
	at org.apache.tomcat.util.threads.TaskThread$WrappingRunnable.run(TaskThread.java:63)
	at java.base/java.lang.Thread.run(Thread.java:840)
Caused by: java.sql.SQLSyntaxErrorException: (conn=931) Table 'planit_insight_db.shedlock' doesn't exist
	at org.mariadb.jdbc.export.ExceptionFactory.createException(ExceptionFactory.java:309)
	at org.mariadb.jdbc.export.ExceptionFactory.create(ExceptionFactory.java:403)
	at org.mariadb.jdbc.message.ClientMessage.readPacket(ClientMessage.java:196)
	at org.mariadb.jdbc.client.impl.StandardClient.readPacket(StandardClient.java:1411)
	at org.mariadb.jdbc.client.impl.StandardClient.readResults(StandardClient.java:1350)
	at org.mariadb.jdbc.client.impl.StandardClient.readResponse(StandardClient.java:1269)
	at org.mariadb.jdbc.client.impl.StandardClient.execute(StandardClient.java:1193)
	at org.mariadb.jdbc.ClientPreparedStatement.executeInternal(ClientPreparedStatement.java:91)
	at org.mariadb.jdbc.ClientPreparedStatement.executeLargeUpdate(ClientPreparedStatement.java:345)
	at org.mariadb.jdbc.ClientPreparedStatement.executeUpdate(ClientPreparedStatement.java:322)
	at com.zaxxer.hikari.pool.ProxyPreparedStatement.executeUpdate(ProxyPreparedStatement.java:61)
	at com.zaxxer.hikari.pool.HikariProxyPreparedStatement.executeUpdate(HikariProxyPreparedStatement.java)
	at org.springframework.jdbc.core.JdbcTemplate.lambda$update$2(JdbcTemplate.java:977)
	at org.springframework.jdbc.core.JdbcTemplate.execute(JdbcTemplate.java:658)
	... 77 common frames omitted
2026-03-07 22:47:08 WARN  [69ac2c5c2c2daa4610f8eda6b1087648] [http-nio-8084-exec-6] o.m.jdbc.message.server.ErrorPacket : Error: 1146-42S02: Table 'planit_insight_db.shedlock' doesn't exist
2026-03-07 22:47:08 ERROR [69ac2c5c2c2daa4610f8eda6b1087648] [http-nio-8084-exec-6] c.p.a.controller.BatchController : Failed to trigger monthly reports
org.springframework.jdbc.BadSqlGrammarException: PreparedStatementCallback; bad SQL grammar [UPDATE shedlock SET lock_until = TIMESTAMPADD(MICROSECOND, ?, UTC_TIMESTAMP(3)), locked_at = UTC_TIMESTAMP(3), locked_by = ? WHERE name = ? AND lock_until <= UTC_TIMESTAMP(3)]
	at org.springframework.jdbc.support.SQLExceptionSubclassTranslator.doTranslate(SQLExceptionSubclassTranslator.java:112)
	at org.springframework.jdbc.support.AbstractFallbackSQLExceptionTranslator.translate(AbstractFallbackSQLExceptionTranslator.java:107)
	at org.springframework.jdbc.core.JdbcTemplate.translateException(JdbcTemplate.java:1556)
	at org.springframework.jdbc.core.JdbcTemplate.execute(JdbcTemplate.java:677)
	at org.springframework.jdbc.core.JdbcTemplate.update(JdbcTemplate.java:972)
	at org.springframework.jdbc.core.JdbcTemplate.update(JdbcTemplate.java:993)
	at org.springframework.jdbc.core.namedparam.NamedParameterJdbcTemplate.update(NamedParameterJdbcTemplate.java:337)
	at org.springframework.jdbc.core.namedparam.NamedParameterJdbcTemplate.update(NamedParameterJdbcTemplate.java:342)
	at net.javacrumbs.shedlock.provider.jdbctemplate.JdbcTemplateStorageAccessor.lambda$execute$0(JdbcTemplateStorageAccessor.java:119)
	at org.springframework.transaction.support.TransactionTemplate.execute(TransactionTemplate.java:140)
	at net.javacrumbs.shedlock.provider.jdbctemplate.JdbcTemplateStorageAccessor.execute(JdbcTemplateStorageAccessor.java:119)
	at net.javacrumbs.shedlock.provider.jdbctemplate.JdbcTemplateStorageAccessor.updateRecord(JdbcTemplateStorageAccessor.java:82)
	at net.javacrumbs.shedlock.support.StorageBasedLockProvider.doLock(StorageBasedLockProvider.java:90)
	at net.javacrumbs.shedlock.support.StorageBasedLockProvider.lock(StorageBasedLockProvider.java:62)
	at java.base/jdk.internal.reflect.NativeMethodAccessorImpl.invoke0(Native Method)
	at java.base/jdk.internal.reflect.NativeMethodAccessorImpl.invoke(NativeMethodAccessorImpl.java:77)
	at java.base/jdk.internal.reflect.DelegatingMethodAccessorImpl.invoke(DelegatingMethodAccessorImpl.java:43)
	at java.base/java.lang.reflect.Method.invoke(Method.java:569)
	at org.springframework.aop.support.AopUtils.invokeJoinpointUsingReflection(AopUtils.java:360)
	at org.springframework.aop.framework.JdkDynamicAopProxy.invoke(JdkDynamicAopProxy.java:216)
	at jdk.proxy2/jdk.proxy2.$Proxy116.lock(Unknown Source)
	at net.javacrumbs.shedlock.core.DefaultLockingTaskExecutor.executeWithLock(DefaultLockingTaskExecutor.java:66)
	at net.javacrumbs.shedlock.spring.aop.MethodProxyScheduledLockAdvisor$LockingInterceptor.invoke(MethodProxyScheduledLockAdvisor.java:83)
	at org.springframework.aop.framework.ReflectiveMethodInvocation.proceed(ReflectiveMethodInvocation.java:184)
	at org.springframework.aop.framework.CglibAopProxy$DynamicAdvisedInterceptor.intercept(CglibAopProxy.java:728)
	at com.planit.analytics.scheduler.ReportGenerationScheduler$$SpringCGLIB$$0.generateMonthlyReports(<generated>)
	at com.planit.analytics.controller.BatchController.triggerMonthlyReports(BatchController.java:69)
	at java.base/jdk.internal.reflect.NativeMethodAccessorImpl.invoke0(Native Method)
	at java.base/jdk.internal.reflect.NativeMethodAccessorImpl.invoke(NativeMethodAccessorImpl.java:77)
	at java.base/jdk.internal.reflect.DelegatingMethodAccessorImpl.invoke(DelegatingMethodAccessorImpl.java:43)
	at java.base/java.lang.reflect.Method.invoke(Method.java:569)
	at org.springframework.web.method.support.InvocableHandlerMethod.doInvoke(InvocableHandlerMethod.java:258)
	at org.springframework.web.method.support.InvocableHandlerMethod.invokeForRequest(InvocableHandlerMethod.java:191)
	at org.springframework.web.servlet.mvc.method.annotation.ServletInvocableHandlerMethod.invokeAndHandle(ServletInvocableHandlerMethod.java:118)
	at org.springframework.web.servlet.mvc.method.annotation.RequestMappingHandlerAdapter.invokeHandlerMethod(RequestMappingHandlerAdapter.java:991)
	at org.springframework.web.servlet.mvc.method.annotation.RequestMappingHandlerAdapter.handleInternal(RequestMappingHandlerAdapter.java:896)
	at org.springframework.web.servlet.mvc.method.AbstractHandlerMethodAdapter.handle(AbstractHandlerMethodAdapter.java:87)
	at org.springframework.web.servlet.DispatcherServlet.doDispatch(DispatcherServlet.java:1089)
	at org.springframework.web.servlet.DispatcherServlet.doService(DispatcherServlet.java:979)
	at org.springframework.web.servlet.FrameworkServlet.processRequest(FrameworkServlet.java:1014)
	at org.springframework.web.servlet.FrameworkServlet.doPost(FrameworkServlet.java:914)
	at jakarta.servlet.http.HttpServlet.service(HttpServlet.java:590)
	at org.springframework.web.servlet.FrameworkServlet.service(FrameworkServlet.java:885)
	at jakarta.servlet.http.HttpServlet.service(HttpServlet.java:658)
	at org.apache.catalina.core.ApplicationFilterChain.internalDoFilter(ApplicationFilterChain.java:193)
	at org.apache.catalina.core.ApplicationFilterChain.doFilter(ApplicationFilterChain.java:138)
	at org.apache.tomcat.websocket.server.WsFilter.doFilter(WsFilter.java:51)
	at org.apache.catalina.core.ApplicationFilterChain.internalDoFilter(ApplicationFilterChain.java:162)
	at org.apache.catalina.core.ApplicationFilterChain.doFilter(ApplicationFilterChain.java:138)
	at org.springframework.web.filter.RequestContextFilter.doFilterInternal(RequestContextFilter.java:100)
	at org.springframework.web.filter.OncePerRequestFilter.doFilter(OncePerRequestFilter.java:116)
	at org.apache.catalina.core.ApplicationFilterChain.internalDoFilter(ApplicationFilterChain.java:162)
	at org.apache.catalina.core.ApplicationFilterChain.doFilter(ApplicationFilterChain.java:138)
	at org.springframework.web.filter.FormContentFilter.doFilterInternal(FormContentFilter.java:93)
	at org.springframework.web.filter.OncePerRequestFilter.doFilter(OncePerRequestFilter.java:116)
	at org.apache.catalina.core.ApplicationFilterChain.internalDoFilter(ApplicationFilterChain.java:162)
	at org.apache.catalina.core.ApplicationFilterChain.doFilter(ApplicationFilterChain.java:138)
	at org.springframework.web.filter.ServerHttpObservationFilter.doFilterInternal(ServerHttpObservationFilter.java:110)
	at org.springframework.web.filter.OncePerRequestFilter.doFilter(OncePerRequestFilter.java:116)
	at org.apache.catalina.core.ApplicationFilterChain.internalDoFilter(ApplicationFilterChain.java:162)
	at org.apache.catalina.core.ApplicationFilterChain.doFilter(ApplicationFilterChain.java:138)
	at org.springframework.web.filter.CharacterEncodingFilter.doFilterInternal(CharacterEncodingFilter.java:201)
	at org.springframework.web.filter.OncePerRequestFilter.doFilter(OncePerRequestFilter.java:116)
	at org.apache.catalina.core.ApplicationFilterChain.internalDoFilter(ApplicationFilterChain.java:162)
	at org.apache.catalina.core.ApplicationFilterChain.doFilter(ApplicationFilterChain.java:138)
	at org.apache.catalina.core.StandardWrapperValve.invoke(StandardWrapperValve.java:165)
	at org.apache.catalina.core.StandardContextValve.invoke(StandardContextValve.java:88)
	at org.apache.catalina.authenticator.AuthenticatorBase.invoke(AuthenticatorBase.java:492)
	at org.apache.catalina.core.StandardHostValve.invoke(StandardHostValve.java:113)
	at org.apache.catalina.valves.ErrorReportValve.invoke(ErrorReportValve.java:83)
	at org.apache.catalina.core.StandardEngineValve.invoke(StandardEngineValve.java:72)
	at org.apache.catalina.connector.CoyoteAdapter.service(CoyoteAdapter.java:342)
	at org.apache.coyote.http11.Http11Processor.service(Http11Processor.java:399)
	at org.apache.coyote.AbstractProcessorLight.process(AbstractProcessorLight.java:63)
	at org.apache.coyote.AbstractProtocol$ConnectionHandler.process(AbstractProtocol.java:903)
	at org.apache.tomcat.util.net.NioEndpoint$SocketProcessor.doRun(NioEndpoint.java:1775)
	at org.apache.tomcat.util.net.SocketProcessorBase.run(SocketProcessorBase.java:52)
	at org.apache.tomcat.util.threads.ThreadPoolExecutor.runWorker(ThreadPoolExecutor.java:973)
	at org.apache.tomcat.util.threads.ThreadPoolExecutor$Worker.run(ThreadPoolExecutor.java:491)
	at org.apache.tomcat.util.threads.TaskThread$WrappingRunnable.run(TaskThread.java:63)
	at java.base/java.lang.Thread.run(Thread.java:840)
Caused by: java.sql.SQLSyntaxErrorException: (conn=931) Table 'planit_insight_db.shedlock' doesn't exist
	at org.mariadb.jdbc.export.ExceptionFactory.createException(ExceptionFactory.java:309)
	at org.mariadb.jdbc.export.ExceptionFactory.create(ExceptionFactory.java:403)
	at org.mariadb.jdbc.message.ClientMessage.readPacket(ClientMessage.java:196)
	at org.mariadb.jdbc.client.impl.StandardClient.readPacket(StandardClient.java:1411)
	at org.mariadb.jdbc.client.impl.StandardClient.readResults(StandardClient.java:1350)
	at org.mariadb.jdbc.client.impl.StandardClient.readResponse(StandardClient.java:1269)
	at org.mariadb.jdbc.client.impl.StandardClient.execute(StandardClient.java:1193)
	at org.mariadb.jdbc.ClientPreparedStatement.executeInternal(ClientPreparedStatement.java:91)
	at org.mariadb.jdbc.ClientPreparedStatement.executeLargeUpdate(ClientPreparedStatement.java:345)
	at org.mariadb.jdbc.ClientPreparedStatement.executeUpdate(ClientPreparedStatement.java:322)
	at com.zaxxer.hikari.pool.ProxyPreparedStatement.executeUpdate(ProxyPreparedStatement.java:61)
	at com.zaxxer.hikari.pool.HikariProxyPreparedStatement.executeUpdate(HikariProxyPreparedStatement.java)
	at org.springframework.jdbc.core.JdbcTemplate.lambda$update$2(JdbcTemplate.java:977)
	at org.springframework.jdbc.core.JdbcTemplate.execute(JdbcTemplate.java:658)
	... 77 common frames omitted
2026-03-07 22:50:26 INFO  [69ac2d228d9c633ec57026e130ec3975] [http-nio-8084-exec-9] c.p.a.controller.BatchController : Manual trigger: monthly report generation
2026-03-07 22:50:26 INFO  [69ac2d228d9c633ec57026e130ec3975] [http-nio-8084-exec-9] c.p.a.s.ReportGenerationScheduler : Starting monthly report generation batch
2026-03-07 22:50:26 INFO  [69ac2d228d9c633ec57026e130ec3975] [http-nio-8084-exec-9] c.p.a.s.ReportGenerationScheduler : Found 0 active users for monthly reports
2026-03-07 22:50:26 INFO  [69ac2d228d9c633ec57026e130ec3975] [http-nio-8084-exec-9] c.p.a.s.ReportGenerationScheduler : Monthly report generation completed: success=0, fail=0
2026-03-07 22:52:50 INFO  [69ac2db2e463366d07b2b465acb2d3a7] [http-nio-8084-exec-1] c.p.a.controller.BatchController : Manual trigger: weekly report generation
2026-03-07 22:52:50 INFO  [69ac2db2e463366d07b2b465acb2d3a7] [http-nio-8084-exec-1] c.p.a.s.ReportGenerationScheduler : Starting weekly report generation batch
2026-03-07 22:52:50 INFO  [69ac2db2e463366d07b2b465acb2d3a7] [http-nio-8084-exec-1] c.p.a.s.ReportGenerationScheduler : Found 0 active users for weekly reports
2026-03-07 22:52:50 INFO  [69ac2db2e463366d07b2b465acb2d3a7] [http-nio-8084-exec-1] c.p.a.s.ReportGenerationScheduler : Weekly report generation completed: success=0, fail=0
2026-03-07 22:54:50 INFO  [69ac2e2a4bb50003f3ff7a74a5bc624f] [http-nio-8084-exec-5] c.p.a.controller.BatchController : Manual trigger: generate report for user: test-user-001, yearMonth: 2026-01
2026-03-07 22:54:50 INFO  [69ac2e2a4bb50003f3ff7a74a5bc624f] [http-nio-8084-exec-5] c.p.a.s.ReportGenerationScheduler : Generating monthly report for user: test-user-001
2026-03-07 22:54:50 INFO  [] [task-1] c.p.a.service.AnalyticsService : Calculating growth rate for user: test-user-001, month: 2026-01
2026-03-07 22:54:50 INFO  [] [task-3] c.p.a.service.AnalyticsService : Analyzing postpone pattern for user: test-user-001, month: 2026-01
2026-03-07 22:54:50 INFO  [] [task-4] c.p.a.service.AnalyticsService : Generating summary for user: test-user-001, month: 2026-01
2026-03-07 22:54:50 INFO  [] [task-2] c.p.a.service.AnalyticsService : Calculating timeline for user: test-user-001, month: 2026-01
2026-03-07 22:54:51 INFO  [] [task-3] c.p.a.service.AnalyticsService : Postpone pattern analyzed: worst day = THURSDAY
2026-03-07 22:54:51 INFO  [] [task-4] c.p.a.service.AnalyticsService : Summary generated: trend = -21%, focus time = 16:00-18:00
2026-03-07 22:54:51 INFO  [] [task-2] c.p.a.service.AnalyticsService : Timeline calculated with 6 months
2026-03-07 22:54:51 INFO  [] [task-1] c.p.a.service.AnalyticsService : Growth rate calculated: {previousRate=88, growthRate=-24, topicName=주제#101, currentRate=67}
2026-03-07 22:54:51 INFO  [69ac2e2a4bb50003f3ff7a74a5bc624f] [http-nio-8084-exec-5] c.p.analytics.adapter.RestApiAdapter : Calling Service B via REST API: http://localhost:8000 for user: test-user-001, reportType: GROWTH
2026-03-07 22:54:51 ERROR [69ac2e2a4bb50003f3ff7a74a5bc624f] [http-nio-8084-exec-5] c.p.analytics.adapter.RestApiAdapter : Failed to call Service B for user: test-user-001, error: 422 Unprocessable Content on POST request for "http://localhost:8000/ai/reports/generate": "{"detail":[{"type":"missing","loc":["body","user_id"],"msg":"Field required","input":{"userId":"test-user-001","reportType":"GROWTH","targetPeriod":"2026-01","statisticsData":{"previousRate":88,"growthRate":-24,"topicName":"주제#101","currentRate":67}}},{"type":"missing","loc":["body","year_month"],"msg":"Field required","input":{"userId":"test-user-001","reportType":"GROWTH","targetPeriod":"2026-01","statisticsData":{"previousRate":88,"growthRate":-24,"topicName":"주제#101","currentRate":67}}},{"type":"missing","loc":["body","week"],"msg":"Field required","input":{"userId":"test-user-001","reportType":"GROWTH","targetPeriod":"2026-01","statisticsData":{"previousRate":88,"growthRate":-24,"topicName":"주제#101","currentRate":67}}},{"type":"missing","loc":["body","stats_data"],"msg":"Field required","input":{"userId":"test-user-001","reportType":"GROWTH","targetPeriod":"2026-01","statisticsData":{"previousRate":88,"growthRate":-24,"topicName":"주제#101","currentRate":67}}}]}"
org.springframework.web.client.HttpClientErrorException$UnprocessableEntity: 422 Unprocessable Content on POST request for "http://localhost:8000/ai/reports/generate": "{"detail":[{"type":"missing","loc":["body","user_id"],"msg":"Field required","input":{"userId":"test-user-001","reportType":"GROWTH","targetPeriod":"2026-01","statisticsData":{"previousRate":88,"growthRate":-24,"topicName":"주제#101","currentRate":67}}},{"type":"missing","loc":["body","year_month"],"msg":"Field required","input":{"userId":"test-user-001","reportType":"GROWTH","targetPeriod":"2026-01","statisticsData":{"previousRate":88,"growthRate":-24,"topicName":"주제#101","currentRate":67}}},{"type":"missing","loc":["body","week"],"msg":"Field required","input":{"userId":"test-user-001","reportType":"GROWTH","targetPeriod":"2026-01","statisticsData":{"previousRate":88,"growthRate":-24,"topicName":"주제#101","currentRate":67}}},{"type":"missing","loc":["body","stats_data"],"msg":"Field required","input":{"userId":"test-user-001","reportType":"GROWTH","targetPeriod":"2026-01","statisticsData":{"previousRate":88,"growthRate":-24,"topicName":"주제#101","currentRate":67}}}]}"
	at org.springframework.web.client.HttpClientErrorException.create(HttpClientErrorException.java:133)
	at org.springframework.web.client.DefaultResponseErrorHandler.handleError(DefaultResponseErrorHandler.java:186)
	at org.springframework.web.client.DefaultResponseErrorHandler.handleError(DefaultResponseErrorHandler.java:147)
	at org.springframework.web.client.RestTemplate.handleResponse(RestTemplate.java:953)
	at org.springframework.web.client.RestTemplate.doExecute(RestTemplate.java:902)
	at org.springframework.web.client.RestTemplate.execute(RestTemplate.java:801)
	at org.springframework.web.client.RestTemplate.postForObject(RestTemplate.java:518)
	at com.planit.analytics.adapter.RestApiAdapter.generateReport(RestApiAdapter.java:47)
	at com.planit.analytics.scheduler.ReportGenerationScheduler.generateAndSaveReport(ReportGenerationScheduler.java:215)
	at com.planit.analytics.scheduler.ReportGenerationScheduler.generateMonthlyReportForUser(ReportGenerationScheduler.java:180)
	at java.base/jdk.internal.reflect.NativeMethodAccessorImpl.invoke0(Native Method)
	at java.base/jdk.internal.reflect.NativeMethodAccessorImpl.invoke(NativeMethodAccessorImpl.java:77)
	at java.base/jdk.internal.reflect.DelegatingMethodAccessorImpl.invoke(DelegatingMethodAccessorImpl.java:43)
	at java.base/java.lang.reflect.Method.invoke(Method.java:569)
	at org.springframework.aop.support.AopUtils.invokeJoinpointUsingReflection(AopUtils.java:360)
	at org.springframework.aop.framework.CglibAopProxy$DynamicAdvisedInterceptor.intercept(CglibAopProxy.java:724)
	at com.planit.analytics.scheduler.ReportGenerationScheduler$$SpringCGLIB$$0.generateMonthlyReportForUser(<generated>)
	at com.planit.analytics.controller.BatchController.generateReportForUser(BatchController.java:103)
	at java.base/jdk.internal.reflect.NativeMethodAccessorImpl.invoke0(Native Method)
	at java.base/jdk.internal.reflect.NativeMethodAccessorImpl.invoke(NativeMethodAccessorImpl.java:77)
	at java.base/jdk.internal.reflect.DelegatingMethodAccessorImpl.invoke(DelegatingMethodAccessorImpl.java:43)
	at java.base/java.lang.reflect.Method.invoke(Method.java:569)
	at org.springframework.web.method.support.InvocableHandlerMethod.doInvoke(InvocableHandlerMethod.java:258)
	at org.springframework.web.method.support.InvocableHandlerMethod.invokeForRequest(InvocableHandlerMethod.java:191)
	at org.springframework.web.servlet.mvc.method.annotation.ServletInvocableHandlerMethod.invokeAndHandle(ServletInvocableHandlerMethod.java:118)
	at org.springframework.web.servlet.mvc.method.annotation.RequestMappingHandlerAdapter.invokeHandlerMethod(RequestMappingHandlerAdapter.java:991)
	at org.springframework.web.servlet.mvc.method.annotation.RequestMappingHandlerAdapter.handleInternal(RequestMappingHandlerAdapter.java:896)
	at org.springframework.web.servlet.mvc.method.AbstractHandlerMethodAdapter.handle(AbstractHandlerMethodAdapter.java:87)
	at org.springframework.web.servlet.DispatcherServlet.doDispatch(DispatcherServlet.java:1089)
	at org.springframework.web.servlet.DispatcherServlet.doService(DispatcherServlet.java:979)
	at org.springframework.web.servlet.FrameworkServlet.processRequest(FrameworkServlet.java:1014)
	at org.springframework.web.servlet.FrameworkServlet.doPost(FrameworkServlet.java:914)
	at jakarta.servlet.http.HttpServlet.service(HttpServlet.java:590)
	at org.springframework.web.servlet.FrameworkServlet.service(FrameworkServlet.java:885)
	at jakarta.servlet.http.HttpServlet.service(HttpServlet.java:658)
	at org.apache.catalina.core.ApplicationFilterChain.internalDoFilter(ApplicationFilterChain.java:193)
	at org.apache.catalina.core.ApplicationFilterChain.doFilter(ApplicationFilterChain.java:138)
	at org.apache.tomcat.websocket.server.WsFilter.doFilter(WsFilter.java:51)
	at org.apache.catalina.core.ApplicationFilterChain.internalDoFilter(ApplicationFilterChain.java:162)
	at org.apache.catalina.core.ApplicationFilterChain.doFilter(ApplicationFilterChain.java:138)
	at org.springframework.web.filter.RequestContextFilter.doFilterInternal(RequestContextFilter.java:100)
	at org.springframework.web.filter.OncePerRequestFilter.doFilter(OncePerRequestFilter.java:116)
	at org.apache.catalina.core.ApplicationFilterChain.internalDoFilter(ApplicationFilterChain.java:162)
	at org.apache.catalina.core.ApplicationFilterChain.doFilter(ApplicationFilterChain.java:138)
	at org.springframework.web.filter.FormContentFilter.doFilterInternal(FormContentFilter.java:93)
	at org.springframework.web.filter.OncePerRequestFilter.doFilter(OncePerRequestFilter.java:116)
	at org.apache.catalina.core.ApplicationFilterChain.internalDoFilter(ApplicationFilterChain.java:162)
	at org.apache.catalina.core.ApplicationFilterChain.doFilter(ApplicationFilterChain.java:138)
	at org.springframework.web.filter.ServerHttpObservationFilter.doFilterInternal(ServerHttpObservationFilter.java:110)
	at org.springframework.web.filter.OncePerRequestFilter.doFilter(OncePerRequestFilter.java:116)
	at org.apache.catalina.core.ApplicationFilterChain.internalDoFilter(ApplicationFilterChain.java:162)
	at org.apache.catalina.core.ApplicationFilterChain.doFilter(ApplicationFilterChain.java:138)
	at org.springframework.web.filter.CharacterEncodingFilter.doFilterInternal(CharacterEncodingFilter.java:201)
	at org.springframework.web.filter.OncePerRequestFilter.doFilter(OncePerRequestFilter.java:116)
	at org.apache.catalina.core.ApplicationFilterChain.internalDoFilter(ApplicationFilterChain.java:162)
	at org.apache.catalina.core.ApplicationFilterChain.doFilter(ApplicationFilterChain.java:138)
	at org.apache.catalina.core.StandardWrapperValve.invoke(StandardWrapperValve.java:165)
	at org.apache.catalina.core.StandardContextValve.invoke(StandardContextValve.java:88)
	at org.apache.catalina.authenticator.AuthenticatorBase.invoke(AuthenticatorBase.java:492)
	at org.apache.catalina.core.StandardHostValve.invoke(StandardHostValve.java:113)
	at org.apache.catalina.valves.ErrorReportValve.invoke(ErrorReportValve.java:83)
	at org.apache.catalina.core.StandardEngineValve.invoke(StandardEngineValve.java:72)
	at org.apache.catalina.connector.CoyoteAdapter.service(CoyoteAdapter.java:342)
	at org.apache.coyote.http11.Http11Processor.service(Http11Processor.java:399)
	at org.apache.coyote.AbstractProcessorLight.process(AbstractProcessorLight.java:63)
	at org.apache.coyote.AbstractProtocol$ConnectionHandler.process(AbstractProtocol.java:903)
	at org.apache.tomcat.util.net.NioEndpoint$SocketProcessor.doRun(NioEndpoint.java:1775)
	at org.apache.tomcat.util.net.SocketProcessorBase.run(SocketProcessorBase.java:52)
	at org.apache.tomcat.util.threads.ThreadPoolExecutor.runWorker(ThreadPoolExecutor.java:973)
	at org.apache.tomcat.util.threads.ThreadPoolExecutor$Worker.run(ThreadPoolExecutor.java:491)
	at org.apache.tomcat.util.threads.TaskThread$WrappingRunnable.run(TaskThread.java:63)
	at java.base/java.lang.Thread.run(Thread.java:840)
2026-03-07 22:54:51 WARN  [69ac2e2a4bb50003f3ff7a74a5bc624f] [http-nio-8084-exec-5] c.p.a.s.ReportGenerationScheduler : AI report generation failed for user: test-user-001, type: GROWTH, error: Service B 호출 실패: 422 Unprocessable Content on POST request for "http://localhost:8000/ai/reports/generate": "{"detail":[{"type":"missing","loc":["body","user_id"],"msg":"Field required","input":{"userId":"test-user-001","reportType":"GROWTH","targetPeriod":"2026-01","statisticsData":{"previousRate":88,"growthRate":-24,"topicName":"주제#101","currentRate":67}}},{"type":"missing","loc":["body","year_month"],"msg":"Field required","input":{"userId":"test-user-001","reportType":"GROWTH","targetPeriod":"2026-01","statisticsData":{"previousRate":88,"growthRate":-24,"topicName":"주제#101","currentRate":67}}},{"type":"missing","loc":["body","week"],"msg":"Field required","input":{"userId":"test-user-001","reportType":"GROWTH","targetPeriod":"2026-01","statisticsData":{"previousRate":88,"growthRate":-24,"topicName":"주제#101","currentRate":67}}},{"type":"missing","loc":["body","stats_data"],"msg":"Field required","input":{"userId":"test-user-001","reportType":"GROWTH","targetPeriod":"2026-01","statisticsData":{"previousRate":88,"growthRate":-24,"topicName":"주제#101","currentRate":67}}}]}"
2026-03-07 22:54:51 INFO  [69ac2e2a4bb50003f3ff7a74a5bc624f] [http-nio-8084-exec-5] c.p.analytics.adapter.RestApiAdapter : Calling Service B via REST API: http://localhost:8000 for user: test-user-001, reportType: TIMELINE
2026-03-07 22:54:51 ERROR [69ac2e2a4bb50003f3ff7a74a5bc624f] [http-nio-8084-exec-5] c.p.analytics.adapter.RestApiAdapter : Failed to call Service B for user: test-user-001, error: 422 Unprocessable Content on POST request for "http://localhost:8000/ai/reports/generate": "{"detail":[{"type":"missing","loc":["body","user_id"],"msg":"Field required","input":{"userId":"test-user-001","reportType":"TIMELINE","targetPeriod":"2026-01","statisticsData":{"chartData":[{"month":"8월","rate":0},{"month":"9월","rate":0},{"month":"10월","rate":0},{"month":"11월","rate":0},{"month":"12월","rate":88},{"month":"1월","rate":67}]}}},{"type":"missing","loc":["body","year_month"],"msg":"Field required","input":{"userId":"test-user-001","reportType":"TIMELINE","targetPeriod":"2026-01","statisticsData":{"chartData":[{"month":"8월","rate":0},{"month":"9월","rate":0},{"month":"10월","rate":0},{"month":"11월","rate":0},{"month":"12월","rate":88},{"month":"1월","rate":67}]}}},{"type":"missing","loc":["body","week"],"msg":"Field required","input":{"userId":"test-user-001","reportType":"TIMELINE","targetPeriod":"2026-01","statisticsData":{"chartData":[{"month":"8월","rate":0},{"month":"9월","rate":0},{"month":"10월","rate":0},{"month":"11월","rate":0},{"month":"12월","rate":88},{"month":"1월","rate":67}]}}},{"type":"missing","loc":["body","stats_data"],"msg":"Field required","input":{"userId":"test-user-001","reportType":"TIMELINE","targetPeriod":"2026-01","statisticsData":{"chartData":[{"month":"8월","rate":0},{"month":"9월","rate":0},{"month":"10월","rate":0},{"month":"11월","rate":0},{"month":"12월","rate":88},{"month":"1월","rate":67}]}}}]}"
org.springframework.web.client.HttpClientErrorException$UnprocessableEntity: 422 Unprocessable Content on POST request for "http://localhost:8000/ai/reports/generate": "{"detail":[{"type":"missing","loc":["body","user_id"],"msg":"Field required","input":{"userId":"test-user-001","reportType":"TIMELINE","targetPeriod":"2026-01","statisticsData":{"chartData":[{"month":"8월","rate":0},{"month":"9월","rate":0},{"month":"10월","rate":0},{"month":"11월","rate":0},{"month":"12월","rate":88},{"month":"1월","rate":67}]}}},{"type":"missing","loc":["body","year_month"],"msg":"Field required","input":{"userId":"test-user-001","reportType":"TIMELINE","targetPeriod":"2026-01","statisticsData":{"chartData":[{"month":"8월","rate":0},{"month":"9월","rate":0},{"month":"10월","rate":0},{"month":"11월","rate":0},{"month":"12월","rate":88},{"month":"1월","rate":67}]}}},{"type":"missing","loc":["body","week"],"msg":"Field required","input":{"userId":"test-user-001","reportType":"TIMELINE","targetPeriod":"2026-01","statisticsData":{"chartData":[{"month":"8월","rate":0},{"month":"9월","rate":0},{"month":"10월","rate":0},{"month":"11월","rate":0},{"month":"12월","rate":88},{"month":"1월","rate":67}]}}},{"type":"missing","loc":["body","stats_data"],"msg":"Field required","input":{"userId":"test-user-001","reportType":"TIMELINE","targetPeriod":"2026-01","statisticsData":{"chartData":[{"month":"8월","rate":0},{"month":"9월","rate":0},{"month":"10월","rate":0},{"month":"11월","rate":0},{"month":"12월","rate":88},{"month":"1월","rate":67}]}}}]}"
	at org.springframework.web.client.HttpClientErrorException.create(HttpClientErrorException.java:133)
	at org.springframework.web.client.DefaultResponseErrorHandler.handleError(DefaultResponseErrorHandler.java:186)
	at org.springframework.web.client.DefaultResponseErrorHandler.handleError(DefaultResponseErrorHandler.java:147)
	at org.springframework.web.client.RestTemplate.handleResponse(RestTemplate.java:953)
	at org.springframework.web.client.RestTemplate.doExecute(RestTemplate.java:902)
	at org.springframework.web.client.RestTemplate.execute(RestTemplate.java:801)
	at org.springframework.web.client.RestTemplate.postForObject(RestTemplate.java:518)
	at com.planit.analytics.adapter.RestApiAdapter.generateReport(RestApiAdapter.java:47)
	at com.planit.analytics.scheduler.ReportGenerationScheduler.generateAndSaveReport(ReportGenerationScheduler.java:215)
	at com.planit.analytics.scheduler.ReportGenerationScheduler.generateMonthlyReportForUser(ReportGenerationScheduler.java:184)
	at java.base/jdk.internal.reflect.NativeMethodAccessorImpl.invoke0(Native Method)
	at java.base/jdk.internal.reflect.NativeMethodAccessorImpl.invoke(NativeMethodAccessorImpl.java:77)
	at java.base/jdk.internal.reflect.DelegatingMethodAccessorImpl.invoke(DelegatingMethodAccessorImpl.java:43)
	at java.base/java.lang.reflect.Method.invoke(Method.java:569)
	at org.springframework.aop.support.AopUtils.invokeJoinpointUsingReflection(AopUtils.java:360)
	at org.springframework.aop.framework.CglibAopProxy$DynamicAdvisedInterceptor.intercept(CglibAopProxy.java:724)
	at com.planit.analytics.scheduler.ReportGenerationScheduler$$SpringCGLIB$$0.generateMonthlyReportForUser(<generated>)
	at com.planit.analytics.controller.BatchController.generateReportForUser(BatchController.java:103)
	at java.base/jdk.internal.reflect.NativeMethodAccessorImpl.invoke0(Native Method)
	at java.base/jdk.internal.reflect.NativeMethodAccessorImpl.invoke(NativeMethodAccessorImpl.java:77)
	at java.base/jdk.internal.reflect.DelegatingMethodAccessorImpl.invoke(DelegatingMethodAccessorImpl.java:43)
	at java.base/java.lang.reflect.Method.invoke(Method.java:569)
	at org.springframework.web.method.support.InvocableHandlerMethod.doInvoke(InvocableHandlerMethod.java:258)
	at org.springframework.web.method.support.InvocableHandlerMethod.invokeForRequest(InvocableHandlerMethod.java:191)
	at org.springframework.web.servlet.mvc.method.annotation.ServletInvocableHandlerMethod.invokeAndHandle(ServletInvocableHandlerMethod.java:118)
	at org.springframework.web.servlet.mvc.method.annotation.RequestMappingHandlerAdapter.invokeHandlerMethod(RequestMappingHandlerAdapter.java:991)
	at org.springframework.web.servlet.mvc.method.annotation.RequestMappingHandlerAdapter.handleInternal(RequestMappingHandlerAdapter.java:896)
	at org.springframework.web.servlet.mvc.method.AbstractHandlerMethodAdapter.handle(AbstractHandlerMethodAdapter.java:87)
	at org.springframework.web.servlet.DispatcherServlet.doDispatch(DispatcherServlet.java:1089)
	at org.springframework.web.servlet.DispatcherServlet.doService(DispatcherServlet.java:979)
	at org.springframework.web.servlet.FrameworkServlet.processRequest(FrameworkServlet.java:1014)
	at org.springframework.web.servlet.FrameworkServlet.doPost(FrameworkServlet.java:914)
	at jakarta.servlet.http.HttpServlet.service(HttpServlet.java:590)
	at org.springframework.web.servlet.FrameworkServlet.service(FrameworkServlet.java:885)
	at jakarta.servlet.http.HttpServlet.service(HttpServlet.java:658)
	at org.apache.catalina.core.ApplicationFilterChain.internalDoFilter(ApplicationFilterChain.java:193)
	at org.apache.catalina.core.ApplicationFilterChain.doFilter(ApplicationFilterChain.java:138)
	at org.apache.tomcat.websocket.server.WsFilter.doFilter(WsFilter.java:51)
	at org.apache.catalina.core.ApplicationFilterChain.internalDoFilter(ApplicationFilterChain.java:162)
	at org.apache.catalina.core.ApplicationFilterChain.doFilter(ApplicationFilterChain.java:138)
	at org.springframework.web.filter.RequestContextFilter.doFilterInternal(RequestContextFilter.java:100)
	at org.springframework.web.filter.OncePerRequestFilter.doFilter(OncePerRequestFilter.java:116)
	at org.apache.catalina.core.ApplicationFilterChain.internalDoFilter(ApplicationFilterChain.java:162)
	at org.apache.catalina.core.ApplicationFilterChain.doFilter(ApplicationFilterChain.java:138)
	at org.springframework.web.filter.FormContentFilter.doFilterInternal(FormContentFilter.java:93)
	at org.springframework.web.filter.OncePerRequestFilter.doFilter(OncePerRequestFilter.java:116)
	at org.apache.catalina.core.ApplicationFilterChain.internalDoFilter(ApplicationFilterChain.java:162)
	at org.apache.catalina.core.ApplicationFilterChain.doFilter(ApplicationFilterChain.java:138)
	at org.springframework.web.filter.ServerHttpObservationFilter.doFilterInternal(ServerHttpObservationFilter.java:110)
	at org.springframework.web.filter.OncePerRequestFilter.doFilter(OncePerRequestFilter.java:116)
	at org.apache.catalina.core.ApplicationFilterChain.internalDoFilter(ApplicationFilterChain.java:162)
	at org.apache.catalina.core.ApplicationFilterChain.doFilter(ApplicationFilterChain.java:138)
	at org.springframework.web.filter.CharacterEncodingFilter.doFilterInternal(CharacterEncodingFilter.java:201)
	at org.springframework.web.filter.OncePerRequestFilter.doFilter(OncePerRequestFilter.java:116)
	at org.apache.catalina.core.ApplicationFilterChain.internalDoFilter(ApplicationFilterChain.java:162)
	at org.apache.catalina.core.ApplicationFilterChain.doFilter(ApplicationFilterChain.java:138)
	at org.apache.catalina.core.StandardWrapperValve.invoke(StandardWrapperValve.java:165)
	at org.apache.catalina.core.StandardContextValve.invoke(StandardContextValve.java:88)
	at org.apache.catalina.authenticator.AuthenticatorBase.invoke(AuthenticatorBase.java:492)
	at org.apache.catalina.core.StandardHostValve.invoke(StandardHostValve.java:113)
	at org.apache.catalina.valves.ErrorReportValve.invoke(ErrorReportValve.java:83)
	at org.apache.catalina.core.StandardEngineValve.invoke(StandardEngineValve.java:72)
	at org.apache.catalina.connector.CoyoteAdapter.service(CoyoteAdapter.java:342)
	at org.apache.coyote.http11.Http11Processor.service(Http11Processor.java:399)
	at org.apache.coyote.AbstractProcessorLight.process(AbstractProcessorLight.java:63)
	at org.apache.coyote.AbstractProtocol$ConnectionHandler.process(AbstractProtocol.java:903)
	at org.apache.tomcat.util.net.NioEndpoint$SocketProcessor.doRun(NioEndpoint.java:1775)
	at org.apache.tomcat.util.net.SocketProcessorBase.run(SocketProcessorBase.java:52)
	at org.apache.tomcat.util.threads.ThreadPoolExecutor.runWorker(ThreadPoolExecutor.java:973)
	at org.apache.tomcat.util.threads.ThreadPoolExecutor$Worker.run(ThreadPoolExecutor.java:491)
	at org.apache.tomcat.util.threads.TaskThread$WrappingRunnable.run(TaskThread.java:63)
	at java.base/java.lang.Thread.run(Thread.java:840)
2026-03-07 22:54:51 WARN  [69ac2e2a4bb50003f3ff7a74a5bc624f] [http-nio-8084-exec-5] c.p.a.s.ReportGenerationScheduler : AI report generation failed for user: test-user-001, type: TIMELINE, error: Service B 호출 실패: 422 Unprocessable Content on POST request for "http://localhost:8000/ai/reports/generate": "{"detail":[{"type":"missing","loc":["body","user_id"],"msg":"Field required","input":{"userId":"test-user-001","reportType":"TIMELINE","targetPeriod":"2026-01","statisticsData":{"chartData":[{"month":"8월","rate":0},{"month":"9월","rate":0},{"month":"10월","rate":0},{"month":"11월","rate":0},{"month":"12월","rate":88},{"month":"1월","rate":67}]}}},{"type":"missing","loc":["body","year_month"],"msg":"Field required","input":{"userId":"test-user-001","reportType":"TIMELINE","targetPeriod":"2026-01","statisticsData":{"chartData":[{"month":"8월","rate":0},{"month":"9월","rate":0},{"month":"10월","rate":0},{"month":"11월","rate":0},{"month":"12월","rate":88},{"month":"1월","rate":67}]}}},{"type":"missing","loc":["body","week"],"msg":"Field required","input":{"userId":"test-user-001","reportType":"TIMELINE","targetPeriod":"2026-01","statisticsData":{"chartData":[{"month":"8월","rate":0},{"month":"9월","rate":0},{"month":"10월","rate":0},{"month":"11월","rate":0},{"month":"12월","rate":88},{"month":"1월","rate":67}]}}},{"type":"missing","loc":["body","stats_data"],"msg":"Field required","input":{"userId":"test-user-001","reportType":"TIMELINE","targetPeriod":"2026-01","statisticsData":{"chartData":[{"month":"8월","rate":0},{"month":"9월","rate":0},{"month":"10월","rate":0},{"month":"11월","rate":0},{"month":"12월","rate":88},{"month":"1월","rate":67}]}}}]}"
2026-03-07 22:54:51 INFO  [69ac2e2a4bb50003f3ff7a74a5bc624f] [http-nio-8084-exec-5] c.p.analytics.adapter.RestApiAdapter : Calling Service B via REST API: http://localhost:8000 for user: test-user-001, reportType: PATTERN
2026-03-07 22:54:51 ERROR [69ac2e2a4bb50003f3ff7a74a5bc624f] [http-nio-8084-exec-5] c.p.analytics.adapter.RestApiAdapter : Failed to call Service B for user: test-user-001, error: 422 Unprocessable Content on POST request for "http://localhost:8000/ai/reports/generate": "{"detail":[{"type":"missing","loc":["body","user_id"],"msg":"Field required","input":{"userId":"test-user-001","reportType":"PATTERN","targetPeriod":"2026-01","statisticsData":{"worstDay":"THURSDAY","avgPostponeCount":1,"chart":[{"count":0,"day":"MONDAY"},{"count":1,"day":"TUESDAY"},{"count":0,"day":"WEDNESDAY"},{"count":2,"day":"THURSDAY"},{"count":0,"day":"FRIDAY"},{"count":0,"day":"SATURDAY"},{"count":0,"day":"SUNDAY"}]}}},{"type":"missing","loc":["body","year_month"],"msg":"Field required","input":{"userId":"test-user-001","reportType":"PATTERN","targetPeriod":"2026-01","statisticsData":{"worstDay":"THURSDAY","avgPostponeCount":1,"chart":[{"count":0,"day":"MONDAY"},{"count":1,"day":"TUESDAY"},{"count":0,"day":"WEDNESDAY"},{"count":2,"day":"THURSDAY"},{"count":0,"day":"FRIDAY"},{"count":0,"day":"SATURDAY"},{"count":0,"day":"SUNDAY"}]}}},{"type":"missing","loc":["body","week"],"msg":"Field required","input":{"userId":"test-user-001","reportType":"PATTERN","targetPeriod":"2026-01","statisticsData":{"worstDay":"THURSDAY","avgPostponeCount":1,"chart":[{"count":0,"day":"MONDAY"},{"count":1,"day":"TUESDAY"},{"count":0,"day":"WEDNESDAY"},{"count":2,"day":"THURSDAY"},{"count":0,"day":"FRIDAY"},{"count":0,"day":"SATURDAY"},{"count":0,"day":"SUNDAY"}]}}},{"type":"missing","loc":["body","stats_data"],"msg":"Field required","input":{"userId":"test-user-001","reportType":"PATTERN","targetPeriod":"2026-01","statisticsData":{"worstDay":"THURSDAY","avgPostponeCount":1,"chart":[{"count":0,"day":"MONDAY"},{"count":1,"day":"TUESDAY"},{"count":0,"day":"WEDNESDAY"},{"count":2,"day":"THURSDAY"},{"count":0,"day":"FRIDAY"},{"count":0,"day":"SATURDAY"},{"count":0,"day":"SUNDAY"}]}}}]}"
org.springframework.web.client.HttpClientErrorException$UnprocessableEntity: 422 Unprocessable Content on POST request for "http://localhost:8000/ai/reports/generate": "{"detail":[{"type":"missing","loc":["body","user_id"],"msg":"Field required","input":{"userId":"test-user-001","reportType":"PATTERN","targetPeriod":"2026-01","statisticsData":{"worstDay":"THURSDAY","avgPostponeCount":1,"chart":[{"count":0,"day":"MONDAY"},{"count":1,"day":"TUESDAY"},{"count":0,"day":"WEDNESDAY"},{"count":2,"day":"THURSDAY"},{"count":0,"day":"FRIDAY"},{"count":0,"day":"SATURDAY"},{"count":0,"day":"SUNDAY"}]}}},{"type":"missing","loc":["body","year_month"],"msg":"Field required","input":{"userId":"test-user-001","reportType":"PATTERN","targetPeriod":"2026-01","statisticsData":{"worstDay":"THURSDAY","avgPostponeCount":1,"chart":[{"count":0,"day":"MONDAY"},{"count":1,"day":"TUESDAY"},{"count":0,"day":"WEDNESDAY"},{"count":2,"day":"THURSDAY"},{"count":0,"day":"FRIDAY"},{"count":0,"day":"SATURDAY"},{"count":0,"day":"SUNDAY"}]}}},{"type":"missing","loc":["body","week"],"msg":"Field required","input":{"userId":"test-user-001","reportType":"PATTERN","targetPeriod":"2026-01","statisticsData":{"worstDay":"THURSDAY","avgPostponeCount":1,"chart":[{"count":0,"day":"MONDAY"},{"count":1,"day":"TUESDAY"},{"count":0,"day":"WEDNESDAY"},{"count":2,"day":"THURSDAY"},{"count":0,"day":"FRIDAY"},{"count":0,"day":"SATURDAY"},{"count":0,"day":"SUNDAY"}]}}},{"type":"missing","loc":["body","stats_data"],"msg":"Field required","input":{"userId":"test-user-001","reportType":"PATTERN","targetPeriod":"2026-01","statisticsData":{"worstDay":"THURSDAY","avgPostponeCount":1,"chart":[{"count":0,"day":"MONDAY"},{"count":1,"day":"TUESDAY"},{"count":0,"day":"WEDNESDAY"},{"count":2,"day":"THURSDAY"},{"count":0,"day":"FRIDAY"},{"count":0,"day":"SATURDAY"},{"count":0,"day":"SUNDAY"}]}}}]}"
	at org.springframework.web.client.HttpClientErrorException.create(HttpClientErrorException.java:133)
	at org.springframework.web.client.DefaultResponseErrorHandler.handleError(DefaultResponseErrorHandler.java:186)
	at org.springframework.web.client.DefaultResponseErrorHandler.handleError(DefaultResponseErrorHandler.java:147)
	at org.springframework.web.client.RestTemplate.handleResponse(RestTemplate.java:953)
	at org.springframework.web.client.RestTemplate.doExecute(RestTemplate.java:902)
	at org.springframework.web.client.RestTemplate.execute(RestTemplate.java:801)
	at org.springframework.web.client.RestTemplate.postForObject(RestTemplate.java:518)
	at com.planit.analytics.adapter.RestApiAdapter.generateReport(RestApiAdapter.java:47)
	at com.planit.analytics.scheduler.ReportGenerationScheduler.generateAndSaveReport(ReportGenerationScheduler.java:215)
	at com.planit.analytics.scheduler.ReportGenerationScheduler.generateMonthlyReportForUser(ReportGenerationScheduler.java:188)
	at java.base/jdk.internal.reflect.NativeMethodAccessorImpl.invoke0(Native Method)
	at java.base/jdk.internal.reflect.NativeMethodAccessorImpl.invoke(NativeMethodAccessorImpl.java:77)
	at java.base/jdk.internal.reflect.DelegatingMethodAccessorImpl.invoke(DelegatingMethodAccessorImpl.java:43)
	at java.base/java.lang.reflect.Method.invoke(Method.java:569)
	at org.springframework.aop.support.AopUtils.invokeJoinpointUsingReflection(AopUtils.java:360)
	at org.springframework.aop.framework.CglibAopProxy$DynamicAdvisedInterceptor.intercept(CglibAopProxy.java:724)
	at com.planit.analytics.scheduler.ReportGenerationScheduler$$SpringCGLIB$$0.generateMonthlyReportForUser(<generated>)
	at com.planit.analytics.controller.BatchController.generateReportForUser(BatchController.java:103)
	at java.base/jdk.internal.reflect.NativeMethodAccessorImpl.invoke0(Native Method)
	at java.base/jdk.internal.reflect.NativeMethodAccessorImpl.invoke(NativeMethodAccessorImpl.java:77)
	at java.base/jdk.internal.reflect.DelegatingMethodAccessorImpl.invoke(DelegatingMethodAccessorImpl.java:43)
	at java.base/java.lang.reflect.Method.invoke(Method.java:569)
	at org.springframework.web.method.support.InvocableHandlerMethod.doInvoke(InvocableHandlerMethod.java:258)
	at org.springframework.web.method.support.InvocableHandlerMethod.invokeForRequest(InvocableHandlerMethod.java:191)
	at org.springframework.web.servlet.mvc.method.annotation.ServletInvocableHandlerMethod.invokeAndHandle(ServletInvocableHandlerMethod.java:118)
	at org.springframework.web.servlet.mvc.method.annotation.RequestMappingHandlerAdapter.invokeHandlerMethod(RequestMappingHandlerAdapter.java:991)
	at org.springframework.web.servlet.mvc.method.annotation.RequestMappingHandlerAdapter.handleInternal(RequestMappingHandlerAdapter.java:896)
	at org.springframework.web.servlet.mvc.method.AbstractHandlerMethodAdapter.handle(AbstractHandlerMethodAdapter.java:87)
	at org.springframework.web.servlet.DispatcherServlet.doDispatch(DispatcherServlet.java:1089)
	at org.springframework.web.servlet.DispatcherServlet.doService(DispatcherServlet.java:979)
	at org.springframework.web.servlet.FrameworkServlet.processRequest(FrameworkServlet.java:1014)
	at org.springframework.web.servlet.FrameworkServlet.doPost(FrameworkServlet.java:914)
	at jakarta.servlet.http.HttpServlet.service(HttpServlet.java:590)
	at org.springframework.web.servlet.FrameworkServlet.service(FrameworkServlet.java:885)
	at jakarta.servlet.http.HttpServlet.service(HttpServlet.java:658)
	at org.apache.catalina.core.ApplicationFilterChain.internalDoFilter(ApplicationFilterChain.java:193)
	at org.apache.catalina.core.ApplicationFilterChain.doFilter(ApplicationFilterChain.java:138)
	at org.apache.tomcat.websocket.server.WsFilter.doFilter(WsFilter.java:51)
	at org.apache.catalina.core.ApplicationFilterChain.internalDoFilter(ApplicationFilterChain.java:162)
	at org.apache.catalina.core.ApplicationFilterChain.doFilter(ApplicationFilterChain.java:138)
	at org.springframework.web.filter.RequestContextFilter.doFilterInternal(RequestContextFilter.java:100)
	at org.springframework.web.filter.OncePerRequestFilter.doFilter(OncePerRequestFilter.java:116)
	at org.apache.catalina.core.ApplicationFilterChain.internalDoFilter(ApplicationFilterChain.java:162)
	at org.apache.catalina.core.ApplicationFilterChain.doFilter(ApplicationFilterChain.java:138)
	at org.springframework.web.filter.FormContentFilter.doFilterInternal(FormContentFilter.java:93)
	at org.springframework.web.filter.OncePerRequestFilter.doFilter(OncePerRequestFilter.java:116)
	at org.apache.catalina.core.ApplicationFilterChain.internalDoFilter(ApplicationFilterChain.java:162)
	at org.apache.catalina.core.ApplicationFilterChain.doFilter(ApplicationFilterChain.java:138)
	at org.springframework.web.filter.ServerHttpObservationFilter.doFilterInternal(ServerHttpObservationFilter.java:110)
	at org.springframework.web.filter.OncePerRequestFilter.doFilter(OncePerRequestFilter.java:116)
	at org.apache.catalina.core.ApplicationFilterChain.internalDoFilter(ApplicationFilterChain.java:162)
	at org.apache.catalina.core.ApplicationFilterChain.doFilter(ApplicationFilterChain.java:138)
	at org.springframework.web.filter.CharacterEncodingFilter.doFilterInternal(CharacterEncodingFilter.java:201)
	at org.springframework.web.filter.OncePerRequestFilter.doFilter(OncePerRequestFilter.java:116)
	at org.apache.catalina.core.ApplicationFilterChain.internalDoFilter(ApplicationFilterChain.java:162)
	at org.apache.catalina.core.ApplicationFilterChain.doFilter(ApplicationFilterChain.java:138)
	at org.apache.catalina.core.StandardWrapperValve.invoke(StandardWrapperValve.java:165)
	at org.apache.catalina.core.StandardContextValve.invoke(StandardContextValve.java:88)
	at org.apache.catalina.authenticator.AuthenticatorBase.invoke(AuthenticatorBase.java:492)
	at org.apache.catalina.core.StandardHostValve.invoke(StandardHostValve.java:113)
	at org.apache.catalina.valves.ErrorReportValve.invoke(ErrorReportValve.java:83)
	at org.apache.catalina.core.StandardEngineValve.invoke(StandardEngineValve.java:72)
	at org.apache.catalina.connector.CoyoteAdapter.service(CoyoteAdapter.java:342)
	at org.apache.coyote.http11.Http11Processor.service(Http11Processor.java:399)
	at org.apache.coyote.AbstractProcessorLight.process(AbstractProcessorLight.java:63)
	at org.apache.coyote.AbstractProtocol$ConnectionHandler.process(AbstractProtocol.java:903)
	at org.apache.tomcat.util.net.NioEndpoint$SocketProcessor.doRun(NioEndpoint.java:1775)
	at org.apache.tomcat.util.net.SocketProcessorBase.run(SocketProcessorBase.java:52)
	at org.apache.tomcat.util.threads.ThreadPoolExecutor.runWorker(ThreadPoolExecutor.java:973)
	at org.apache.tomcat.util.threads.ThreadPoolExecutor$Worker.run(ThreadPoolExecutor.java:491)
	at org.apache.tomcat.util.threads.TaskThread$WrappingRunnable.run(TaskThread.java:63)
	at java.base/java.lang.Thread.run(Thread.java:840)
2026-03-07 22:54:51 WARN  [69ac2e2a4bb50003f3ff7a74a5bc624f] [http-nio-8084-exec-5] c.p.a.s.ReportGenerationScheduler : AI report generation failed for user: test-user-001, type: PATTERN, error: Service B 호출 실패: 422 Unprocessable Content on POST request for "http://localhost:8000/ai/reports/generate": "{"detail":[{"type":"missing","loc":["body","user_id"],"msg":"Field required","input":{"userId":"test-user-001","reportType":"PATTERN","targetPeriod":"2026-01","statisticsData":{"worstDay":"THURSDAY","avgPostponeCount":1,"chart":[{"count":0,"day":"MONDAY"},{"count":1,"day":"TUESDAY"},{"count":0,"day":"WEDNESDAY"},{"count":2,"day":"THURSDAY"},{"count":0,"day":"FRIDAY"},{"count":0,"day":"SATURDAY"},{"count":0,"day":"SUNDAY"}]}}},{"type":"missing","loc":["body","year_month"],"msg":"Field required","input":{"userId":"test-user-001","reportType":"PATTERN","targetPeriod":"2026-01","statisticsData":{"worstDay":"THURSDAY","avgPostponeCount":1,"chart":[{"count":0,"day":"MONDAY"},{"count":1,"day":"TUESDAY"},{"count":0,"day":"WEDNESDAY"},{"count":2,"day":"THURSDAY"},{"count":0,"day":"FRIDAY"},{"count":0,"day":"SATURDAY"},{"count":0,"day":"SUNDAY"}]}}},{"type":"missing","loc":["body","week"],"msg":"Field required","input":{"userId":"test-user-001","reportType":"PATTERN","targetPeriod":"2026-01","statisticsData":{"worstDay":"THURSDAY","avgPostponeCount":1,"chart":[{"count":0,"day":"MONDAY"},{"count":1,"day":"TUESDAY"},{"count":0,"day":"WEDNESDAY"},{"count":2,"day":"THURSDAY"},{"count":0,"day":"FRIDAY"},{"count":0,"day":"SATURDAY"},{"count":0,"day":"SUNDAY"}]}}},{"type":"missing","loc":["body","stats_data"],"msg":"Field required","input":{"userId":"test-user-001","reportType":"PATTERN","targetPeriod":"2026-01","statisticsData":{"worstDay":"THURSDAY","avgPostponeCount":1,"chart":[{"count":0,"day":"MONDAY"},{"count":1,"day":"TUESDAY"},{"count":0,"day":"WEDNESDAY"},{"count":2,"day":"THURSDAY"},{"count":0,"day":"FRIDAY"},{"count":0,"day":"SATURDAY"},{"count":0,"day":"SUNDAY"}]}}}]}"
2026-03-07 22:54:51 INFO  [69ac2e2a4bb50003f3ff7a74a5bc624f] [http-nio-8084-exec-5] c.p.analytics.adapter.RestApiAdapter : Calling Service B via REST API: http://localhost:8000 for user: test-user-001, reportType: SUMMARY
2026-03-07 22:54:51 ERROR [69ac2e2a4bb50003f3ff7a74a5bc624f] [http-nio-8084-exec-5] c.p.analytics.adapter.RestApiAdapter : Failed to call Service B for user: test-user-001, error: 422 Unprocessable Content on POST request for "http://localhost:8000/ai/reports/generate": "{"detail":[{"type":"missing","loc":["body","user_id"],"msg":"Field required","input":{"userId":"test-user-001","reportType":"SUMMARY","targetPeriod":"2026-01","statisticsData":{"achievementTrend":"-21%","bestFocusTime":"16:00-18:00","currentRate":67}}},{"type":"missing","loc":["body","year_month"],"msg":"Field required","input":{"userId":"test-user-001","reportType":"SUMMARY","targetPeriod":"2026-01","statisticsData":{"achievementTrend":"-21%","bestFocusTime":"16:00-18:00","currentRate":67}}},{"type":"missing","loc":["body","week"],"msg":"Field required","input":{"userId":"test-user-001","reportType":"SUMMARY","targetPeriod":"2026-01","statisticsData":{"achievementTrend":"-21%","bestFocusTime":"16:00-18:00","currentRate":67}}},{"type":"missing","loc":["body","stats_data"],"msg":"Field required","input":{"userId":"test-user-001","reportType":"SUMMARY","targetPeriod":"2026-01","statisticsData":{"achievementTrend":"-21%","bestFocusTime":"16:00-18:00","currentRate":67}}}]}"
org.springframework.web.client.HttpClientErrorException$UnprocessableEntity: 422 Unprocessable Content on POST request for "http://localhost:8000/ai/reports/generate": "{"detail":[{"type":"missing","loc":["body","user_id"],"msg":"Field required","input":{"userId":"test-user-001","reportType":"SUMMARY","targetPeriod":"2026-01","statisticsData":{"achievementTrend":"-21%","bestFocusTime":"16:00-18:00","currentRate":67}}},{"type":"missing","loc":["body","year_month"],"msg":"Field required","input":{"userId":"test-user-001","reportType":"SUMMARY","targetPeriod":"2026-01","statisticsData":{"achievementTrend":"-21%","bestFocusTime":"16:00-18:00","currentRate":67}}},{"type":"missing","loc":["body","week"],"msg":"Field required","input":{"userId":"test-user-001","reportType":"SUMMARY","targetPeriod":"2026-01","statisticsData":{"achievementTrend":"-21%","bestFocusTime":"16:00-18:00","currentRate":67}}},{"type":"missing","loc":["body","stats_data"],"msg":"Field required","input":{"userId":"test-user-001","reportType":"SUMMARY","targetPeriod":"2026-01","statisticsData":{"achievementTrend":"-21%","bestFocusTime":"16:00-18:00","currentRate":67}}}]}"
	at org.springframework.web.client.HttpClientErrorException.create(HttpClientErrorException.java:133)
	at org.springframework.web.client.DefaultResponseErrorHandler.handleError(DefaultResponseErrorHandler.java:186)
	at org.springframework.web.client.DefaultResponseErrorHandler.handleError(DefaultResponseErrorHandler.java:147)
	at org.springframework.web.client.RestTemplate.handleResponse(RestTemplate.java:953)
	at org.springframework.web.client.RestTemplate.doExecute(RestTemplate.java:902)
	at org.springframework.web.client.RestTemplate.execute(RestTemplate.java:801)
	at org.springframework.web.client.RestTemplate.postForObject(RestTemplate.java:518)
	at com.planit.analytics.adapter.RestApiAdapter.generateReport(RestApiAdapter.java:47)
	at com.planit.analytics.scheduler.ReportGenerationScheduler.generateAndSaveReport(ReportGenerationScheduler.java:215)
	at com.planit.analytics.scheduler.ReportGenerationScheduler.generateMonthlyReportForUser(ReportGenerationScheduler.java:192)
	at java.base/jdk.internal.reflect.NativeMethodAccessorImpl.invoke0(Native Method)
	at java.base/jdk.internal.reflect.NativeMethodAccessorImpl.invoke(NativeMethodAccessorImpl.java:77)
	at java.base/jdk.internal.reflect.DelegatingMethodAccessorImpl.invoke(DelegatingMethodAccessorImpl.java:43)
	at java.base/java.lang.reflect.Method.invoke(Method.java:569)
	at org.springframework.aop.support.AopUtils.invokeJoinpointUsingReflection(AopUtils.java:360)
	at org.springframework.aop.framework.CglibAopProxy$DynamicAdvisedInterceptor.intercept(CglibAopProxy.java:724)
	at com.planit.analytics.scheduler.ReportGenerationScheduler$$SpringCGLIB$$0.generateMonthlyReportForUser(<generated>)
	at com.planit.analytics.controller.BatchController.generateReportForUser(BatchController.java:103)
	at java.base/jdk.internal.reflect.NativeMethodAccessorImpl.invoke0(Native Method)
	at java.base/jdk.internal.reflect.NativeMethodAccessorImpl.invoke(NativeMethodAccessorImpl.java:77)
	at java.base/jdk.internal.reflect.DelegatingMethodAccessorImpl.invoke(DelegatingMethodAccessorImpl.java:43)
	at java.base/java.lang.reflect.Method.invoke(Method.java:569)
	at org.springframework.web.method.support.InvocableHandlerMethod.doInvoke(InvocableHandlerMethod.java:258)
	at org.springframework.web.method.support.InvocableHandlerMethod.invokeForRequest(InvocableHandlerMethod.java:191)
	at org.springframework.web.servlet.mvc.method.annotation.ServletInvocableHandlerMethod.invokeAndHandle(ServletInvocableHandlerMethod.java:118)
	at org.springframework.web.servlet.mvc.method.annotation.RequestMappingHandlerAdapter.invokeHandlerMethod(RequestMappingHandlerAdapter.java:991)
	at org.springframework.web.servlet.mvc.method.annotation.RequestMappingHandlerAdapter.handleInternal(RequestMappingHandlerAdapter.java:896)
	at org.springframework.web.servlet.mvc.method.AbstractHandlerMethodAdapter.handle(AbstractHandlerMethodAdapter.java:87)
	at org.springframework.web.servlet.DispatcherServlet.doDispatch(DispatcherServlet.java:1089)
	at org.springframework.web.servlet.DispatcherServlet.doService(DispatcherServlet.java:979)
	at org.springframework.web.servlet.FrameworkServlet.processRequest(FrameworkServlet.java:1014)
	at org.springframework.web.servlet.FrameworkServlet.doPost(FrameworkServlet.java:914)
	at jakarta.servlet.http.HttpServlet.service(HttpServlet.java:590)
	at org.springframework.web.servlet.FrameworkServlet.service(FrameworkServlet.java:885)
	at jakarta.servlet.http.HttpServlet.service(HttpServlet.java:658)
	at org.apache.catalina.core.ApplicationFilterChain.internalDoFilter(ApplicationFilterChain.java:193)
	at org.apache.catalina.core.ApplicationFilterChain.doFilter(ApplicationFilterChain.java:138)
	at org.apache.tomcat.websocket.server.WsFilter.doFilter(WsFilter.java:51)
	at org.apache.catalina.core.ApplicationFilterChain.internalDoFilter(ApplicationFilterChain.java:162)
	at org.apache.catalina.core.ApplicationFilterChain.doFilter(ApplicationFilterChain.java:138)
	at org.springframework.web.filter.RequestContextFilter.doFilterInternal(RequestContextFilter.java:100)
	at org.springframework.web.filter.OncePerRequestFilter.doFilter(OncePerRequestFilter.java:116)
	at org.apache.catalina.core.ApplicationFilterChain.internalDoFilter(ApplicationFilterChain.java:162)
	at org.apache.catalina.core.ApplicationFilterChain.doFilter(ApplicationFilterChain.java:138)
	at org.springframework.web.filter.FormContentFilter.doFilterInternal(FormContentFilter.java:93)
	at org.springframework.web.filter.OncePerRequestFilter.doFilter(OncePerRequestFilter.java:116)
	at org.apache.catalina.core.ApplicationFilterChain.internalDoFilter(ApplicationFilterChain.java:162)
	at org.apache.catalina.core.ApplicationFilterChain.doFilter(ApplicationFilterChain.java:138)
	at org.springframework.web.filter.ServerHttpObservationFilter.doFilterInternal(ServerHttpObservationFilter.java:110)
	at org.springframework.web.filter.OncePerRequestFilter.doFilter(OncePerRequestFilter.java:116)
	at org.apache.catalina.core.ApplicationFilterChain.internalDoFilter(ApplicationFilterChain.java:162)
	at org.apache.catalina.core.ApplicationFilterChain.doFilter(ApplicationFilterChain.java:138)
	at org.springframework.web.filter.CharacterEncodingFilter.doFilterInternal(CharacterEncodingFilter.java:201)
	at org.springframework.web.filter.OncePerRequestFilter.doFilter(OncePerRequestFilter.java:116)
	at org.apache.catalina.core.ApplicationFilterChain.internalDoFilter(ApplicationFilterChain.java:162)
	at org.apache.catalina.core.ApplicationFilterChain.doFilter(ApplicationFilterChain.java:138)
	at org.apache.catalina.core.StandardWrapperValve.invoke(StandardWrapperValve.java:165)
	at org.apache.catalina.core.StandardContextValve.invoke(StandardContextValve.java:88)
	at org.apache.catalina.authenticator.AuthenticatorBase.invoke(AuthenticatorBase.java:492)
	at org.apache.catalina.core.StandardHostValve.invoke(StandardHostValve.java:113)
	at org.apache.catalina.valves.ErrorReportValve.invoke(ErrorReportValve.java:83)
	at org.apache.catalina.core.StandardEngineValve.invoke(StandardEngineValve.java:72)
	at org.apache.catalina.connector.CoyoteAdapter.service(CoyoteAdapter.java:342)
	at org.apache.coyote.http11.Http11Processor.service(Http11Processor.java:399)
	at org.apache.coyote.AbstractProcessorLight.process(AbstractProcessorLight.java:63)
	at org.apache.coyote.AbstractProtocol$ConnectionHandler.process(AbstractProtocol.java:903)
	at org.apache.tomcat.util.net.NioEndpoint$SocketProcessor.doRun(NioEndpoint.java:1775)
	at org.apache.tomcat.util.net.SocketProcessorBase.run(SocketProcessorBase.java:52)
	at org.apache.tomcat.util.threads.ThreadPoolExecutor.runWorker(ThreadPoolExecutor.java:973)
	at org.apache.tomcat.util.threads.ThreadPoolExecutor$Worker.run(ThreadPoolExecutor.java:491)
	at org.apache.tomcat.util.threads.TaskThread$WrappingRunnable.run(TaskThread.java:63)
	at java.base/java.lang.Thread.run(Thread.java:840)
2026-03-07 22:54:51 WARN  [69ac2e2a4bb50003f3ff7a74a5bc624f] [http-nio-8084-exec-5] c.p.a.s.ReportGenerationScheduler : AI report generation failed for user: test-user-001, type: SUMMARY, error: Service B 호출 실패: 422 Unprocessable Content on POST request for "http://localhost:8000/ai/reports/generate": "{"detail":[{"type":"missing","loc":["body","user_id"],"msg":"Field required","input":{"userId":"test-user-001","reportType":"SUMMARY","targetPeriod":"2026-01","statisticsData":{"achievementTrend":"-21%","bestFocusTime":"16:00-18:00","currentRate":67}}},{"type":"missing","loc":["body","year_month"],"msg":"Field required","input":{"userId":"test-user-001","reportType":"SUMMARY","targetPeriod":"2026-01","statisticsData":{"achievementTrend":"-21%","bestFocusTime":"16:00-18:00","currentRate":67}}},{"type":"missing","loc":["body","week"],"msg":"Field required","input":{"userId":"test-user-001","reportType":"SUMMARY","targetPeriod":"2026-01","statisticsData":{"achievementTrend":"-21%","bestFocusTime":"16:00-18:00","currentRate":67}}},{"type":"missing","loc":["body","stats_data"],"msg":"Field required","input":{"userId":"test-user-001","reportType":"SUMMARY","targetPeriod":"2026-01","statisticsData":{"achievementTrend":"-21%","bestFocusTime":"16:00-18:00","currentRate":67}}}]}"
2026-03-07 22:57:51 INFO  [] [main] com.planit.PlanitApplication : Starting PlanitApplication using Java 17.0.17 with PID 12000 (C:\workspace\PlanIt\PlanIt-Insight-svc\build\classes\java\main started by DS11 in C:\workspace\PlanIt\PlanIt-Insight-svc)
2026-03-07 22:57:51 INFO  [] [main] com.planit.PlanitApplication : No active profile set, falling back to 1 default profile: "default"
2026-03-07 22:57:52 INFO  [] [main] o.s.d.r.c.RepositoryConfigurationDelegate : Bootstrapping Spring Data JPA repositories in DEFAULT mode.
2026-03-07 22:57:52 INFO  [] [main] o.s.d.r.c.RepositoryConfigurationDelegate : Finished Spring Data repository scanning in 138 ms. Found 3 JPA repository interfaces.
2026-03-07 22:57:53 INFO  [] [main] o.s.b.w.e.tomcat.TomcatWebServer : Tomcat initialized with port 8084 (http)
2026-03-07 22:57:53 INFO  [] [main] o.a.coyote.http11.Http11NioProtocol : Initializing ProtocolHandler ["http-nio-8084"]
2026-03-07 22:57:53 INFO  [] [main] o.a.catalina.core.StandardService : Starting service [Tomcat]
2026-03-07 22:57:53 INFO  [] [main] o.a.catalina.core.StandardEngine : Starting Servlet engine: [Apache Tomcat/10.1.52]
2026-03-07 22:57:53 INFO  [] [main] o.a.c.c.C.[Tomcat].[localhost].[/] : Initializing Spring embedded WebApplicationContext
2026-03-07 22:57:53 INFO  [] [main] o.s.b.w.s.c.ServletWebServerApplicationContext : Root WebApplicationContext: initialization completed in 1900 ms
2026-03-07 22:57:53 INFO  [] [main] o.h.jpa.internal.util.LogHelper : HHH000204: Processing PersistenceUnitInfo [name: default]
2026-03-07 22:57:53 INFO  [] [main] org.hibernate.Version : HHH000412: Hibernate ORM core version 6.6.42.Final
2026-03-07 22:57:53 INFO  [] [main] o.h.c.i.RegionFactoryInitiator : HHH000026: Second-level cache disabled
2026-03-07 22:57:54 INFO  [] [main] o.s.o.j.p.SpringPersistenceUnitInfo : No LoadTimeWeaver setup: ignoring JPA class transformer
2026-03-07 22:57:54 INFO  [] [main] com.zaxxer.hikari.HikariDataSource : HikariPool-1 - Starting...
2026-03-07 22:57:54 INFO  [] [main] com.zaxxer.hikari.pool.HikariPool : HikariPool-1 - Added connection org.mariadb.jdbc.Connection@34e53c02
2026-03-07 22:57:54 INFO  [] [main] com.zaxxer.hikari.HikariDataSource : HikariPool-1 - Start completed.
2026-03-07 22:57:54 INFO  [] [main] o.hibernate.orm.connections.pooling : HHH10001005: Database info:
	Database JDBC URL [Connecting through datasource 'HikariDataSource (HikariPool-1)']
	Database driver: undefined/unknown
	Database version: 11.8.3
	Autocommit mode: undefined/unknown
	Isolation level: undefined/unknown
	Minimum pool size: undefined/unknown
	Maximum pool size: undefined/unknown
2026-03-07 22:57:55 INFO  [] [main] o.h.e.t.j.p.i.JtaPlatformInitiator : HHH000489: No JTA platform available (set 'hibernate.transaction.jta.platform' to enable JTA platform integration)
2026-03-07 22:57:55 INFO  [] [main] o.s.o.j.LocalContainerEntityManagerFactoryBean : Initialized JPA EntityManagerFactory for persistence unit 'default'
2026-03-07 22:57:55 INFO  [] [main] o.s.d.j.r.query.QueryEnhancerFactory : Hibernate is in classpath; If applicable, HQL parser will be used.
2026-03-07 22:57:56 WARN  [] [main] o.s.b.a.o.j.JpaBaseConfiguration$JpaWebConfiguration : spring.jpa.open-in-view is enabled by default. Therefore, database queries may be performed during view rendering. Explicitly configure spring.jpa.open-in-view to disable this warning
2026-03-07 22:57:56 INFO  [] [main] o.s.v.b.OptionalValidatorFactoryBean : Failed to set up a Bean Validation provider: jakarta.validation.NoProviderFoundException: Unable to create a Configuration, because no Jakarta Bean Validation provider could be found. Add a provider like Hibernate Validator (RI) to your classpath.
2026-03-07 22:57:56 INFO  [] [main] n.d.b.g.s.a.GrpcServerFactoryAutoConfiguration : Detected grpc-netty-shaded: Creating ShadedNettyGrpcServerFactory
2026-03-07 22:57:57 INFO  [] [main] n.d.b.g.c.a.GrpcClientAutoConfiguration : Detected grpc-netty-shaded: Creating ShadedNettyChannelFactory + InProcessChannelFactory
2026-03-07 22:57:57 INFO  [] [main] o.s.b.a.e.web.EndpointLinksResolver : Exposing 3 endpoints beneath base path '/api/v1/insight/actuator'
2026-03-07 22:57:57 INFO  [] [main] o.a.coyote.http11.Http11NioProtocol : Starting ProtocolHandler ["http-nio-8084"]
2026-03-07 22:57:57 INFO  [] [main] o.s.b.w.e.tomcat.TomcatWebServer : Tomcat started on port 8084 (http) with context path '/'
2026-03-07 22:57:57 INFO  [] [main] n.d.b.g.s.s.AbstractGrpcServerFactory : Registered gRPC service: actionlog.ActionLogService, bean: actionLogServiceImpl, class: com.planit.analytics.grpc.ActionLogServiceImpl
2026-03-07 22:57:57 INFO  [] [main] n.d.b.g.s.s.AbstractGrpcServerFactory : Registered gRPC service: BaseTestGrpcService, bean: baseGrpcController, class: com.planit.basetemplate.grpc.BaseGrpcController
2026-03-07 22:57:57 INFO  [] [main] n.d.b.g.s.s.AbstractGrpcServerFactory : Registered gRPC service: grpc.health.v1.Health, bean: grpcHealthService, class: io.grpc.protobuf.services.HealthServiceImpl
2026-03-07 22:57:57 INFO  [] [main] n.d.b.g.s.s.AbstractGrpcServerFactory : Registered gRPC service: grpc.reflection.v1alpha.ServerReflection, bean: protoReflectionService, class: io.grpc.protobuf.services.ProtoReflectionService
2026-03-07 22:57:57 INFO  [] [main] n.d.b.g.s.s.GrpcServerLifecycle : gRPC Server started, listening on address: *, port: 9090
2026-03-07 22:57:57 INFO  [] [main] com.planit.PlanitApplication : Started PlanitApplication in 6.483 seconds (process running for 6.841)
2026-03-07 22:58:12 INFO  [] [http-nio-8084-exec-1] o.a.c.c.C.[Tomcat].[localhost].[/] : Initializing Spring DispatcherServlet 'dispatcherServlet'
2026-03-07 22:58:12 INFO  [] [http-nio-8084-exec-1] o.s.web.servlet.DispatcherServlet : Initializing Servlet 'dispatcherServlet'
2026-03-07 22:58:12 INFO  [] [http-nio-8084-exec-1] o.s.web.servlet.DispatcherServlet : Completed initialization in 1 ms
2026-03-07 22:58:13 INFO  [69ac2ef5da567f3035f606e6423248a7] [http-nio-8084-exec-6] o.s.api.AbstractOpenApiResource : Init duration for springdoc-openapi is: 353 ms
2026-03-07 22:58:36 INFO  [69ac2f0c3d780875bcf99b45941ce7d1] [http-nio-8084-exec-7] c.p.a.controller.BatchController : Manual trigger: generate report for user: test-user-001, yearMonth: 2026-01
2026-03-07 22:58:36 INFO  [69ac2f0c3d780875bcf99b45941ce7d1] [http-nio-8084-exec-7] c.p.a.s.ReportGenerationScheduler : Generating monthly report for user: test-user-001
2026-03-07 22:58:36 INFO  [] [task-1] c.p.a.service.AnalyticsService : Calculating growth rate for user: test-user-001, month: 2026-01
2026-03-07 22:58:36 INFO  [] [task-3] c.p.a.service.AnalyticsService : Analyzing postpone pattern for user: test-user-001, month: 2026-01
2026-03-07 22:58:36 INFO  [] [task-4] c.p.a.service.AnalyticsService : Generating summary for user: test-user-001, month: 2026-01
2026-03-07 22:58:36 INFO  [] [task-2] c.p.a.service.AnalyticsService : Calculating timeline for user: test-user-001, month: 2026-01
2026-03-07 22:58:36 INFO  [] [task-3] c.p.a.service.AnalyticsService : Postpone pattern analyzed: worst day = THURSDAY
2026-03-07 22:58:36 INFO  [] [task-4] c.p.a.service.AnalyticsService : Summary generated: trend = -21%, focus time = 16:00-18:00
2026-03-07 22:58:36 INFO  [] [task-2] c.p.a.service.AnalyticsService : Timeline calculated with 6 months
2026-03-07 22:58:36 INFO  [] [task-1] c.p.a.service.AnalyticsService : Growth rate calculated: {previousRate=88, growthRate=-24, topicName=주제#101, currentRate=67}
2026-03-07 22:58:36 INFO  [69ac2f0c3d780875bcf99b45941ce7d1] [http-nio-8084-exec-7] c.p.analytics.adapter.RestApiAdapter : Calling Service B via REST API: http://localhost:8085 for user: test-user-001, reportType: GROWTH
2026-03-07 22:58:36 ERROR [69ac2f0c3d780875bcf99b45941ce7d1] [http-nio-8084-exec-7] c.p.analytics.adapter.RestApiAdapter : Failed to call Service B for user: test-user-001, error: I/O error on POST request for "http://localhost:8085/ai/reports/generate": Connection refused: getsockopt: localhost/127.0.0.1:8085
org.springframework.web.client.ResourceAccessException: I/O error on POST request for "http://localhost:8085/ai/reports/generate": Connection refused: getsockopt: localhost/127.0.0.1:8085
	at org.springframework.web.client.RestTemplate.createResourceAccessException(RestTemplate.java:926)
	at org.springframework.web.client.RestTemplate.doExecute(RestTemplate.java:906)
	at org.springframework.web.client.RestTemplate.execute(RestTemplate.java:801)
	at org.springframework.web.client.RestTemplate.postForObject(RestTemplate.java:518)
	at com.planit.analytics.adapter.RestApiAdapter.generateReport(RestApiAdapter.java:47)
	at com.planit.analytics.scheduler.ReportGenerationScheduler.generateAndSaveReport(ReportGenerationScheduler.java:215)
	at com.planit.analytics.scheduler.ReportGenerationScheduler.generateMonthlyReportForUser(ReportGenerationScheduler.java:180)
	at java.base/jdk.internal.reflect.NativeMethodAccessorImpl.invoke0(Native Method)
	at java.base/jdk.internal.reflect.NativeMethodAccessorImpl.invoke(NativeMethodAccessorImpl.java:77)
	at java.base/jdk.internal.reflect.DelegatingMethodAccessorImpl.invoke(DelegatingMethodAccessorImpl.java:43)
	at java.base/java.lang.reflect.Method.invoke(Method.java:569)
	at org.springframework.aop.support.AopUtils.invokeJoinpointUsingReflection(AopUtils.java:360)
	at org.springframework.aop.framework.CglibAopProxy$DynamicAdvisedInterceptor.intercept(CglibAopProxy.java:724)
	at com.planit.analytics.scheduler.ReportGenerationScheduler$$SpringCGLIB$$0.generateMonthlyReportForUser(<generated>)
	at com.planit.analytics.controller.BatchController.generateReportForUser(BatchController.java:103)
	at java.base/jdk.internal.reflect.NativeMethodAccessorImpl.invoke0(Native Method)
	at java.base/jdk.internal.reflect.NativeMethodAccessorImpl.invoke(NativeMethodAccessorImpl.java:77)
	at java.base/jdk.internal.reflect.DelegatingMethodAccessorImpl.invoke(DelegatingMethodAccessorImpl.java:43)
	at java.base/java.lang.reflect.Method.invoke(Method.java:569)
	at org.springframework.web.method.support.InvocableHandlerMethod.doInvoke(InvocableHandlerMethod.java:258)
	at org.springframework.web.method.support.InvocableHandlerMethod.invokeForRequest(InvocableHandlerMethod.java:191)
	at org.springframework.web.servlet.mvc.method.annotation.ServletInvocableHandlerMethod.invokeAndHandle(ServletInvocableHandlerMethod.java:118)
	at org.springframework.web.servlet.mvc.method.annotation.RequestMappingHandlerAdapter.invokeHandlerMethod(RequestMappingHandlerAdapter.java:991)
	at org.springframework.web.servlet.mvc.method.annotation.RequestMappingHandlerAdapter.handleInternal(RequestMappingHandlerAdapter.java:896)
	at org.springframework.web.servlet.mvc.method.AbstractHandlerMethodAdapter.handle(AbstractHandlerMethodAdapter.java:87)
	at org.springframework.web.servlet.DispatcherServlet.doDispatch(DispatcherServlet.java:1089)
	at org.springframework.web.servlet.DispatcherServlet.doService(DispatcherServlet.java:979)
	at org.springframework.web.servlet.FrameworkServlet.processRequest(FrameworkServlet.java:1014)
	at org.springframework.web.servlet.FrameworkServlet.doPost(FrameworkServlet.java:914)
	at jakarta.servlet.http.HttpServlet.service(HttpServlet.java:590)
	at org.springframework.web.servlet.FrameworkServlet.service(FrameworkServlet.java:885)
	at jakarta.servlet.http.HttpServlet.service(HttpServlet.java:658)
	at org.apache.catalina.core.ApplicationFilterChain.internalDoFilter(ApplicationFilterChain.java:193)
	at org.apache.catalina.core.ApplicationFilterChain.doFilter(ApplicationFilterChain.java:138)
	at org.apache.tomcat.websocket.server.WsFilter.doFilter(WsFilter.java:51)
	at org.apache.catalina.core.ApplicationFilterChain.internalDoFilter(ApplicationFilterChain.java:162)
	at org.apache.catalina.core.ApplicationFilterChain.doFilter(ApplicationFilterChain.java:138)
	at org.springframework.web.filter.RequestContextFilter.doFilterInternal(RequestContextFilter.java:100)
	at org.springframework.web.filter.OncePerRequestFilter.doFilter(OncePerRequestFilter.java:116)
	at org.apache.catalina.core.ApplicationFilterChain.internalDoFilter(ApplicationFilterChain.java:162)
	at org.apache.catalina.core.ApplicationFilterChain.doFilter(ApplicationFilterChain.java:138)
	at org.springframework.web.filter.FormContentFilter.doFilterInternal(FormContentFilter.java:93)
	at org.springframework.web.filter.OncePerRequestFilter.doFilter(OncePerRequestFilter.java:116)
	at org.apache.catalina.core.ApplicationFilterChain.internalDoFilter(ApplicationFilterChain.java:162)
	at org.apache.catalina.core.ApplicationFilterChain.doFilter(ApplicationFilterChain.java:138)
	at org.springframework.web.filter.ServerHttpObservationFilter.doFilterInternal(ServerHttpObservationFilter.java:110)
	at org.springframework.web.filter.OncePerRequestFilter.doFilter(OncePerRequestFilter.java:116)
	at org.apache.catalina.core.ApplicationFilterChain.internalDoFilter(ApplicationFilterChain.java:162)
	at org.apache.catalina.core.ApplicationFilterChain.doFilter(ApplicationFilterChain.java:138)
	at org.springframework.web.filter.CharacterEncodingFilter.doFilterInternal(CharacterEncodingFilter.java:201)
	at org.springframework.web.filter.OncePerRequestFilter.doFilter(OncePerRequestFilter.java:116)
	at org.apache.catalina.core.ApplicationFilterChain.internalDoFilter(ApplicationFilterChain.java:162)
	at org.apache.catalina.core.ApplicationFilterChain.doFilter(ApplicationFilterChain.java:138)
	at org.apache.catalina.core.StandardWrapperValve.invoke(StandardWrapperValve.java:165)
	at org.apache.catalina.core.StandardContextValve.invoke(StandardContextValve.java:88)
	at org.apache.catalina.authenticator.AuthenticatorBase.invoke(AuthenticatorBase.java:492)
	at org.apache.catalina.core.StandardHostValve.invoke(StandardHostValve.java:113)
	at org.apache.catalina.valves.ErrorReportValve.invoke(ErrorReportValve.java:83)
	at org.apache.catalina.core.StandardEngineValve.invoke(StandardEngineValve.java:72)
	at org.apache.catalina.connector.CoyoteAdapter.service(CoyoteAdapter.java:342)
	at org.apache.coyote.http11.Http11Processor.service(Http11Processor.java:399)
	at org.apache.coyote.AbstractProcessorLight.process(AbstractProcessorLight.java:63)
	at org.apache.coyote.AbstractProtocol$ConnectionHandler.process(AbstractProtocol.java:903)
	at org.apache.tomcat.util.net.NioEndpoint$SocketProcessor.doRun(NioEndpoint.java:1775)
	at org.apache.tomcat.util.net.SocketProcessorBase.run(SocketProcessorBase.java:52)
	at org.apache.tomcat.util.threads.ThreadPoolExecutor.runWorker(ThreadPoolExecutor.java:973)
	at org.apache.tomcat.util.threads.ThreadPoolExecutor$Worker.run(ThreadPoolExecutor.java:491)
	at org.apache.tomcat.util.threads.TaskThread$WrappingRunnable.run(TaskThread.java:63)
	at java.base/java.lang.Thread.run(Thread.java:840)
Caused by: io.netty.channel.AbstractChannel$AnnotatedConnectException: Connection refused: getsockopt: localhost/127.0.0.1:8085
Caused by: java.net.ConnectException: Connection refused: getsockopt
	at java.base/sun.nio.ch.Net.pollConnect(Native Method)
	at java.base/sun.nio.ch.Net.pollConnectNow(Net.java:672)
	at java.base/sun.nio.ch.SocketChannelImpl.finishConnect(SocketChannelImpl.java:946)
	at io.netty.channel.socket.nio.NioSocketChannel.doFinishConnect(NioSocketChannel.java:336)
	at io.netty.channel.nio.AbstractNioChannel$AbstractNioUnsafe.finishConnect(AbstractNioChannel.java:339)
	at io.netty.channel.nio.NioEventLoop.processSelectedKey(NioEventLoop.java:784)
	at io.netty.channel.nio.NioEventLoop.processSelectedKeysOptimized(NioEventLoop.java:732)
	at io.netty.channel.nio.NioEventLoop.processSelectedKeys(NioEventLoop.java:658)
	at io.netty.channel.nio.NioEventLoop.run(NioEventLoop.java:562)
	at io.netty.util.concurrent.SingleThreadEventExecutor$4.run(SingleThreadEventExecutor.java:998)
	at io.netty.util.internal.ThreadExecutorMap$2.run(ThreadExecutorMap.java:74)
	at io.netty.util.concurrent.FastThreadLocalRunnable.run(FastThreadLocalRunnable.java:30)
	at java.base/java.lang.Thread.run(Thread.java:840)
2026-03-07 22:58:36 WARN  [69ac2f0c3d780875bcf99b45941ce7d1] [http-nio-8084-exec-7] c.p.a.s.ReportGenerationScheduler : AI report generation failed for user: test-user-001, type: GROWTH, error: Service B 호출 실패: I/O error on POST request for "http://localhost:8085/ai/reports/generate": Connection refused: getsockopt: localhost/127.0.0.1:8085
2026-03-07 22:58:36 INFO  [69ac2f0c3d780875bcf99b45941ce7d1] [http-nio-8084-exec-7] c.p.analytics.adapter.RestApiAdapter : Calling Service B via REST API: http://localhost:8085 for user: test-user-001, reportType: TIMELINE
2026-03-07 22:58:36 ERROR [69ac2f0c3d780875bcf99b45941ce7d1] [http-nio-8084-exec-7] c.p.analytics.adapter.RestApiAdapter : Failed to call Service B for user: test-user-001, error: I/O error on POST request for "http://localhost:8085/ai/reports/generate": Connection refused: getsockopt: localhost/127.0.0.1:8085
org.springframework.web.client.ResourceAccessException: I/O error on POST request for "http://localhost:8085/ai/reports/generate": Connection refused: getsockopt: localhost/127.0.0.1:8085
	at org.springframework.web.client.RestTemplate.createResourceAccessException(RestTemplate.java:926)
	at org.springframework.web.client.RestTemplate.doExecute(RestTemplate.java:906)
	at org.springframework.web.client.RestTemplate.execute(RestTemplate.java:801)
	at org.springframework.web.client.RestTemplate.postForObject(RestTemplate.java:518)
	at com.planit.analytics.adapter.RestApiAdapter.generateReport(RestApiAdapter.java:47)
	at com.planit.analytics.scheduler.ReportGenerationScheduler.generateAndSaveReport(ReportGenerationScheduler.java:215)
	at com.planit.analytics.scheduler.ReportGenerationScheduler.generateMonthlyReportForUser(ReportGenerationScheduler.java:184)
	at java.base/jdk.internal.reflect.NativeMethodAccessorImpl.invoke0(Native Method)
	at java.base/jdk.internal.reflect.NativeMethodAccessorImpl.invoke(NativeMethodAccessorImpl.java:77)
	at java.base/jdk.internal.reflect.DelegatingMethodAccessorImpl.invoke(DelegatingMethodAccessorImpl.java:43)
	at java.base/java.lang.reflect.Method.invoke(Method.java:569)
	at org.springframework.aop.support.AopUtils.invokeJoinpointUsingReflection(AopUtils.java:360)
	at org.springframework.aop.framework.CglibAopProxy$DynamicAdvisedInterceptor.intercept(CglibAopProxy.java:724)
	at com.planit.analytics.scheduler.ReportGenerationScheduler$$SpringCGLIB$$0.generateMonthlyReportForUser(<generated>)
	at com.planit.analytics.controller.BatchController.generateReportForUser(BatchController.java:103)
	at java.base/jdk.internal.reflect.NativeMethodAccessorImpl.invoke0(Native Method)
	at java.base/jdk.internal.reflect.NativeMethodAccessorImpl.invoke(NativeMethodAccessorImpl.java:77)
	at java.base/jdk.internal.reflect.DelegatingMethodAccessorImpl.invoke(DelegatingMethodAccessorImpl.java:43)
	at java.base/java.lang.reflect.Method.invoke(Method.java:569)
	at org.springframework.web.method.support.InvocableHandlerMethod.doInvoke(InvocableHandlerMethod.java:258)
	at org.springframework.web.method.support.InvocableHandlerMethod.invokeForRequest(InvocableHandlerMethod.java:191)
	at org.springframework.web.servlet.mvc.method.annotation.ServletInvocableHandlerMethod.invokeAndHandle(ServletInvocableHandlerMethod.java:118)
	at org.springframework.web.servlet.mvc.method.annotation.RequestMappingHandlerAdapter.invokeHandlerMethod(RequestMappingHandlerAdapter.java:991)
	at org.springframework.web.servlet.mvc.method.annotation.RequestMappingHandlerAdapter.handleInternal(RequestMappingHandlerAdapter.java:896)
	at org.springframework.web.servlet.mvc.method.AbstractHandlerMethodAdapter.handle(AbstractHandlerMethodAdapter.java:87)
	at org.springframework.web.servlet.DispatcherServlet.doDispatch(DispatcherServlet.java:1089)
	at org.springframework.web.servlet.DispatcherServlet.doService(DispatcherServlet.java:979)
	at org.springframework.web.servlet.FrameworkServlet.processRequest(FrameworkServlet.java:1014)
	at org.springframework.web.servlet.FrameworkServlet.doPost(FrameworkServlet.java:914)
	at jakarta.servlet.http.HttpServlet.service(HttpServlet.java:590)
	at org.springframework.web.servlet.FrameworkServlet.service(FrameworkServlet.java:885)
	at jakarta.servlet.http.HttpServlet.service(HttpServlet.java:658)
	at org.apache.catalina.core.ApplicationFilterChain.internalDoFilter(ApplicationFilterChain.java:193)
	at org.apache.catalina.core.ApplicationFilterChain.doFilter(ApplicationFilterChain.java:138)
	at org.apache.tomcat.websocket.server.WsFilter.doFilter(WsFilter.java:51)
	at org.apache.catalina.core.ApplicationFilterChain.internalDoFilter(ApplicationFilterChain.java:162)
	at org.apache.catalina.core.ApplicationFilterChain.doFilter(ApplicationFilterChain.java:138)
	at org.springframework.web.filter.RequestContextFilter.doFilterInternal(RequestContextFilter.java:100)
	at org.springframework.web.filter.OncePerRequestFilter.doFilter(OncePerRequestFilter.java:116)
	at org.apache.catalina.core.ApplicationFilterChain.internalDoFilter(ApplicationFilterChain.java:162)
	at org.apache.catalina.core.ApplicationFilterChain.doFilter(ApplicationFilterChain.java:138)
	at org.springframework.web.filter.FormContentFilter.doFilterInternal(FormContentFilter.java:93)
	at org.springframework.web.filter.OncePerRequestFilter.doFilter(OncePerRequestFilter.java:116)
	at org.apache.catalina.core.ApplicationFilterChain.internalDoFilter(ApplicationFilterChain.java:162)
	at org.apache.catalina.core.ApplicationFilterChain.doFilter(ApplicationFilterChain.java:138)
	at org.springframework.web.filter.ServerHttpObservationFilter.doFilterInternal(ServerHttpObservationFilter.java:110)
	at org.springframework.web.filter.OncePerRequestFilter.doFilter(OncePerRequestFilter.java:116)
	at org.apache.catalina.core.ApplicationFilterChain.internalDoFilter(ApplicationFilterChain.java:162)
	at org.apache.catalina.core.ApplicationFilterChain.doFilter(ApplicationFilterChain.java:138)
	at org.springframework.web.filter.CharacterEncodingFilter.doFilterInternal(CharacterEncodingFilter.java:201)
	at org.springframework.web.filter.OncePerRequestFilter.doFilter(OncePerRequestFilter.java:116)
	at org.apache.catalina.core.ApplicationFilterChain.internalDoFilter(ApplicationFilterChain.java:162)
	at org.apache.catalina.core.ApplicationFilterChain.doFilter(ApplicationFilterChain.java:138)
	at org.apache.catalina.core.StandardWrapperValve.invoke(StandardWrapperValve.java:165)
	at org.apache.catalina.core.StandardContextValve.invoke(StandardContextValve.java:88)
	at org.apache.catalina.authenticator.AuthenticatorBase.invoke(AuthenticatorBase.java:492)
	at org.apache.catalina.core.StandardHostValve.invoke(StandardHostValve.java:113)
	at org.apache.catalina.valves.ErrorReportValve.invoke(ErrorReportValve.java:83)
	at org.apache.catalina.core.StandardEngineValve.invoke(StandardEngineValve.java:72)
	at org.apache.catalina.connector.CoyoteAdapter.service(CoyoteAdapter.java:342)
	at org.apache.coyote.http11.Http11Processor.service(Http11Processor.java:399)
	at org.apache.coyote.AbstractProcessorLight.process(AbstractProcessorLight.java:63)
	at org.apache.coyote.AbstractProtocol$ConnectionHandler.process(AbstractProtocol.java:903)
	at org.apache.tomcat.util.net.NioEndpoint$SocketProcessor.doRun(NioEndpoint.java:1775)
	at org.apache.tomcat.util.net.SocketProcessorBase.run(SocketProcessorBase.java:52)
	at org.apache.tomcat.util.threads.ThreadPoolExecutor.runWorker(ThreadPoolExecutor.java:973)
	at org.apache.tomcat.util.threads.ThreadPoolExecutor$Worker.run(ThreadPoolExecutor.java:491)
	at org.apache.tomcat.util.threads.TaskThread$WrappingRunnable.run(TaskThread.java:63)
	at java.base/java.lang.Thread.run(Thread.java:840)
Caused by: io.netty.channel.AbstractChannel$AnnotatedConnectException: Connection refused: getsockopt: localhost/127.0.0.1:8085
Caused by: java.net.ConnectException: Connection refused: getsockopt
	at java.base/sun.nio.ch.Net.pollConnect(Native Method)
	at java.base/sun.nio.ch.Net.pollConnectNow(Net.java:672)
	at java.base/sun.nio.ch.SocketChannelImpl.finishConnect(SocketChannelImpl.java:946)
	at io.netty.channel.socket.nio.NioSocketChannel.doFinishConnect(NioSocketChannel.java:336)
	at io.netty.channel.nio.AbstractNioChannel$AbstractNioUnsafe.finishConnect(AbstractNioChannel.java:339)
	at io.netty.channel.nio.NioEventLoop.processSelectedKey(NioEventLoop.java:784)
	at io.netty.channel.nio.NioEventLoop.processSelectedKeysOptimized(NioEventLoop.java:732)
	at io.netty.channel.nio.NioEventLoop.processSelectedKeys(NioEventLoop.java:658)
	at io.netty.channel.nio.NioEventLoop.run(NioEventLoop.java:562)
	at io.netty.util.concurrent.SingleThreadEventExecutor$4.run(SingleThreadEventExecutor.java:998)
	at io.netty.util.internal.ThreadExecutorMap$2.run(ThreadExecutorMap.java:74)
	at io.netty.util.concurrent.FastThreadLocalRunnable.run(FastThreadLocalRunnable.java:30)
	at java.base/java.lang.Thread.run(Thread.java:840)
2026-03-07 22:58:36 WARN  [69ac2f0c3d780875bcf99b45941ce7d1] [http-nio-8084-exec-7] c.p.a.s.ReportGenerationScheduler : AI report generation failed for user: test-user-001, type: TIMELINE, error: Service B 호출 실패: I/O error on POST request for "http://localhost:8085/ai/reports/generate": Connection refused: getsockopt: localhost/127.0.0.1:8085
2026-03-07 22:58:36 INFO  [69ac2f0c3d780875bcf99b45941ce7d1] [http-nio-8084-exec-7] c.p.analytics.adapter.RestApiAdapter : Calling Service B via REST API: http://localhost:8085 for user: test-user-001, reportType: PATTERN
2026-03-07 22:58:36 ERROR [69ac2f0c3d780875bcf99b45941ce7d1] [http-nio-8084-exec-7] c.p.analytics.adapter.RestApiAdapter : Failed to call Service B for user: test-user-001, error: I/O error on POST request for "http://localhost:8085/ai/reports/generate": Connection refused: getsockopt: localhost/127.0.0.1:8085
org.springframework.web.client.ResourceAccessException: I/O error on POST request for "http://localhost:8085/ai/reports/generate": Connection refused: getsockopt: localhost/127.0.0.1:8085
	at org.springframework.web.client.RestTemplate.createResourceAccessException(RestTemplate.java:926)
	at org.springframework.web.client.RestTemplate.doExecute(RestTemplate.java:906)
	at org.springframework.web.client.RestTemplate.execute(RestTemplate.java:801)
	at org.springframework.web.client.RestTemplate.postForObject(RestTemplate.java:518)
	at com.planit.analytics.adapter.RestApiAdapter.generateReport(RestApiAdapter.java:47)
	at com.planit.analytics.scheduler.ReportGenerationScheduler.generateAndSaveReport(ReportGenerationScheduler.java:215)
	at com.planit.analytics.scheduler.ReportGenerationScheduler.generateMonthlyReportForUser(ReportGenerationScheduler.java:188)
	at java.base/jdk.internal.reflect.NativeMethodAccessorImpl.invoke0(Native Method)
	at java.base/jdk.internal.reflect.NativeMethodAccessorImpl.invoke(NativeMethodAccessorImpl.java:77)
	at java.base/jdk.internal.reflect.DelegatingMethodAccessorImpl.invoke(DelegatingMethodAccessorImpl.java:43)
	at java.base/java.lang.reflect.Method.invoke(Method.java:569)
	at org.springframework.aop.support.AopUtils.invokeJoinpointUsingReflection(AopUtils.java:360)
	at org.springframework.aop.framework.CglibAopProxy$DynamicAdvisedInterceptor.intercept(CglibAopProxy.java:724)
	at com.planit.analytics.scheduler.ReportGenerationScheduler$$SpringCGLIB$$0.generateMonthlyReportForUser(<generated>)
	at com.planit.analytics.controller.BatchController.generateReportForUser(BatchController.java:103)
	at java.base/jdk.internal.reflect.NativeMethodAccessorImpl.invoke0(Native Method)
	at java.base/jdk.internal.reflect.NativeMethodAccessorImpl.invoke(NativeMethodAccessorImpl.java:77)
	at java.base/jdk.internal.reflect.DelegatingMethodAccessorImpl.invoke(DelegatingMethodAccessorImpl.java:43)
	at java.base/java.lang.reflect.Method.invoke(Method.java:569)
	at org.springframework.web.method.support.InvocableHandlerMethod.doInvoke(InvocableHandlerMethod.java:258)
	at org.springframework.web.method.support.InvocableHandlerMethod.invokeForRequest(InvocableHandlerMethod.java:191)
	at org.springframework.web.servlet.mvc.method.annotation.ServletInvocableHandlerMethod.invokeAndHandle(ServletInvocableHandlerMethod.java:118)
	at org.springframework.web.servlet.mvc.method.annotation.RequestMappingHandlerAdapter.invokeHandlerMethod(RequestMappingHandlerAdapter.java:991)
	at org.springframework.web.servlet.mvc.method.annotation.RequestMappingHandlerAdapter.handleInternal(RequestMappingHandlerAdapter.java:896)
	at org.springframework.web.servlet.mvc.method.AbstractHandlerMethodAdapter.handle(AbstractHandlerMethodAdapter.java:87)
	at org.springframework.web.servlet.DispatcherServlet.doDispatch(DispatcherServlet.java:1089)
	at org.springframework.web.servlet.DispatcherServlet.doService(DispatcherServlet.java:979)
	at org.springframework.web.servlet.FrameworkServlet.processRequest(FrameworkServlet.java:1014)
	at org.springframework.web.servlet.FrameworkServlet.doPost(FrameworkServlet.java:914)
	at jakarta.servlet.http.HttpServlet.service(HttpServlet.java:590)
	at org.springframework.web.servlet.FrameworkServlet.service(FrameworkServlet.java:885)
	at jakarta.servlet.http.HttpServlet.service(HttpServlet.java:658)
	at org.apache.catalina.core.ApplicationFilterChain.internalDoFilter(ApplicationFilterChain.java:193)
	at org.apache.catalina.core.ApplicationFilterChain.doFilter(ApplicationFilterChain.java:138)
	at org.apache.tomcat.websocket.server.WsFilter.doFilter(WsFilter.java:51)
	at org.apache.catalina.core.ApplicationFilterChain.internalDoFilter(ApplicationFilterChain.java:162)
	at org.apache.catalina.core.ApplicationFilterChain.doFilter(ApplicationFilterChain.java:138)
	at org.springframework.web.filter.RequestContextFilter.doFilterInternal(RequestContextFilter.java:100)
	at org.springframework.web.filter.OncePerRequestFilter.doFilter(OncePerRequestFilter.java:116)
	at org.apache.catalina.core.ApplicationFilterChain.internalDoFilter(ApplicationFilterChain.java:162)
	at org.apache.catalina.core.ApplicationFilterChain.doFilter(ApplicationFilterChain.java:138)
	at org.springframework.web.filter.FormContentFilter.doFilterInternal(FormContentFilter.java:93)
	at org.springframework.web.filter.OncePerRequestFilter.doFilter(OncePerRequestFilter.java:116)
	at org.apache.catalina.core.ApplicationFilterChain.internalDoFilter(ApplicationFilterChain.java:162)
	at org.apache.catalina.core.ApplicationFilterChain.doFilter(ApplicationFilterChain.java:138)
	at org.springframework.web.filter.ServerHttpObservationFilter.doFilterInternal(ServerHttpObservationFilter.java:110)
	at org.springframework.web.filter.OncePerRequestFilter.doFilter(OncePerRequestFilter.java:116)
	at org.apache.catalina.core.ApplicationFilterChain.internalDoFilter(ApplicationFilterChain.java:162)
	at org.apache.catalina.core.ApplicationFilterChain.doFilter(ApplicationFilterChain.java:138)
	at org.springframework.web.filter.CharacterEncodingFilter.doFilterInternal(CharacterEncodingFilter.java:201)
	at org.springframework.web.filter.OncePerRequestFilter.doFilter(OncePerRequestFilter.java:116)
	at org.apache.catalina.core.ApplicationFilterChain.internalDoFilter(ApplicationFilterChain.java:162)
	at org.apache.catalina.core.ApplicationFilterChain.doFilter(ApplicationFilterChain.java:138)
	at org.apache.catalina.core.StandardWrapperValve.invoke(StandardWrapperValve.java:165)
	at org.apache.catalina.core.StandardContextValve.invoke(StandardContextValve.java:88)
	at org.apache.catalina.authenticator.AuthenticatorBase.invoke(AuthenticatorBase.java:492)
	at org.apache.catalina.core.StandardHostValve.invoke(StandardHostValve.java:113)
	at org.apache.catalina.valves.ErrorReportValve.invoke(ErrorReportValve.java:83)
	at org.apache.catalina.core.StandardEngineValve.invoke(StandardEngineValve.java:72)
	at org.apache.catalina.connector.CoyoteAdapter.service(CoyoteAdapter.java:342)
	at org.apache.coyote.http11.Http11Processor.service(Http11Processor.java:399)
	at org.apache.coyote.AbstractProcessorLight.process(AbstractProcessorLight.java:63)
	at org.apache.coyote.AbstractProtocol$ConnectionHandler.process(AbstractProtocol.java:903)
	at org.apache.tomcat.util.net.NioEndpoint$SocketProcessor.doRun(NioEndpoint.java:1775)
	at org.apache.tomcat.util.net.SocketProcessorBase.run(SocketProcessorBase.java:52)
	at org.apache.tomcat.util.threads.ThreadPoolExecutor.runWorker(ThreadPoolExecutor.java:973)
	at org.apache.tomcat.util.threads.ThreadPoolExecutor$Worker.run(ThreadPoolExecutor.java:491)
	at org.apache.tomcat.util.threads.TaskThread$WrappingRunnable.run(TaskThread.java:63)
	at java.base/java.lang.Thread.run(Thread.java:840)
Caused by: io.netty.channel.AbstractChannel$AnnotatedConnectException: Connection refused: getsockopt: localhost/127.0.0.1:8085
Caused by: java.net.ConnectException: Connection refused: getsockopt
	at java.base/sun.nio.ch.Net.pollConnect(Native Method)
	at java.base/sun.nio.ch.Net.pollConnectNow(Net.java:672)
	at java.base/sun.nio.ch.SocketChannelImpl.finishConnect(SocketChannelImpl.java:946)
	at io.netty.channel.socket.nio.NioSocketChannel.doFinishConnect(NioSocketChannel.java:336)
	at io.netty.channel.nio.AbstractNioChannel$AbstractNioUnsafe.finishConnect(AbstractNioChannel.java:339)
	at io.netty.channel.nio.NioEventLoop.processSelectedKey(NioEventLoop.java:784)
	at io.netty.channel.nio.NioEventLoop.processSelectedKeysOptimized(NioEventLoop.java:732)
	at io.netty.channel.nio.NioEventLoop.processSelectedKeys(NioEventLoop.java:658)
	at io.netty.channel.nio.NioEventLoop.run(NioEventLoop.java:562)
	at io.netty.util.concurrent.SingleThreadEventExecutor$4.run(SingleThreadEventExecutor.java:998)
	at io.netty.util.internal.ThreadExecutorMap$2.run(ThreadExecutorMap.java:74)
	at io.netty.util.concurrent.FastThreadLocalRunnable.run(FastThreadLocalRunnable.java:30)
	at java.base/java.lang.Thread.run(Thread.java:840)
2026-03-07 22:58:36 WARN  [69ac2f0c3d780875bcf99b45941ce7d1] [http-nio-8084-exec-7] c.p.a.s.ReportGenerationScheduler : AI report generation failed for user: test-user-001, type: PATTERN, error: Service B 호출 실패: I/O error on POST request for "http://localhost:8085/ai/reports/generate": Connection refused: getsockopt: localhost/127.0.0.1:8085
2026-03-07 22:58:36 INFO  [69ac2f0c3d780875bcf99b45941ce7d1] [http-nio-8084-exec-7] c.p.analytics.adapter.RestApiAdapter : Calling Service B via REST API: http://localhost:8085 for user: test-user-001, reportType: SUMMARY
2026-03-07 22:58:36 ERROR [69ac2f0c3d780875bcf99b45941ce7d1] [http-nio-8084-exec-7] c.p.analytics.adapter.RestApiAdapter : Failed to call Service B for user: test-user-001, error: I/O error on POST request for "http://localhost:8085/ai/reports/generate": Connection refused: getsockopt: localhost/127.0.0.1:8085
org.springframework.web.client.ResourceAccessException: I/O error on POST request for "http://localhost:8085/ai/reports/generate": Connection refused: getsockopt: localhost/127.0.0.1:8085
	at org.springframework.web.client.RestTemplate.createResourceAccessException(RestTemplate.java:926)
	at org.springframework.web.client.RestTemplate.doExecute(RestTemplate.java:906)
	at org.springframework.web.client.RestTemplate.execute(RestTemplate.java:801)
	at org.springframework.web.client.RestTemplate.postForObject(RestTemplate.java:518)
	at com.planit.analytics.adapter.RestApiAdapter.generateReport(RestApiAdapter.java:47)
	at com.planit.analytics.scheduler.ReportGenerationScheduler.generateAndSaveReport(ReportGenerationScheduler.java:215)
	at com.planit.analytics.scheduler.ReportGenerationScheduler.generateMonthlyReportForUser(ReportGenerationScheduler.java:192)
	at java.base/jdk.internal.reflect.NativeMethodAccessorImpl.invoke0(Native Method)
	at java.base/jdk.internal.reflect.NativeMethodAccessorImpl.invoke(NativeMethodAccessorImpl.java:77)
	at java.base/jdk.internal.reflect.DelegatingMethodAccessorImpl.invoke(DelegatingMethodAccessorImpl.java:43)
	at java.base/java.lang.reflect.Method.invoke(Method.java:569)
	at org.springframework.aop.support.AopUtils.invokeJoinpointUsingReflection(AopUtils.java:360)
	at org.springframework.aop.framework.CglibAopProxy$DynamicAdvisedInterceptor.intercept(CglibAopProxy.java:724)
	at com.planit.analytics.scheduler.ReportGenerationScheduler$$SpringCGLIB$$0.generateMonthlyReportForUser(<generated>)
	at com.planit.analytics.controller.BatchController.generateReportForUser(BatchController.java:103)
	at java.base/jdk.internal.reflect.NativeMethodAccessorImpl.invoke0(Native Method)
	at java.base/jdk.internal.reflect.NativeMethodAccessorImpl.invoke(NativeMethodAccessorImpl.java:77)
	at java.base/jdk.internal.reflect.DelegatingMethodAccessorImpl.invoke(DelegatingMethodAccessorImpl.java:43)
	at java.base/java.lang.reflect.Method.invoke(Method.java:569)
	at org.springframework.web.method.support.InvocableHandlerMethod.doInvoke(InvocableHandlerMethod.java:258)
	at org.springframework.web.method.support.InvocableHandlerMethod.invokeForRequest(InvocableHandlerMethod.java:191)
	at org.springframework.web.servlet.mvc.method.annotation.ServletInvocableHandlerMethod.invokeAndHandle(ServletInvocableHandlerMethod.java:118)
	at org.springframework.web.servlet.mvc.method.annotation.RequestMappingHandlerAdapter.invokeHandlerMethod(RequestMappingHandlerAdapter.java:991)
	at org.springframework.web.servlet.mvc.method.annotation.RequestMappingHandlerAdapter.handleInternal(RequestMappingHandlerAdapter.java:896)
	at org.springframework.web.servlet.mvc.method.AbstractHandlerMethodAdapter.handle(AbstractHandlerMethodAdapter.java:87)
	at org.springframework.web.servlet.DispatcherServlet.doDispatch(DispatcherServlet.java:1089)
	at org.springframework.web.servlet.DispatcherServlet.doService(DispatcherServlet.java:979)
	at org.springframework.web.servlet.FrameworkServlet.processRequest(FrameworkServlet.java:1014)
	at org.springframework.web.servlet.FrameworkServlet.doPost(FrameworkServlet.java:914)
	at jakarta.servlet.http.HttpServlet.service(HttpServlet.java:590)
	at org.springframework.web.servlet.FrameworkServlet.service(FrameworkServlet.java:885)
	at jakarta.servlet.http.HttpServlet.service(HttpServlet.java:658)
	at org.apache.catalina.core.ApplicationFilterChain.internalDoFilter(ApplicationFilterChain.java:193)
	at org.apache.catalina.core.ApplicationFilterChain.doFilter(ApplicationFilterChain.java:138)
	at org.apache.tomcat.websocket.server.WsFilter.doFilter(WsFilter.java:51)
	at org.apache.catalina.core.ApplicationFilterChain.internalDoFilter(ApplicationFilterChain.java:162)
	at org.apache.catalina.core.ApplicationFilterChain.doFilter(ApplicationFilterChain.java:138)
	at org.springframework.web.filter.RequestContextFilter.doFilterInternal(RequestContextFilter.java:100)
	at org.springframework.web.filter.OncePerRequestFilter.doFilter(OncePerRequestFilter.java:116)
	at org.apache.catalina.core.ApplicationFilterChain.internalDoFilter(ApplicationFilterChain.java:162)
	at org.apache.catalina.core.ApplicationFilterChain.doFilter(ApplicationFilterChain.java:138)
	at org.springframework.web.filter.FormContentFilter.doFilterInternal(FormContentFilter.java:93)
	at org.springframework.web.filter.OncePerRequestFilter.doFilter(OncePerRequestFilter.java:116)
	at org.apache.catalina.core.ApplicationFilterChain.internalDoFilter(ApplicationFilterChain.java:162)
	at org.apache.catalina.core.ApplicationFilterChain.doFilter(ApplicationFilterChain.java:138)
	at org.springframework.web.filter.ServerHttpObservationFilter.doFilterInternal(ServerHttpObservationFilter.java:110)
	at org.springframework.web.filter.OncePerRequestFilter.doFilter(OncePerRequestFilter.java:116)
	at org.apache.catalina.core.ApplicationFilterChain.internalDoFilter(ApplicationFilterChain.java:162)
	at org.apache.catalina.core.ApplicationFilterChain.doFilter(ApplicationFilterChain.java:138)
	at org.springframework.web.filter.CharacterEncodingFilter.doFilterInternal(CharacterEncodingFilter.java:201)
	at org.springframework.web.filter.OncePerRequestFilter.doFilter(OncePerRequestFilter.java:116)
	at org.apache.catalina.core.ApplicationFilterChain.internalDoFilter(ApplicationFilterChain.java:162)
	at org.apache.catalina.core.ApplicationFilterChain.doFilter(ApplicationFilterChain.java:138)
	at org.apache.catalina.core.StandardWrapperValve.invoke(StandardWrapperValve.java:165)
	at org.apache.catalina.core.StandardContextValve.invoke(StandardContextValve.java:88)
	at org.apache.catalina.authenticator.AuthenticatorBase.invoke(AuthenticatorBase.java:492)
	at org.apache.catalina.core.StandardHostValve.invoke(StandardHostValve.java:113)
	at org.apache.catalina.valves.ErrorReportValve.invoke(ErrorReportValve.java:83)
	at org.apache.catalina.core.StandardEngineValve.invoke(StandardEngineValve.java:72)
	at org.apache.catalina.connector.CoyoteAdapter.service(CoyoteAdapter.java:342)
	at org.apache.coyote.http11.Http11Processor.service(Http11Processor.java:399)
	at org.apache.coyote.AbstractProcessorLight.process(AbstractProcessorLight.java:63)
	at org.apache.coyote.AbstractProtocol$ConnectionHandler.process(AbstractProtocol.java:903)
	at org.apache.tomcat.util.net.NioEndpoint$SocketProcessor.doRun(NioEndpoint.java:1775)
	at org.apache.tomcat.util.net.SocketProcessorBase.run(SocketProcessorBase.java:52)
	at org.apache.tomcat.util.threads.ThreadPoolExecutor.runWorker(ThreadPoolExecutor.java:973)
	at org.apache.tomcat.util.threads.ThreadPoolExecutor$Worker.run(ThreadPoolExecutor.java:491)
	at org.apache.tomcat.util.threads.TaskThread$WrappingRunnable.run(TaskThread.java:63)
	at java.base/java.lang.Thread.run(Thread.java:840)
Caused by: io.netty.channel.AbstractChannel$AnnotatedConnectException: Connection refused: getsockopt: localhost/127.0.0.1:8085
Caused by: java.net.ConnectException: Connection refused: getsockopt
	at java.base/sun.nio.ch.Net.pollConnect(Native Method)
	at java.base/sun.nio.ch.Net.pollConnectNow(Net.java:672)
	at java.base/sun.nio.ch.SocketChannelImpl.finishConnect(SocketChannelImpl.java:946)
	at io.netty.channel.socket.nio.NioSocketChannel.doFinishConnect(NioSocketChannel.java:336)
	at io.netty.channel.nio.AbstractNioChannel$AbstractNioUnsafe.finishConnect(AbstractNioChannel.java:339)
	at io.netty.channel.nio.NioEventLoop.processSelectedKey(NioEventLoop.java:784)
	at io.netty.channel.nio.NioEventLoop.processSelectedKeysOptimized(NioEventLoop.java:732)
	at io.netty.channel.nio.NioEventLoop.processSelectedKeys(NioEventLoop.java:658)
	at io.netty.channel.nio.NioEventLoop.run(NioEventLoop.java:562)
	at io.netty.util.concurrent.SingleThreadEventExecutor$4.run(SingleThreadEventExecutor.java:998)
	at io.netty.util.internal.ThreadExecutorMap$2.run(ThreadExecutorMap.java:74)
	at io.netty.util.concurrent.FastThreadLocalRunnable.run(FastThreadLocalRunnable.java:30)
	at java.base/java.lang.Thread.run(Thread.java:840)
2026-03-07 22:58:36 WARN  [69ac2f0c3d780875bcf99b45941ce7d1] [http-nio-8084-exec-7] c.p.a.s.ReportGenerationScheduler : AI report generation failed for user: test-user-001, type: SUMMARY, error: Service B 호출 실패: I/O error on POST request for "http://localhost:8085/ai/reports/generate": Connection refused: getsockopt: localhost/127.0.0.1:8085
2026-03-07 23:00:51 INFO  [69ac2f935688c2896ed25d467b2067c0] [http-nio-8084-exec-8] c.p.a.controller.BatchController : Manual trigger: generate report for user: test-user-001, yearMonth: 2026-01
2026-03-07 23:00:51 INFO  [69ac2f935688c2896ed25d467b2067c0] [http-nio-8084-exec-8] c.p.a.s.ReportGenerationScheduler : Generating monthly report for user: test-user-001
2026-03-07 23:00:51 INFO  [] [task-5] c.p.a.service.AnalyticsService : Calculating growth rate for user: test-user-001, month: 2026-01
2026-03-07 23:00:51 INFO  [] [task-6] c.p.a.service.AnalyticsService : Calculating timeline for user: test-user-001, month: 2026-01
2026-03-07 23:00:51 INFO  [] [task-8] c.p.a.service.AnalyticsService : Generating summary for user: test-user-001, month: 2026-01
2026-03-07 23:00:51 INFO  [] [task-7] c.p.a.service.AnalyticsService : Analyzing postpone pattern for user: test-user-001, month: 2026-01
2026-03-07 23:00:51 INFO  [] [task-7] c.p.a.service.AnalyticsService : Postpone pattern analyzed: worst day = THURSDAY
2026-03-07 23:00:51 INFO  [] [task-8] c.p.a.service.AnalyticsService : Summary generated: trend = -21%, focus time = 16:00-18:00
2026-03-07 23:00:51 INFO  [] [task-5] c.p.a.service.AnalyticsService : Growth rate calculated: {previousRate=88, growthRate=-24, topicName=주제#101, currentRate=67}
2026-03-07 23:00:51 INFO  [] [task-6] c.p.a.service.AnalyticsService : Timeline calculated with 6 months
2026-03-07 23:00:51 INFO  [69ac2f935688c2896ed25d467b2067c0] [http-nio-8084-exec-8] c.p.analytics.adapter.RestApiAdapter : Calling Service B via REST API: http://localhost:8085 for user: test-user-001, reportType: GROWTH
2026-03-07 23:00:51 ERROR [69ac2f935688c2896ed25d467b2067c0] [http-nio-8084-exec-8] c.p.analytics.adapter.RestApiAdapter : Failed to call Service B for user: test-user-001, error: I/O error on POST request for "http://localhost:8085/ai/reports/generate": Connection refused: getsockopt: localhost/127.0.0.1:8085
org.springframework.web.client.ResourceAccessException: I/O error on POST request for "http://localhost:8085/ai/reports/generate": Connection refused: getsockopt: localhost/127.0.0.1:8085
	at org.springframework.web.client.RestTemplate.createResourceAccessException(RestTemplate.java:926)
	at org.springframework.web.client.RestTemplate.doExecute(RestTemplate.java:906)
	at org.springframework.web.client.RestTemplate.execute(RestTemplate.java:801)
	at org.springframework.web.client.RestTemplate.postForObject(RestTemplate.java:518)
	at com.planit.analytics.adapter.RestApiAdapter.generateReport(RestApiAdapter.java:47)
	at com.planit.analytics.scheduler.ReportGenerationScheduler.generateAndSaveReport(ReportGenerationScheduler.java:215)
	at com.planit.analytics.scheduler.ReportGenerationScheduler.generateMonthlyReportForUser(ReportGenerationScheduler.java:180)
	at java.base/jdk.internal.reflect.NativeMethodAccessorImpl.invoke0(Native Method)
	at java.base/jdk.internal.reflect.NativeMethodAccessorImpl.invoke(NativeMethodAccessorImpl.java:77)
	at java.base/jdk.internal.reflect.DelegatingMethodAccessorImpl.invoke(DelegatingMethodAccessorImpl.java:43)
	at java.base/java.lang.reflect.Method.invoke(Method.java:569)
	at org.springframework.aop.support.AopUtils.invokeJoinpointUsingReflection(AopUtils.java:360)
	at org.springframework.aop.framework.CglibAopProxy$DynamicAdvisedInterceptor.intercept(CglibAopProxy.java:724)
	at com.planit.analytics.scheduler.ReportGenerationScheduler$$SpringCGLIB$$0.generateMonthlyReportForUser(<generated>)
	at com.planit.analytics.controller.BatchController.generateReportForUser(BatchController.java:103)
	at java.base/jdk.internal.reflect.NativeMethodAccessorImpl.invoke0(Native Method)
	at java.base/jdk.internal.reflect.NativeMethodAccessorImpl.invoke(NativeMethodAccessorImpl.java:77)
	at java.base/jdk.internal.reflect.DelegatingMethodAccessorImpl.invoke(DelegatingMethodAccessorImpl.java:43)
	at java.base/java.lang.reflect.Method.invoke(Method.java:569)
	at org.springframework.web.method.support.InvocableHandlerMethod.doInvoke(InvocableHandlerMethod.java:258)
	at org.springframework.web.method.support.InvocableHandlerMethod.invokeForRequest(InvocableHandlerMethod.java:191)
	at org.springframework.web.servlet.mvc.method.annotation.ServletInvocableHandlerMethod.invokeAndHandle(ServletInvocableHandlerMethod.java:118)
	at org.springframework.web.servlet.mvc.method.annotation.RequestMappingHandlerAdapter.invokeHandlerMethod(RequestMappingHandlerAdapter.java:991)
	at org.springframework.web.servlet.mvc.method.annotation.RequestMappingHandlerAdapter.handleInternal(RequestMappingHandlerAdapter.java:896)
	at org.springframework.web.servlet.mvc.method.AbstractHandlerMethodAdapter.handle(AbstractHandlerMethodAdapter.java:87)
	at org.springframework.web.servlet.DispatcherServlet.doDispatch(DispatcherServlet.java:1089)
	at org.springframework.web.servlet.DispatcherServlet.doService(DispatcherServlet.java:979)
	at org.springframework.web.servlet.FrameworkServlet.processRequest(FrameworkServlet.java:1014)
	at org.springframework.web.servlet.FrameworkServlet.doPost(FrameworkServlet.java:914)
	at jakarta.servlet.http.HttpServlet.service(HttpServlet.java:590)
	at org.springframework.web.servlet.FrameworkServlet.service(FrameworkServlet.java:885)
	at jakarta.servlet.http.HttpServlet.service(HttpServlet.java:658)
	at org.apache.catalina.core.ApplicationFilterChain.internalDoFilter(ApplicationFilterChain.java:193)
	at org.apache.catalina.core.ApplicationFilterChain.doFilter(ApplicationFilterChain.java:138)
	at org.apache.tomcat.websocket.server.WsFilter.doFilter(WsFilter.java:51)
	at org.apache.catalina.core.ApplicationFilterChain.internalDoFilter(ApplicationFilterChain.java:162)
	at org.apache.catalina.core.ApplicationFilterChain.doFilter(ApplicationFilterChain.java:138)
	at org.springframework.web.filter.RequestContextFilter.doFilterInternal(RequestContextFilter.java:100)
	at org.springframework.web.filter.OncePerRequestFilter.doFilter(OncePerRequestFilter.java:116)
	at org.apache.catalina.core.ApplicationFilterChain.internalDoFilter(ApplicationFilterChain.java:162)
	at org.apache.catalina.core.ApplicationFilterChain.doFilter(ApplicationFilterChain.java:138)
	at org.springframework.web.filter.FormContentFilter.doFilterInternal(FormContentFilter.java:93)
	at org.springframework.web.filter.OncePerRequestFilter.doFilter(OncePerRequestFilter.java:116)
	at org.apache.catalina.core.ApplicationFilterChain.internalDoFilter(ApplicationFilterChain.java:162)
	at org.apache.catalina.core.ApplicationFilterChain.doFilter(ApplicationFilterChain.java:138)
	at org.springframework.web.filter.ServerHttpObservationFilter.doFilterInternal(ServerHttpObservationFilter.java:110)
	at org.springframework.web.filter.OncePerRequestFilter.doFilter(OncePerRequestFilter.java:116)
	at org.apache.catalina.core.ApplicationFilterChain.internalDoFilter(ApplicationFilterChain.java:162)
	at org.apache.catalina.core.ApplicationFilterChain.doFilter(ApplicationFilterChain.java:138)
	at org.springframework.web.filter.CharacterEncodingFilter.doFilterInternal(CharacterEncodingFilter.java:201)
	at org.springframework.web.filter.OncePerRequestFilter.doFilter(OncePerRequestFilter.java:116)
	at org.apache.catalina.core.ApplicationFilterChain.internalDoFilter(ApplicationFilterChain.java:162)
	at org.apache.catalina.core.ApplicationFilterChain.doFilter(ApplicationFilterChain.java:138)
	at org.apache.catalina.core.StandardWrapperValve.invoke(StandardWrapperValve.java:165)
	at org.apache.catalina.core.StandardContextValve.invoke(StandardContextValve.java:88)
	at org.apache.catalina.authenticator.AuthenticatorBase.invoke(AuthenticatorBase.java:492)
	at org.apache.catalina.core.StandardHostValve.invoke(StandardHostValve.java:113)
	at org.apache.catalina.valves.ErrorReportValve.invoke(ErrorReportValve.java:83)
	at org.apache.catalina.core.StandardEngineValve.invoke(StandardEngineValve.java:72)
	at org.apache.catalina.connector.CoyoteAdapter.service(CoyoteAdapter.java:342)
	at org.apache.coyote.http11.Http11Processor.service(Http11Processor.java:399)
	at org.apache.coyote.AbstractProcessorLight.process(AbstractProcessorLight.java:63)
	at org.apache.coyote.AbstractProtocol$ConnectionHandler.process(AbstractProtocol.java:903)
	at org.apache.tomcat.util.net.NioEndpoint$SocketProcessor.doRun(NioEndpoint.java:1775)
	at org.apache.tomcat.util.net.SocketProcessorBase.run(SocketProcessorBase.java:52)
	at org.apache.tomcat.util.threads.ThreadPoolExecutor.runWorker(ThreadPoolExecutor.java:973)
	at org.apache.tomcat.util.threads.ThreadPoolExecutor$Worker.run(ThreadPoolExecutor.java:491)
	at org.apache.tomcat.util.threads.TaskThread$WrappingRunnable.run(TaskThread.java:63)
	at java.base/java.lang.Thread.run(Thread.java:840)
Caused by: io.netty.channel.AbstractChannel$AnnotatedConnectException: Connection refused: getsockopt: localhost/127.0.0.1:8085
Caused by: java.net.ConnectException: Connection refused: getsockopt
	at java.base/sun.nio.ch.Net.pollConnect(Native Method)
	at java.base/sun.nio.ch.Net.pollConnectNow(Net.java:672)
	at java.base/sun.nio.ch.SocketChannelImpl.finishConnect(SocketChannelImpl.java:946)
	at io.netty.channel.socket.nio.NioSocketChannel.doFinishConnect(NioSocketChannel.java:336)
	at io.netty.channel.nio.AbstractNioChannel$AbstractNioUnsafe.finishConnect(AbstractNioChannel.java:339)
	at io.netty.channel.nio.NioEventLoop.processSelectedKey(NioEventLoop.java:784)
	at io.netty.channel.nio.NioEventLoop.processSelectedKeysOptimized(NioEventLoop.java:732)
	at io.netty.channel.nio.NioEventLoop.processSelectedKeys(NioEventLoop.java:658)
	at io.netty.channel.nio.NioEventLoop.run(NioEventLoop.java:562)
	at io.netty.util.concurrent.SingleThreadEventExecutor$4.run(SingleThreadEventExecutor.java:998)
	at io.netty.util.internal.ThreadExecutorMap$2.run(ThreadExecutorMap.java:74)
	at io.netty.util.concurrent.FastThreadLocalRunnable.run(FastThreadLocalRunnable.java:30)
	at java.base/java.lang.Thread.run(Thread.java:840)
2026-03-07 23:00:51 WARN  [69ac2f935688c2896ed25d467b2067c0] [http-nio-8084-exec-8] c.p.a.s.ReportGenerationScheduler : AI report generation failed for user: test-user-001, type: GROWTH, error: Service B 호출 실패: I/O error on POST request for "http://localhost:8085/ai/reports/generate": Connection refused: getsockopt: localhost/127.0.0.1:8085
2026-03-07 23:00:51 INFO  [69ac2f935688c2896ed25d467b2067c0] [http-nio-8084-exec-8] c.p.analytics.adapter.RestApiAdapter : Calling Service B via REST API: http://localhost:8085 for user: test-user-001, reportType: TIMELINE
2026-03-07 23:00:52 ERROR [69ac2f935688c2896ed25d467b2067c0] [http-nio-8084-exec-8] c.p.analytics.adapter.RestApiAdapter : Failed to call Service B for user: test-user-001, error: I/O error on POST request for "http://localhost:8085/ai/reports/generate": Connection refused: getsockopt: localhost/127.0.0.1:8085
org.springframework.web.client.ResourceAccessException: I/O error on POST request for "http://localhost:8085/ai/reports/generate": Connection refused: getsockopt: localhost/127.0.0.1:8085
	at org.springframework.web.client.RestTemplate.createResourceAccessException(RestTemplate.java:926)
	at org.springframework.web.client.RestTemplate.doExecute(RestTemplate.java:906)
	at org.springframework.web.client.RestTemplate.execute(RestTemplate.java:801)
	at org.springframework.web.client.RestTemplate.postForObject(RestTemplate.java:518)
	at com.planit.analytics.adapter.RestApiAdapter.generateReport(RestApiAdapter.java:47)
	at com.planit.analytics.scheduler.ReportGenerationScheduler.generateAndSaveReport(ReportGenerationScheduler.java:215)
	at com.planit.analytics.scheduler.ReportGenerationScheduler.generateMonthlyReportForUser(ReportGenerationScheduler.java:184)
	at java.base/jdk.internal.reflect.NativeMethodAccessorImpl.invoke0(Native Method)
	at java.base/jdk.internal.reflect.NativeMethodAccessorImpl.invoke(NativeMethodAccessorImpl.java:77)
	at java.base/jdk.internal.reflect.DelegatingMethodAccessorImpl.invoke(DelegatingMethodAccessorImpl.java:43)
	at java.base/java.lang.reflect.Method.invoke(Method.java:569)
	at org.springframework.aop.support.AopUtils.invokeJoinpointUsingReflection(AopUtils.java:360)
	at org.springframework.aop.framework.CglibAopProxy$DynamicAdvisedInterceptor.intercept(CglibAopProxy.java:724)
	at com.planit.analytics.scheduler.ReportGenerationScheduler$$SpringCGLIB$$0.generateMonthlyReportForUser(<generated>)
	at com.planit.analytics.controller.BatchController.generateReportForUser(BatchController.java:103)
	at java.base/jdk.internal.reflect.NativeMethodAccessorImpl.invoke0(Native Method)
	at java.base/jdk.internal.reflect.NativeMethodAccessorImpl.invoke(NativeMethodAccessorImpl.java:77)
	at java.base/jdk.internal.reflect.DelegatingMethodAccessorImpl.invoke(DelegatingMethodAccessorImpl.java:43)
	at java.base/java.lang.reflect.Method.invoke(Method.java:569)
	at org.springframework.web.method.support.InvocableHandlerMethod.doInvoke(InvocableHandlerMethod.java:258)
	at org.springframework.web.method.support.InvocableHandlerMethod.invokeForRequest(InvocableHandlerMethod.java:191)
	at org.springframework.web.servlet.mvc.method.annotation.ServletInvocableHandlerMethod.invokeAndHandle(ServletInvocableHandlerMethod.java:118)
	at org.springframework.web.servlet.mvc.method.annotation.RequestMappingHandlerAdapter.invokeHandlerMethod(RequestMappingHandlerAdapter.java:991)
	at org.springframework.web.servlet.mvc.method.annotation.RequestMappingHandlerAdapter.handleInternal(RequestMappingHandlerAdapter.java:896)
	at org.springframework.web.servlet.mvc.method.AbstractHandlerMethodAdapter.handle(AbstractHandlerMethodAdapter.java:87)
	at org.springframework.web.servlet.DispatcherServlet.doDispatch(DispatcherServlet.java:1089)
	at org.springframework.web.servlet.DispatcherServlet.doService(DispatcherServlet.java:979)
	at org.springframework.web.servlet.FrameworkServlet.processRequest(FrameworkServlet.java:1014)
	at org.springframework.web.servlet.FrameworkServlet.doPost(FrameworkServlet.java:914)
	at jakarta.servlet.http.HttpServlet.service(HttpServlet.java:590)
	at org.springframework.web.servlet.FrameworkServlet.service(FrameworkServlet.java:885)
	at jakarta.servlet.http.HttpServlet.service(HttpServlet.java:658)
	at org.apache.catalina.core.ApplicationFilterChain.internalDoFilter(ApplicationFilterChain.java:193)
	at org.apache.catalina.core.ApplicationFilterChain.doFilter(ApplicationFilterChain.java:138)
	at org.apache.tomcat.websocket.server.WsFilter.doFilter(WsFilter.java:51)
	at org.apache.catalina.core.ApplicationFilterChain.internalDoFilter(ApplicationFilterChain.java:162)
	at org.apache.catalina.core.ApplicationFilterChain.doFilter(ApplicationFilterChain.java:138)
	at org.springframework.web.filter.RequestContextFilter.doFilterInternal(RequestContextFilter.java:100)
	at org.springframework.web.filter.OncePerRequestFilter.doFilter(OncePerRequestFilter.java:116)
	at org.apache.catalina.core.ApplicationFilterChain.internalDoFilter(ApplicationFilterChain.java:162)
	at org.apache.catalina.core.ApplicationFilterChain.doFilter(ApplicationFilterChain.java:138)
	at org.springframework.web.filter.FormContentFilter.doFilterInternal(FormContentFilter.java:93)
	at org.springframework.web.filter.OncePerRequestFilter.doFilter(OncePerRequestFilter.java:116)
	at org.apache.catalina.core.ApplicationFilterChain.internalDoFilter(ApplicationFilterChain.java:162)
	at org.apache.catalina.core.ApplicationFilterChain.doFilter(ApplicationFilterChain.java:138)
	at org.springframework.web.filter.ServerHttpObservationFilter.doFilterInternal(ServerHttpObservationFilter.java:110)
	at org.springframework.web.filter.OncePerRequestFilter.doFilter(OncePerRequestFilter.java:116)
	at org.apache.catalina.core.ApplicationFilterChain.internalDoFilter(ApplicationFilterChain.java:162)
	at org.apache.catalina.core.ApplicationFilterChain.doFilter(ApplicationFilterChain.java:138)
	at org.springframework.web.filter.CharacterEncodingFilter.doFilterInternal(CharacterEncodingFilter.java:201)
	at org.springframework.web.filter.OncePerRequestFilter.doFilter(OncePerRequestFilter.java:116)
	at org.apache.catalina.core.ApplicationFilterChain.internalDoFilter(ApplicationFilterChain.java:162)
	at org.apache.catalina.core.ApplicationFilterChain.doFilter(ApplicationFilterChain.java:138)
	at org.apache.catalina.core.StandardWrapperValve.invoke(StandardWrapperValve.java:165)
	at org.apache.catalina.core.StandardContextValve.invoke(StandardContextValve.java:88)
	at org.apache.catalina.authenticator.AuthenticatorBase.invoke(AuthenticatorBase.java:492)
	at org.apache.catalina.core.StandardHostValve.invoke(StandardHostValve.java:113)
	at org.apache.catalina.valves.ErrorReportValve.invoke(ErrorReportValve.java:83)
	at org.apache.catalina.core.StandardEngineValve.invoke(StandardEngineValve.java:72)
	at org.apache.catalina.connector.CoyoteAdapter.service(CoyoteAdapter.java:342)
	at org.apache.coyote.http11.Http11Processor.service(Http11Processor.java:399)
	at org.apache.coyote.AbstractProcessorLight.process(AbstractProcessorLight.java:63)
	at org.apache.coyote.AbstractProtocol$ConnectionHandler.process(AbstractProtocol.java:903)
	at org.apache.tomcat.util.net.NioEndpoint$SocketProcessor.doRun(NioEndpoint.java:1775)
	at org.apache.tomcat.util.net.SocketProcessorBase.run(SocketProcessorBase.java:52)
	at org.apache.tomcat.util.threads.ThreadPoolExecutor.runWorker(ThreadPoolExecutor.java:973)
	at org.apache.tomcat.util.threads.ThreadPoolExecutor$Worker.run(ThreadPoolExecutor.java:491)
	at org.apache.tomcat.util.threads.TaskThread$WrappingRunnable.run(TaskThread.java:63)
	at java.base/java.lang.Thread.run(Thread.java:840)
Caused by: io.netty.channel.AbstractChannel$AnnotatedConnectException: Connection refused: getsockopt: localhost/127.0.0.1:8085
Caused by: java.net.ConnectException: Connection refused: getsockopt
	at java.base/sun.nio.ch.Net.pollConnect(Native Method)
	at java.base/sun.nio.ch.Net.pollConnectNow(Net.java:672)
	at java.base/sun.nio.ch.SocketChannelImpl.finishConnect(SocketChannelImpl.java:946)
	at io.netty.channel.socket.nio.NioSocketChannel.doFinishConnect(NioSocketChannel.java:336)
	at io.netty.channel.nio.AbstractNioChannel$AbstractNioUnsafe.finishConnect(AbstractNioChannel.java:339)
	at io.netty.channel.nio.NioEventLoop.processSelectedKey(NioEventLoop.java:784)
	at io.netty.channel.nio.NioEventLoop.processSelectedKeysOptimized(NioEventLoop.java:732)
	at io.netty.channel.nio.NioEventLoop.processSelectedKeys(NioEventLoop.java:658)
	at io.netty.channel.nio.NioEventLoop.run(NioEventLoop.java:562)
	at io.netty.util.concurrent.SingleThreadEventExecutor$4.run(SingleThreadEventExecutor.java:998)
	at io.netty.util.internal.ThreadExecutorMap$2.run(ThreadExecutorMap.java:74)
	at io.netty.util.concurrent.FastThreadLocalRunnable.run(FastThreadLocalRunnable.java:30)
	at java.base/java.lang.Thread.run(Thread.java:840)
2026-03-07 23:00:52 WARN  [69ac2f935688c2896ed25d467b2067c0] [http-nio-8084-exec-8] c.p.a.s.ReportGenerationScheduler : AI report generation failed for user: test-user-001, type: TIMELINE, error: Service B 호출 실패: I/O error on POST request for "http://localhost:8085/ai/reports/generate": Connection refused: getsockopt: localhost/127.0.0.1:8085
2026-03-07 23:00:52 INFO  [69ac2f935688c2896ed25d467b2067c0] [http-nio-8084-exec-8] c.p.analytics.adapter.RestApiAdapter : Calling Service B via REST API: http://localhost:8085 for user: test-user-001, reportType: PATTERN
2026-03-07 23:00:52 ERROR [69ac2f935688c2896ed25d467b2067c0] [http-nio-8084-exec-8] c.p.analytics.adapter.RestApiAdapter : Failed to call Service B for user: test-user-001, error: I/O error on POST request for "http://localhost:8085/ai/reports/generate": Connection refused: getsockopt: localhost/127.0.0.1:8085
org.springframework.web.client.ResourceAccessException: I/O error on POST request for "http://localhost:8085/ai/reports/generate": Connection refused: getsockopt: localhost/127.0.0.1:8085
	at org.springframework.web.client.RestTemplate.createResourceAccessException(RestTemplate.java:926)
	at org.springframework.web.client.RestTemplate.doExecute(RestTemplate.java:906)
	at org.springframework.web.client.RestTemplate.execute(RestTemplate.java:801)
	at org.springframework.web.client.RestTemplate.postForObject(RestTemplate.java:518)
	at com.planit.analytics.adapter.RestApiAdapter.generateReport(RestApiAdapter.java:47)
	at com.planit.analytics.scheduler.ReportGenerationScheduler.generateAndSaveReport(ReportGenerationScheduler.java:215)
	at com.planit.analytics.scheduler.ReportGenerationScheduler.generateMonthlyReportForUser(ReportGenerationScheduler.java:188)
	at java.base/jdk.internal.reflect.NativeMethodAccessorImpl.invoke0(Native Method)
	at java.base/jdk.internal.reflect.NativeMethodAccessorImpl.invoke(NativeMethodAccessorImpl.java:77)
	at java.base/jdk.internal.reflect.DelegatingMethodAccessorImpl.invoke(DelegatingMethodAccessorImpl.java:43)
	at java.base/java.lang.reflect.Method.invoke(Method.java:569)
	at org.springframework.aop.support.AopUtils.invokeJoinpointUsingReflection(AopUtils.java:360)
	at org.springframework.aop.framework.CglibAopProxy$DynamicAdvisedInterceptor.intercept(CglibAopProxy.java:724)
	at com.planit.analytics.scheduler.ReportGenerationScheduler$$SpringCGLIB$$0.generateMonthlyReportForUser(<generated>)
	at com.planit.analytics.controller.BatchController.generateReportForUser(BatchController.java:103)
	at java.base/jdk.internal.reflect.NativeMethodAccessorImpl.invoke0(Native Method)
	at java.base/jdk.internal.reflect.NativeMethodAccessorImpl.invoke(NativeMethodAccessorImpl.java:77)
	at java.base/jdk.internal.reflect.DelegatingMethodAccessorImpl.invoke(DelegatingMethodAccessorImpl.java:43)
	at java.base/java.lang.reflect.Method.invoke(Method.java:569)
	at org.springframework.web.method.support.InvocableHandlerMethod.doInvoke(InvocableHandlerMethod.java:258)
	at org.springframework.web.method.support.InvocableHandlerMethod.invokeForRequest(InvocableHandlerMethod.java:191)
	at org.springframework.web.servlet.mvc.method.annotation.ServletInvocableHandlerMethod.invokeAndHandle(ServletInvocableHandlerMethod.java:118)
	at org.springframework.web.servlet.mvc.method.annotation.RequestMappingHandlerAdapter.invokeHandlerMethod(RequestMappingHandlerAdapter.java:991)
	at org.springframework.web.servlet.mvc.method.annotation.RequestMappingHandlerAdapter.handleInternal(RequestMappingHandlerAdapter.java:896)
	at org.springframework.web.servlet.mvc.method.AbstractHandlerMethodAdapter.handle(AbstractHandlerMethodAdapter.java:87)
	at org.springframework.web.servlet.DispatcherServlet.doDispatch(DispatcherServlet.java:1089)
	at org.springframework.web.servlet.DispatcherServlet.doService(DispatcherServlet.java:979)
	at org.springframework.web.servlet.FrameworkServlet.processRequest(FrameworkServlet.java:1014)
	at org.springframework.web.servlet.FrameworkServlet.doPost(FrameworkServlet.java:914)
	at jakarta.servlet.http.HttpServlet.service(HttpServlet.java:590)
	at org.springframework.web.servlet.FrameworkServlet.service(FrameworkServlet.java:885)
	at jakarta.servlet.http.HttpServlet.service(HttpServlet.java:658)
	at org.apache.catalina.core.ApplicationFilterChain.internalDoFilter(ApplicationFilterChain.java:193)
	at org.apache.catalina.core.ApplicationFilterChain.doFilter(ApplicationFilterChain.java:138)
	at org.apache.tomcat.websocket.server.WsFilter.doFilter(WsFilter.java:51)
	at org.apache.catalina.core.ApplicationFilterChain.internalDoFilter(ApplicationFilterChain.java:162)
	at org.apache.catalina.core.ApplicationFilterChain.doFilter(ApplicationFilterChain.java:138)
	at org.springframework.web.filter.RequestContextFilter.doFilterInternal(RequestContextFilter.java:100)
	at org.springframework.web.filter.OncePerRequestFilter.doFilter(OncePerRequestFilter.java:116)
	at org.apache.catalina.core.ApplicationFilterChain.internalDoFilter(ApplicationFilterChain.java:162)
	at org.apache.catalina.core.ApplicationFilterChain.doFilter(ApplicationFilterChain.java:138)
	at org.springframework.web.filter.FormContentFilter.doFilterInternal(FormContentFilter.java:93)
	at org.springframework.web.filter.OncePerRequestFilter.doFilter(OncePerRequestFilter.java:116)
	at org.apache.catalina.core.ApplicationFilterChain.internalDoFilter(ApplicationFilterChain.java:162)
	at org.apache.catalina.core.ApplicationFilterChain.doFilter(ApplicationFilterChain.java:138)
	at org.springframework.web.filter.ServerHttpObservationFilter.doFilterInternal(ServerHttpObservationFilter.java:110)
	at org.springframework.web.filter.OncePerRequestFilter.doFilter(OncePerRequestFilter.java:116)
	at org.apache.catalina.core.ApplicationFilterChain.internalDoFilter(ApplicationFilterChain.java:162)
	at org.apache.catalina.core.ApplicationFilterChain.doFilter(ApplicationFilterChain.java:138)
	at org.springframework.web.filter.CharacterEncodingFilter.doFilterInternal(CharacterEncodingFilter.java:201)
	at org.springframework.web.filter.OncePerRequestFilter.doFilter(OncePerRequestFilter.java:116)
	at org.apache.catalina.core.ApplicationFilterChain.internalDoFilter(ApplicationFilterChain.java:162)
	at org.apache.catalina.core.ApplicationFilterChain.doFilter(ApplicationFilterChain.java:138)
	at org.apache.catalina.core.StandardWrapperValve.invoke(StandardWrapperValve.java:165)
	at org.apache.catalina.core.StandardContextValve.invoke(StandardContextValve.java:88)
	at org.apache.catalina.authenticator.AuthenticatorBase.invoke(AuthenticatorBase.java:492)
	at org.apache.catalina.core.StandardHostValve.invoke(StandardHostValve.java:113)
	at org.apache.catalina.valves.ErrorReportValve.invoke(ErrorReportValve.java:83)
	at org.apache.catalina.core.StandardEngineValve.invoke(StandardEngineValve.java:72)
	at org.apache.catalina.connector.CoyoteAdapter.service(CoyoteAdapter.java:342)
	at org.apache.coyote.http11.Http11Processor.service(Http11Processor.java:399)
	at org.apache.coyote.AbstractProcessorLight.process(AbstractProcessorLight.java:63)
	at org.apache.coyote.AbstractProtocol$ConnectionHandler.process(AbstractProtocol.java:903)
	at org.apache.tomcat.util.net.NioEndpoint$SocketProcessor.doRun(NioEndpoint.java:1775)
	at org.apache.tomcat.util.net.SocketProcessorBase.run(SocketProcessorBase.java:52)
	at org.apache.tomcat.util.threads.ThreadPoolExecutor.runWorker(ThreadPoolExecutor.java:973)
	at org.apache.tomcat.util.threads.ThreadPoolExecutor$Worker.run(ThreadPoolExecutor.java:491)
	at org.apache.tomcat.util.threads.TaskThread$WrappingRunnable.run(TaskThread.java:63)
	at java.base/java.lang.Thread.run(Thread.java:840)
Caused by: io.netty.channel.AbstractChannel$AnnotatedConnectException: Connection refused: getsockopt: localhost/127.0.0.1:8085
Caused by: java.net.ConnectException: Connection refused: getsockopt
	at java.base/sun.nio.ch.Net.pollConnect(Native Method)
	at java.base/sun.nio.ch.Net.pollConnectNow(Net.java:672)
	at java.base/sun.nio.ch.SocketChannelImpl.finishConnect(SocketChannelImpl.java:946)
	at io.netty.channel.socket.nio.NioSocketChannel.doFinishConnect(NioSocketChannel.java:336)
	at io.netty.channel.nio.AbstractNioChannel$AbstractNioUnsafe.finishConnect(AbstractNioChannel.java:339)
	at io.netty.channel.nio.NioEventLoop.processSelectedKey(NioEventLoop.java:784)
	at io.netty.channel.nio.NioEventLoop.processSelectedKeysOptimized(NioEventLoop.java:732)
	at io.netty.channel.nio.NioEventLoop.processSelectedKeys(NioEventLoop.java:658)
	at io.netty.channel.nio.NioEventLoop.run(NioEventLoop.java:562)
	at io.netty.util.concurrent.SingleThreadEventExecutor$4.run(SingleThreadEventExecutor.java:998)
	at io.netty.util.internal.ThreadExecutorMap$2.run(ThreadExecutorMap.java:74)
	at io.netty.util.concurrent.FastThreadLocalRunnable.run(FastThreadLocalRunnable.java:30)
	at java.base/java.lang.Thread.run(Thread.java:840)
2026-03-07 23:00:52 WARN  [69ac2f935688c2896ed25d467b2067c0] [http-nio-8084-exec-8] c.p.a.s.ReportGenerationScheduler : AI report generation failed for user: test-user-001, type: PATTERN, error: Service B 호출 실패: I/O error on POST request for "http://localhost:8085/ai/reports/generate": Connection refused: getsockopt: localhost/127.0.0.1:8085
2026-03-07 23:00:52 INFO  [69ac2f935688c2896ed25d467b2067c0] [http-nio-8084-exec-8] c.p.analytics.adapter.RestApiAdapter : Calling Service B via REST API: http://localhost:8085 for user: test-user-001, reportType: SUMMARY
2026-03-07 23:00:52 ERROR [69ac2f935688c2896ed25d467b2067c0] [http-nio-8084-exec-8] c.p.analytics.adapter.RestApiAdapter : Failed to call Service B for user: test-user-001, error: I/O error on POST request for "http://localhost:8085/ai/reports/generate": Connection refused: getsockopt: localhost/127.0.0.1:8085
org.springframework.web.client.ResourceAccessException: I/O error on POST request for "http://localhost:8085/ai/reports/generate": Connection refused: getsockopt: localhost/127.0.0.1:8085
	at org.springframework.web.client.RestTemplate.createResourceAccessException(RestTemplate.java:926)
	at org.springframework.web.client.RestTemplate.doExecute(RestTemplate.java:906)
	at org.springframework.web.client.RestTemplate.execute(RestTemplate.java:801)
	at org.springframework.web.client.RestTemplate.postForObject(RestTemplate.java:518)
	at com.planit.analytics.adapter.RestApiAdapter.generateReport(RestApiAdapter.java:47)
	at com.planit.analytics.scheduler.ReportGenerationScheduler.generateAndSaveReport(ReportGenerationScheduler.java:215)
	at com.planit.analytics.scheduler.ReportGenerationScheduler.generateMonthlyReportForUser(ReportGenerationScheduler.java:192)
	at java.base/jdk.internal.reflect.NativeMethodAccessorImpl.invoke0(Native Method)
	at java.base/jdk.internal.reflect.NativeMethodAccessorImpl.invoke(NativeMethodAccessorImpl.java:77)
	at java.base/jdk.internal.reflect.DelegatingMethodAccessorImpl.invoke(DelegatingMethodAccessorImpl.java:43)
	at java.base/java.lang.reflect.Method.invoke(Method.java:569)
	at org.springframework.aop.support.AopUtils.invokeJoinpointUsingReflection(AopUtils.java:360)
	at org.springframework.aop.framework.CglibAopProxy$DynamicAdvisedInterceptor.intercept(CglibAopProxy.java:724)
	at com.planit.analytics.scheduler.ReportGenerationScheduler$$SpringCGLIB$$0.generateMonthlyReportForUser(<generated>)
	at com.planit.analytics.controller.BatchController.generateReportForUser(BatchController.java:103)
	at java.base/jdk.internal.reflect.NativeMethodAccessorImpl.invoke0(Native Method)
	at java.base/jdk.internal.reflect.NativeMethodAccessorImpl.invoke(NativeMethodAccessorImpl.java:77)
	at java.base/jdk.internal.reflect.DelegatingMethodAccessorImpl.invoke(DelegatingMethodAccessorImpl.java:43)
	at java.base/java.lang.reflect.Method.invoke(Method.java:569)
	at org.springframework.web.method.support.InvocableHandlerMethod.doInvoke(InvocableHandlerMethod.java:258)
	at org.springframework.web.method.support.InvocableHandlerMethod.invokeForRequest(InvocableHandlerMethod.java:191)
	at org.springframework.web.servlet.mvc.method.annotation.ServletInvocableHandlerMethod.invokeAndHandle(ServletInvocableHandlerMethod.java:118)
	at org.springframework.web.servlet.mvc.method.annotation.RequestMappingHandlerAdapter.invokeHandlerMethod(RequestMappingHandlerAdapter.java:991)
	at org.springframework.web.servlet.mvc.method.annotation.RequestMappingHandlerAdapter.handleInternal(RequestMappingHandlerAdapter.java:896)
	at org.springframework.web.servlet.mvc.method.AbstractHandlerMethodAdapter.handle(AbstractHandlerMethodAdapter.java:87)
	at org.springframework.web.servlet.DispatcherServlet.doDispatch(DispatcherServlet.java:1089)
	at org.springframework.web.servlet.DispatcherServlet.doService(DispatcherServlet.java:979)
	at org.springframework.web.servlet.FrameworkServlet.processRequest(FrameworkServlet.java:1014)
	at org.springframework.web.servlet.FrameworkServlet.doPost(FrameworkServlet.java:914)
	at jakarta.servlet.http.HttpServlet.service(HttpServlet.java:590)
	at org.springframework.web.servlet.FrameworkServlet.service(FrameworkServlet.java:885)
	at jakarta.servlet.http.HttpServlet.service(HttpServlet.java:658)
	at org.apache.catalina.core.ApplicationFilterChain.internalDoFilter(ApplicationFilterChain.java:193)
	at org.apache.catalina.core.ApplicationFilterChain.doFilter(ApplicationFilterChain.java:138)
	at org.apache.tomcat.websocket.server.WsFilter.doFilter(WsFilter.java:51)
	at org.apache.catalina.core.ApplicationFilterChain.internalDoFilter(ApplicationFilterChain.java:162)
	at org.apache.catalina.core.ApplicationFilterChain.doFilter(ApplicationFilterChain.java:138)
	at org.springframework.web.filter.RequestContextFilter.doFilterInternal(RequestContextFilter.java:100)
	at org.springframework.web.filter.OncePerRequestFilter.doFilter(OncePerRequestFilter.java:116)
	at org.apache.catalina.core.ApplicationFilterChain.internalDoFilter(ApplicationFilterChain.java:162)
	at org.apache.catalina.core.ApplicationFilterChain.doFilter(ApplicationFilterChain.java:138)
	at org.springframework.web.filter.FormContentFilter.doFilterInternal(FormContentFilter.java:93)
	at org.springframework.web.filter.OncePerRequestFilter.doFilter(OncePerRequestFilter.java:116)
	at org.apache.catalina.core.ApplicationFilterChain.internalDoFilter(ApplicationFilterChain.java:162)
	at org.apache.catalina.core.ApplicationFilterChain.doFilter(ApplicationFilterChain.java:138)
	at org.springframework.web.filter.ServerHttpObservationFilter.doFilterInternal(ServerHttpObservationFilter.java:110)
	at org.springframework.web.filter.OncePerRequestFilter.doFilter(OncePerRequestFilter.java:116)
	at org.apache.catalina.core.ApplicationFilterChain.internalDoFilter(ApplicationFilterChain.java:162)
	at org.apache.catalina.core.ApplicationFilterChain.doFilter(ApplicationFilterChain.java:138)
	at org.springframework.web.filter.CharacterEncodingFilter.doFilterInternal(CharacterEncodingFilter.java:201)
	at org.springframework.web.filter.OncePerRequestFilter.doFilter(OncePerRequestFilter.java:116)
	at org.apache.catalina.core.ApplicationFilterChain.internalDoFilter(ApplicationFilterChain.java:162)
	at org.apache.catalina.core.ApplicationFilterChain.doFilter(ApplicationFilterChain.java:138)
	at org.apache.catalina.core.StandardWrapperValve.invoke(StandardWrapperValve.java:165)
	at org.apache.catalina.core.StandardContextValve.invoke(StandardContextValve.java:88)
	at org.apache.catalina.authenticator.AuthenticatorBase.invoke(AuthenticatorBase.java:492)
	at org.apache.catalina.core.StandardHostValve.invoke(StandardHostValve.java:113)
	at org.apache.catalina.valves.ErrorReportValve.invoke(ErrorReportValve.java:83)
	at org.apache.catalina.core.StandardEngineValve.invoke(StandardEngineValve.java:72)
	at org.apache.catalina.connector.CoyoteAdapter.service(CoyoteAdapter.java:342)
	at org.apache.coyote.http11.Http11Processor.service(Http11Processor.java:399)
	at org.apache.coyote.AbstractProcessorLight.process(AbstractProcessorLight.java:63)
	at org.apache.coyote.AbstractProtocol$ConnectionHandler.process(AbstractProtocol.java:903)
	at org.apache.tomcat.util.net.NioEndpoint$SocketProcessor.doRun(NioEndpoint.java:1775)
	at org.apache.tomcat.util.net.SocketProcessorBase.run(SocketProcessorBase.java:52)
	at org.apache.tomcat.util.threads.ThreadPoolExecutor.runWorker(ThreadPoolExecutor.java:973)
	at org.apache.tomcat.util.threads.ThreadPoolExecutor$Worker.run(ThreadPoolExecutor.java:491)
	at org.apache.tomcat.util.threads.TaskThread$WrappingRunnable.run(TaskThread.java:63)
	at java.base/java.lang.Thread.run(Thread.java:840)
Caused by: io.netty.channel.AbstractChannel$AnnotatedConnectException: Connection refused: getsockopt: localhost/127.0.0.1:8085
Caused by: java.net.ConnectException: Connection refused: getsockopt
	at java.base/sun.nio.ch.Net.pollConnect(Native Method)
	at java.base/sun.nio.ch.Net.pollConnectNow(Net.java:672)
	at java.base/sun.nio.ch.SocketChannelImpl.finishConnect(SocketChannelImpl.java:946)
	at io.netty.channel.socket.nio.NioSocketChannel.doFinishConnect(NioSocketChannel.java:336)
	at io.netty.channel.nio.AbstractNioChannel$AbstractNioUnsafe.finishConnect(AbstractNioChannel.java:339)
	at io.netty.channel.nio.NioEventLoop.processSelectedKey(NioEventLoop.java:784)
	at io.netty.channel.nio.NioEventLoop.processSelectedKeysOptimized(NioEventLoop.java:732)
	at io.netty.channel.nio.NioEventLoop.processSelectedKeys(NioEventLoop.java:658)
	at io.netty.channel.nio.NioEventLoop.run(NioEventLoop.java:562)
	at io.netty.util.concurrent.SingleThreadEventExecutor$4.run(SingleThreadEventExecutor.java:998)
	at io.netty.util.internal.ThreadExecutorMap$2.run(ThreadExecutorMap.java:74)
	at io.netty.util.concurrent.FastThreadLocalRunnable.run(FastThreadLocalRunnable.java:30)
	at java.base/java.lang.Thread.run(Thread.java:840)
2026-03-07 23:00:52 WARN  [69ac2f935688c2896ed25d467b2067c0] [http-nio-8084-exec-8] c.p.a.s.ReportGenerationScheduler : AI report generation failed for user: test-user-001, type: SUMMARY, error: Service B 호출 실패: I/O error on POST request for "http://localhost:8085/ai/reports/generate": Connection refused: getsockopt: localhost/127.0.0.1:8085
2026-03-07 23:01:16 INFO  [69ac2fac5fad4aec5e7afc9dfeb2a096] [http-nio-8084-exec-9] c.p.a.controller.BatchController : Manual trigger: generate report for user: test-user-001, yearMonth: 2026-01
2026-03-07 23:01:16 INFO  [69ac2fac5fad4aec5e7afc9dfeb2a096] [http-nio-8084-exec-9] c.p.a.s.ReportGenerationScheduler : Generating monthly report for user: test-user-001
2026-03-07 23:01:16 INFO  [] [task-7] c.p.a.service.AnalyticsService : Calculating timeline for user: test-user-001, month: 2026-01
2026-03-07 23:01:16 INFO  [] [task-8] c.p.a.service.AnalyticsService : Analyzing postpone pattern for user: test-user-001, month: 2026-01
2026-03-07 23:01:16 INFO  [] [task-5] c.p.a.service.AnalyticsService : Generating summary for user: test-user-001, month: 2026-01
2026-03-07 23:01:16 INFO  [] [task-9] c.p.a.service.AnalyticsService : Calculating growth rate for user: test-user-001, month: 2026-01
2026-03-07 23:01:16 INFO  [] [task-8] c.p.a.service.AnalyticsService : Postpone pattern analyzed: worst day = THURSDAY
2026-03-07 23:01:16 INFO  [] [task-5] c.p.a.service.AnalyticsService : Summary generated: trend = -21%, focus time = 16:00-18:00
2026-03-07 23:01:16 INFO  [] [task-9] c.p.a.service.AnalyticsService : Growth rate calculated: {previousRate=88, growthRate=-24, topicName=주제#101, currentRate=67}
2026-03-07 23:01:16 INFO  [] [task-7] c.p.a.service.AnalyticsService : Timeline calculated with 6 months
2026-03-07 23:01:16 INFO  [69ac2fac5fad4aec5e7afc9dfeb2a096] [http-nio-8084-exec-9] c.p.analytics.adapter.RestApiAdapter : Calling Service B via REST API: http://localhost:8085 for user: test-user-001, reportType: GROWTH
2026-03-07 23:01:16 ERROR [69ac2fac5fad4aec5e7afc9dfeb2a096] [http-nio-8084-exec-9] c.p.analytics.adapter.RestApiAdapter : Failed to call Service B for user: test-user-001, error: I/O error on POST request for "http://localhost:8085/ai/reports/generate": Connection refused: getsockopt: localhost/127.0.0.1:8085
org.springframework.web.client.ResourceAccessException: I/O error on POST request for "http://localhost:8085/ai/reports/generate": Connection refused: getsockopt: localhost/127.0.0.1:8085
	at org.springframework.web.client.RestTemplate.createResourceAccessException(RestTemplate.java:926)
	at org.springframework.web.client.RestTemplate.doExecute(RestTemplate.java:906)
	at org.springframework.web.client.RestTemplate.execute(RestTemplate.java:801)
	at org.springframework.web.client.RestTemplate.postForObject(RestTemplate.java:518)
	at com.planit.analytics.adapter.RestApiAdapter.generateReport(RestApiAdapter.java:47)
	at com.planit.analytics.scheduler.ReportGenerationScheduler.generateAndSaveReport(ReportGenerationScheduler.java:215)
	at com.planit.analytics.scheduler.ReportGenerationScheduler.generateMonthlyReportForUser(ReportGenerationScheduler.java:180)
	at java.base/jdk.internal.reflect.NativeMethodAccessorImpl.invoke0(Native Method)
	at java.base/jdk.internal.reflect.NativeMethodAccessorImpl.invoke(NativeMethodAccessorImpl.java:77)
	at java.base/jdk.internal.reflect.DelegatingMethodAccessorImpl.invoke(DelegatingMethodAccessorImpl.java:43)
	at java.base/java.lang.reflect.Method.invoke(Method.java:569)
	at org.springframework.aop.support.AopUtils.invokeJoinpointUsingReflection(AopUtils.java:360)
	at org.springframework.aop.framework.CglibAopProxy$DynamicAdvisedInterceptor.intercept(CglibAopProxy.java:724)
	at com.planit.analytics.scheduler.ReportGenerationScheduler$$SpringCGLIB$$0.generateMonthlyReportForUser(<generated>)
	at com.planit.analytics.controller.BatchController.generateReportForUser(BatchController.java:103)
	at java.base/jdk.internal.reflect.NativeMethodAccessorImpl.invoke0(Native Method)
	at java.base/jdk.internal.reflect.NativeMethodAccessorImpl.invoke(NativeMethodAccessorImpl.java:77)
	at java.base/jdk.internal.reflect.DelegatingMethodAccessorImpl.invoke(DelegatingMethodAccessorImpl.java:43)
	at java.base/java.lang.reflect.Method.invoke(Method.java:569)
	at org.springframework.web.method.support.InvocableHandlerMethod.doInvoke(InvocableHandlerMethod.java:258)
	at org.springframework.web.method.support.InvocableHandlerMethod.invokeForRequest(InvocableHandlerMethod.java:191)
	at org.springframework.web.servlet.mvc.method.annotation.ServletInvocableHandlerMethod.invokeAndHandle(ServletInvocableHandlerMethod.java:118)
	at org.springframework.web.servlet.mvc.method.annotation.RequestMappingHandlerAdapter.invokeHandlerMethod(RequestMappingHandlerAdapter.java:991)
	at org.springframework.web.servlet.mvc.method.annotation.RequestMappingHandlerAdapter.handleInternal(RequestMappingHandlerAdapter.java:896)
	at org.springframework.web.servlet.mvc.method.AbstractHandlerMethodAdapter.handle(AbstractHandlerMethodAdapter.java:87)
	at org.springframework.web.servlet.DispatcherServlet.doDispatch(DispatcherServlet.java:1089)
	at org.springframework.web.servlet.DispatcherServlet.doService(DispatcherServlet.java:979)
	at org.springframework.web.servlet.FrameworkServlet.processRequest(FrameworkServlet.java:1014)
	at org.springframework.web.servlet.FrameworkServlet.doPost(FrameworkServlet.java:914)
	at jakarta.servlet.http.HttpServlet.service(HttpServlet.java:590)
	at org.springframework.web.servlet.FrameworkServlet.service(FrameworkServlet.java:885)
	at jakarta.servlet.http.HttpServlet.service(HttpServlet.java:658)
	at org.apache.catalina.core.ApplicationFilterChain.internalDoFilter(ApplicationFilterChain.java:193)
	at org.apache.catalina.core.ApplicationFilterChain.doFilter(ApplicationFilterChain.java:138)
	at org.apache.tomcat.websocket.server.WsFilter.doFilter(WsFilter.java:51)
	at org.apache.catalina.core.ApplicationFilterChain.internalDoFilter(ApplicationFilterChain.java:162)
	at org.apache.catalina.core.ApplicationFilterChain.doFilter(ApplicationFilterChain.java:138)
	at org.springframework.web.filter.RequestContextFilter.doFilterInternal(RequestContextFilter.java:100)
	at org.springframework.web.filter.OncePerRequestFilter.doFilter(OncePerRequestFilter.java:116)
	at org.apache.catalina.core.ApplicationFilterChain.internalDoFilter(ApplicationFilterChain.java:162)
	at org.apache.catalina.core.ApplicationFilterChain.doFilter(ApplicationFilterChain.java:138)
	at org.springframework.web.filter.FormContentFilter.doFilterInternal(FormContentFilter.java:93)
	at org.springframework.web.filter.OncePerRequestFilter.doFilter(OncePerRequestFilter.java:116)
	at org.apache.catalina.core.ApplicationFilterChain.internalDoFilter(ApplicationFilterChain.java:162)
	at org.apache.catalina.core.ApplicationFilterChain.doFilter(ApplicationFilterChain.java:138)
	at org.springframework.web.filter.ServerHttpObservationFilter.doFilterInternal(ServerHttpObservationFilter.java:110)
	at org.springframework.web.filter.OncePerRequestFilter.doFilter(OncePerRequestFilter.java:116)
	at org.apache.catalina.core.ApplicationFilterChain.internalDoFilter(ApplicationFilterChain.java:162)
	at org.apache.catalina.core.ApplicationFilterChain.doFilter(ApplicationFilterChain.java:138)
	at org.springframework.web.filter.CharacterEncodingFilter.doFilterInternal(CharacterEncodingFilter.java:201)
	at org.springframework.web.filter.OncePerRequestFilter.doFilter(OncePerRequestFilter.java:116)
	at org.apache.catalina.core.ApplicationFilterChain.internalDoFilter(ApplicationFilterChain.java:162)
	at org.apache.catalina.core.ApplicationFilterChain.doFilter(ApplicationFilterChain.java:138)
	at org.apache.catalina.core.StandardWrapperValve.invoke(StandardWrapperValve.java:165)
	at org.apache.catalina.core.StandardContextValve.invoke(StandardContextValve.java:88)
	at org.apache.catalina.authenticator.AuthenticatorBase.invoke(AuthenticatorBase.java:492)
	at org.apache.catalina.core.StandardHostValve.invoke(StandardHostValve.java:113)
	at org.apache.catalina.valves.ErrorReportValve.invoke(ErrorReportValve.java:83)
	at org.apache.catalina.core.StandardEngineValve.invoke(StandardEngineValve.java:72)
	at org.apache.catalina.connector.CoyoteAdapter.service(CoyoteAdapter.java:342)
	at org.apache.coyote.http11.Http11Processor.service(Http11Processor.java:399)
	at org.apache.coyote.AbstractProcessorLight.process(AbstractProcessorLight.java:63)
	at org.apache.coyote.AbstractProtocol$ConnectionHandler.process(AbstractProtocol.java:903)
	at org.apache.tomcat.util.net.NioEndpoint$SocketProcessor.doRun(NioEndpoint.java:1775)
	at org.apache.tomcat.util.net.SocketProcessorBase.run(SocketProcessorBase.java:52)
	at org.apache.tomcat.util.threads.ThreadPoolExecutor.runWorker(ThreadPoolExecutor.java:973)
	at org.apache.tomcat.util.threads.ThreadPoolExecutor$Worker.run(ThreadPoolExecutor.java:491)
	at org.apache.tomcat.util.threads.TaskThread$WrappingRunnable.run(TaskThread.java:63)
	at java.base/java.lang.Thread.run(Thread.java:840)
Caused by: io.netty.channel.AbstractChannel$AnnotatedConnectException: Connection refused: getsockopt: localhost/127.0.0.1:8085
Caused by: java.net.ConnectException: Connection refused: getsockopt
	at java.base/sun.nio.ch.Net.pollConnect(Native Method)
	at java.base/sun.nio.ch.Net.pollConnectNow(Net.java:672)
	at java.base/sun.nio.ch.SocketChannelImpl.finishConnect(SocketChannelImpl.java:946)
	at io.netty.channel.socket.nio.NioSocketChannel.doFinishConnect(NioSocketChannel.java:336)
	at io.netty.channel.nio.AbstractNioChannel$AbstractNioUnsafe.finishConnect(AbstractNioChannel.java:339)
	at io.netty.channel.nio.NioEventLoop.processSelectedKey(NioEventLoop.java:784)
	at io.netty.channel.nio.NioEventLoop.processSelectedKeysOptimized(NioEventLoop.java:732)
	at io.netty.channel.nio.NioEventLoop.processSelectedKeys(NioEventLoop.java:658)
	at io.netty.channel.nio.NioEventLoop.run(NioEventLoop.java:562)
	at io.netty.util.concurrent.SingleThreadEventExecutor$4.run(SingleThreadEventExecutor.java:998)
	at io.netty.util.internal.ThreadExecutorMap$2.run(ThreadExecutorMap.java:74)
	at io.netty.util.concurrent.FastThreadLocalRunnable.run(FastThreadLocalRunnable.java:30)
	at java.base/java.lang.Thread.run(Thread.java:840)
2026-03-07 23:01:16 WARN  [69ac2fac5fad4aec5e7afc9dfeb2a096] [http-nio-8084-exec-9] c.p.a.s.ReportGenerationScheduler : AI report generation failed for user: test-user-001, type: GROWTH, error: Service B 호출 실패: I/O error on POST request for "http://localhost:8085/ai/reports/generate": Connection refused: getsockopt: localhost/127.0.0.1:8085
2026-03-07 23:01:16 INFO  [69ac2fac5fad4aec5e7afc9dfeb2a096] [http-nio-8084-exec-9] c.p.analytics.adapter.RestApiAdapter : Calling Service B via REST API: http://localhost:8085 for user: test-user-001, reportType: TIMELINE
2026-03-07 23:01:16 ERROR [69ac2fac5fad4aec5e7afc9dfeb2a096] [http-nio-8084-exec-9] c.p.analytics.adapter.RestApiAdapter : Failed to call Service B for user: test-user-001, error: I/O error on POST request for "http://localhost:8085/ai/reports/generate": Connection refused: getsockopt: localhost/127.0.0.1:8085
org.springframework.web.client.ResourceAccessException: I/O error on POST request for "http://localhost:8085/ai/reports/generate": Connection refused: getsockopt: localhost/127.0.0.1:8085
	at org.springframework.web.client.RestTemplate.createResourceAccessException(RestTemplate.java:926)
	at org.springframework.web.client.RestTemplate.doExecute(RestTemplate.java:906)
	at org.springframework.web.client.RestTemplate.execute(RestTemplate.java:801)
	at org.springframework.web.client.RestTemplate.postForObject(RestTemplate.java:518)
	at com.planit.analytics.adapter.RestApiAdapter.generateReport(RestApiAdapter.java:47)
	at com.planit.analytics.scheduler.ReportGenerationScheduler.generateAndSaveReport(ReportGenerationScheduler.java:215)
	at com.planit.analytics.scheduler.ReportGenerationScheduler.generateMonthlyReportForUser(ReportGenerationScheduler.java:184)
	at java.base/jdk.internal.reflect.NativeMethodAccessorImpl.invoke0(Native Method)
	at java.base/jdk.internal.reflect.NativeMethodAccessorImpl.invoke(NativeMethodAccessorImpl.java:77)
	at java.base/jdk.internal.reflect.DelegatingMethodAccessorImpl.invoke(DelegatingMethodAccessorImpl.java:43)
	at java.base/java.lang.reflect.Method.invoke(Method.java:569)
	at org.springframework.aop.support.AopUtils.invokeJoinpointUsingReflection(AopUtils.java:360)
	at org.springframework.aop.framework.CglibAopProxy$DynamicAdvisedInterceptor.intercept(CglibAopProxy.java:724)
	at com.planit.analytics.scheduler.ReportGenerationScheduler$$SpringCGLIB$$0.generateMonthlyReportForUser(<generated>)
	at com.planit.analytics.controller.BatchController.generateReportForUser(BatchController.java:103)
	at java.base/jdk.internal.reflect.NativeMethodAccessorImpl.invoke0(Native Method)
	at java.base/jdk.internal.reflect.NativeMethodAccessorImpl.invoke(NativeMethodAccessorImpl.java:77)
	at java.base/jdk.internal.reflect.DelegatingMethodAccessorImpl.invoke(DelegatingMethodAccessorImpl.java:43)
	at java.base/java.lang.reflect.Method.invoke(Method.java:569)
	at org.springframework.web.method.support.InvocableHandlerMethod.doInvoke(InvocableHandlerMethod.java:258)
	at org.springframework.web.method.support.InvocableHandlerMethod.invokeForRequest(InvocableHandlerMethod.java:191)
	at org.springframework.web.servlet.mvc.method.annotation.ServletInvocableHandlerMethod.invokeAndHandle(ServletInvocableHandlerMethod.java:118)
	at org.springframework.web.servlet.mvc.method.annotation.RequestMappingHandlerAdapter.invokeHandlerMethod(RequestMappingHandlerAdapter.java:991)
	at org.springframework.web.servlet.mvc.method.annotation.RequestMappingHandlerAdapter.handleInternal(RequestMappingHandlerAdapter.java:896)
	at org.springframework.web.servlet.mvc.method.AbstractHandlerMethodAdapter.handle(AbstractHandlerMethodAdapter.java:87)
	at org.springframework.web.servlet.DispatcherServlet.doDispatch(DispatcherServlet.java:1089)
	at org.springframework.web.servlet.DispatcherServlet.doService(DispatcherServlet.java:979)
	at org.springframework.web.servlet.FrameworkServlet.processRequest(FrameworkServlet.java:1014)
	at org.springframework.web.servlet.FrameworkServlet.doPost(FrameworkServlet.java:914)
	at jakarta.servlet.http.HttpServlet.service(HttpServlet.java:590)
	at org.springframework.web.servlet.FrameworkServlet.service(FrameworkServlet.java:885)
	at jakarta.servlet.http.HttpServlet.service(HttpServlet.java:658)
	at org.apache.catalina.core.ApplicationFilterChain.internalDoFilter(ApplicationFilterChain.java:193)
	at org.apache.catalina.core.ApplicationFilterChain.doFilter(ApplicationFilterChain.java:138)
	at org.apache.tomcat.websocket.server.WsFilter.doFilter(WsFilter.java:51)
	at org.apache.catalina.core.ApplicationFilterChain.internalDoFilter(ApplicationFilterChain.java:162)
	at org.apache.catalina.core.ApplicationFilterChain.doFilter(ApplicationFilterChain.java:138)
	at org.springframework.web.filter.RequestContextFilter.doFilterInternal(RequestContextFilter.java:100)
	at org.springframework.web.filter.OncePerRequestFilter.doFilter(OncePerRequestFilter.java:116)
	at org.apache.catalina.core.ApplicationFilterChain.internalDoFilter(ApplicationFilterChain.java:162)
	at org.apache.catalina.core.ApplicationFilterChain.doFilter(ApplicationFilterChain.java:138)
	at org.springframework.web.filter.FormContentFilter.doFilterInternal(FormContentFilter.java:93)
	at org.springframework.web.filter.OncePerRequestFilter.doFilter(OncePerRequestFilter.java:116)
	at org.apache.catalina.core.ApplicationFilterChain.internalDoFilter(ApplicationFilterChain.java:162)
	at org.apache.catalina.core.ApplicationFilterChain.doFilter(ApplicationFilterChain.java:138)
	at org.springframework.web.filter.ServerHttpObservationFilter.doFilterInternal(ServerHttpObservationFilter.java:110)
	at org.springframework.web.filter.OncePerRequestFilter.doFilter(OncePerRequestFilter.java:116)
	at org.apache.catalina.core.ApplicationFilterChain.internalDoFilter(ApplicationFilterChain.java:162)
	at org.apache.catalina.core.ApplicationFilterChain.doFilter(ApplicationFilterChain.java:138)
	at org.springframework.web.filter.CharacterEncodingFilter.doFilterInternal(CharacterEncodingFilter.java:201)
	at org.springframework.web.filter.OncePerRequestFilter.doFilter(OncePerRequestFilter.java:116)
	at org.apache.catalina.core.ApplicationFilterChain.internalDoFilter(ApplicationFilterChain.java:162)
	at org.apache.catalina.core.ApplicationFilterChain.doFilter(ApplicationFilterChain.java:138)
	at org.apache.catalina.core.StandardWrapperValve.invoke(StandardWrapperValve.java:165)
	at org.apache.catalina.core.StandardContextValve.invoke(StandardContextValve.java:88)
	at org.apache.catalina.authenticator.AuthenticatorBase.invoke(AuthenticatorBase.java:492)
	at org.apache.catalina.core.StandardHostValve.invoke(StandardHostValve.java:113)
	at org.apache.catalina.valves.ErrorReportValve.invoke(ErrorReportValve.java:83)
	at org.apache.catalina.core.StandardEngineValve.invoke(StandardEngineValve.java:72)
	at org.apache.catalina.connector.CoyoteAdapter.service(CoyoteAdapter.java:342)
	at org.apache.coyote.http11.Http11Processor.service(Http11Processor.java:399)
	at org.apache.coyote.AbstractProcessorLight.process(AbstractProcessorLight.java:63)
	at org.apache.coyote.AbstractProtocol$ConnectionHandler.process(AbstractProtocol.java:903)
	at org.apache.tomcat.util.net.NioEndpoint$SocketProcessor.doRun(NioEndpoint.java:1775)
	at org.apache.tomcat.util.net.SocketProcessorBase.run(SocketProcessorBase.java:52)
	at org.apache.tomcat.util.threads.ThreadPoolExecutor.runWorker(ThreadPoolExecutor.java:973)
	at org.apache.tomcat.util.threads.ThreadPoolExecutor$Worker.run(ThreadPoolExecutor.java:491)
	at org.apache.tomcat.util.threads.TaskThread$WrappingRunnable.run(TaskThread.java:63)
	at java.base/java.lang.Thread.run(Thread.java:840)
Caused by: io.netty.channel.AbstractChannel$AnnotatedConnectException: Connection refused: getsockopt: localhost/127.0.0.1:8085
Caused by: java.net.ConnectException: Connection refused: getsockopt
	at java.base/sun.nio.ch.Net.pollConnect(Native Method)
	at java.base/sun.nio.ch.Net.pollConnectNow(Net.java:672)
	at java.base/sun.nio.ch.SocketChannelImpl.finishConnect(SocketChannelImpl.java:946)
	at io.netty.channel.socket.nio.NioSocketChannel.doFinishConnect(NioSocketChannel.java:336)
	at io.netty.channel.nio.AbstractNioChannel$AbstractNioUnsafe.finishConnect(AbstractNioChannel.java:339)
	at io.netty.channel.nio.NioEventLoop.processSelectedKey(NioEventLoop.java:784)
	at io.netty.channel.nio.NioEventLoop.processSelectedKeysOptimized(NioEventLoop.java:732)
	at io.netty.channel.nio.NioEventLoop.processSelectedKeys(NioEventLoop.java:658)
	at io.netty.channel.nio.NioEventLoop.run(NioEventLoop.java:562)
	at io.netty.util.concurrent.SingleThreadEventExecutor$4.run(SingleThreadEventExecutor.java:998)
	at io.netty.util.internal.ThreadExecutorMap$2.run(ThreadExecutorMap.java:74)
	at io.netty.util.concurrent.FastThreadLocalRunnable.run(FastThreadLocalRunnable.java:30)
	at java.base/java.lang.Thread.run(Thread.java:840)
2026-03-07 23:01:16 WARN  [69ac2fac5fad4aec5e7afc9dfeb2a096] [http-nio-8084-exec-9] c.p.a.s.ReportGenerationScheduler : AI report generation failed for user: test-user-001, type: TIMELINE, error: Service B 호출 실패: I/O error on POST request for "http://localhost:8085/ai/reports/generate": Connection refused: getsockopt: localhost/127.0.0.1:8085
2026-03-07 23:01:16 INFO  [69ac2fac5fad4aec5e7afc9dfeb2a096] [http-nio-8084-exec-9] c.p.analytics.adapter.RestApiAdapter : Calling Service B via REST API: http://localhost:8085 for user: test-user-001, reportType: PATTERN
2026-03-07 23:01:16 ERROR [69ac2fac5fad4aec5e7afc9dfeb2a096] [http-nio-8084-exec-9] c.p.analytics.adapter.RestApiAdapter : Failed to call Service B for user: test-user-001, error: I/O error on POST request for "http://localhost:8085/ai/reports/generate": Connection refused: getsockopt: localhost/127.0.0.1:8085
org.springframework.web.client.ResourceAccessException: I/O error on POST request for "http://localhost:8085/ai/reports/generate": Connection refused: getsockopt: localhost/127.0.0.1:8085
	at org.springframework.web.client.RestTemplate.createResourceAccessException(RestTemplate.java:926)
	at org.springframework.web.client.RestTemplate.doExecute(RestTemplate.java:906)
	at org.springframework.web.client.RestTemplate.execute(RestTemplate.java:801)
	at org.springframework.web.client.RestTemplate.postForObject(RestTemplate.java:518)
	at com.planit.analytics.adapter.RestApiAdapter.generateReport(RestApiAdapter.java:47)
	at com.planit.analytics.scheduler.ReportGenerationScheduler.generateAndSaveReport(ReportGenerationScheduler.java:215)
	at com.planit.analytics.scheduler.ReportGenerationScheduler.generateMonthlyReportForUser(ReportGenerationScheduler.java:188)
	at java.base/jdk.internal.reflect.NativeMethodAccessorImpl.invoke0(Native Method)
	at java.base/jdk.internal.reflect.NativeMethodAccessorImpl.invoke(NativeMethodAccessorImpl.java:77)
	at java.base/jdk.internal.reflect.DelegatingMethodAccessorImpl.invoke(DelegatingMethodAccessorImpl.java:43)
	at java.base/java.lang.reflect.Method.invoke(Method.java:569)
	at org.springframework.aop.support.AopUtils.invokeJoinpointUsingReflection(AopUtils.java:360)
	at org.springframework.aop.framework.CglibAopProxy$DynamicAdvisedInterceptor.intercept(CglibAopProxy.java:724)
	at com.planit.analytics.scheduler.ReportGenerationScheduler$$SpringCGLIB$$0.generateMonthlyReportForUser(<generated>)
	at com.planit.analytics.controller.BatchController.generateReportForUser(BatchController.java:103)
	at java.base/jdk.internal.reflect.NativeMethodAccessorImpl.invoke0(Native Method)
	at java.base/jdk.internal.reflect.NativeMethodAccessorImpl.invoke(NativeMethodAccessorImpl.java:77)
	at java.base/jdk.internal.reflect.DelegatingMethodAccessorImpl.invoke(DelegatingMethodAccessorImpl.java:43)
	at java.base/java.lang.reflect.Method.invoke(Method.java:569)
	at org.springframework.web.method.support.InvocableHandlerMethod.doInvoke(InvocableHandlerMethod.java:258)
	at org.springframework.web.method.support.InvocableHandlerMethod.invokeForRequest(InvocableHandlerMethod.java:191)
	at org.springframework.web.servlet.mvc.method.annotation.ServletInvocableHandlerMethod.invokeAndHandle(ServletInvocableHandlerMethod.java:118)
	at org.springframework.web.servlet.mvc.method.annotation.RequestMappingHandlerAdapter.invokeHandlerMethod(RequestMappingHandlerAdapter.java:991)
	at org.springframework.web.servlet.mvc.method.annotation.RequestMappingHandlerAdapter.handleInternal(RequestMappingHandlerAdapter.java:896)
	at org.springframework.web.servlet.mvc.method.AbstractHandlerMethodAdapter.handle(AbstractHandlerMethodAdapter.java:87)
	at org.springframework.web.servlet.DispatcherServlet.doDispatch(DispatcherServlet.java:1089)
	at org.springframework.web.servlet.DispatcherServlet.doService(DispatcherServlet.java:979)
	at org.springframework.web.servlet.FrameworkServlet.processRequest(FrameworkServlet.java:1014)
	at org.springframework.web.servlet.FrameworkServlet.doPost(FrameworkServlet.java:914)
	at jakarta.servlet.http.HttpServlet.service(HttpServlet.java:590)
	at org.springframework.web.servlet.FrameworkServlet.service(FrameworkServlet.java:885)
	at jakarta.servlet.http.HttpServlet.service(HttpServlet.java:658)
	at org.apache.catalina.core.ApplicationFilterChain.internalDoFilter(ApplicationFilterChain.java:193)
	at org.apache.catalina.core.ApplicationFilterChain.doFilter(ApplicationFilterChain.java:138)
	at org.apache.tomcat.websocket.server.WsFilter.doFilter(WsFilter.java:51)
	at org.apache.catalina.core.ApplicationFilterChain.internalDoFilter(ApplicationFilterChain.java:162)
	at org.apache.catalina.core.ApplicationFilterChain.doFilter(ApplicationFilterChain.java:138)
	at org.springframework.web.filter.RequestContextFilter.doFilterInternal(RequestContextFilter.java:100)
	at org.springframework.web.filter.OncePerRequestFilter.doFilter(OncePerRequestFilter.java:116)
	at org.apache.catalina.core.ApplicationFilterChain.internalDoFilter(ApplicationFilterChain.java:162)
	at org.apache.catalina.core.ApplicationFilterChain.doFilter(ApplicationFilterChain.java:138)
	at org.springframework.web.filter.FormContentFilter.doFilterInternal(FormContentFilter.java:93)
	at org.springframework.web.filter.OncePerRequestFilter.doFilter(OncePerRequestFilter.java:116)
	at org.apache.catalina.core.ApplicationFilterChain.internalDoFilter(ApplicationFilterChain.java:162)
	at org.apache.catalina.core.ApplicationFilterChain.doFilter(ApplicationFilterChain.java:138)
	at org.springframework.web.filter.ServerHttpObservationFilter.doFilterInternal(ServerHttpObservationFilter.java:110)
	at org.springframework.web.filter.OncePerRequestFilter.doFilter(OncePerRequestFilter.java:116)
	at org.apache.catalina.core.ApplicationFilterChain.internalDoFilter(ApplicationFilterChain.java:162)
	at org.apache.catalina.core.ApplicationFilterChain.doFilter(ApplicationFilterChain.java:138)
	at org.springframework.web.filter.CharacterEncodingFilter.doFilterInternal(CharacterEncodingFilter.java:201)
	at org.springframework.web.filter.OncePerRequestFilter.doFilter(OncePerRequestFilter.java:116)
	at org.apache.catalina.core.ApplicationFilterChain.internalDoFilter(ApplicationFilterChain.java:162)
	at org.apache.catalina.core.ApplicationFilterChain.doFilter(ApplicationFilterChain.java:138)
	at org.apache.catalina.core.StandardWrapperValve.invoke(StandardWrapperValve.java:165)
	at org.apache.catalina.core.StandardContextValve.invoke(StandardContextValve.java:88)
	at org.apache.catalina.authenticator.AuthenticatorBase.invoke(AuthenticatorBase.java:492)
	at org.apache.catalina.core.StandardHostValve.invoke(StandardHostValve.java:113)
	at org.apache.catalina.valves.ErrorReportValve.invoke(ErrorReportValve.java:83)
	at org.apache.catalina.core.StandardEngineValve.invoke(StandardEngineValve.java:72)
	at org.apache.catalina.connector.CoyoteAdapter.service(CoyoteAdapter.java:342)
	at org.apache.coyote.http11.Http11Processor.service(Http11Processor.java:399)
	at org.apache.coyote.AbstractProcessorLight.process(AbstractProcessorLight.java:63)
	at org.apache.coyote.AbstractProtocol$ConnectionHandler.process(AbstractProtocol.java:903)
	at org.apache.tomcat.util.net.NioEndpoint$SocketProcessor.doRun(NioEndpoint.java:1775)
	at org.apache.tomcat.util.net.SocketProcessorBase.run(SocketProcessorBase.java:52)
	at org.apache.tomcat.util.threads.ThreadPoolExecutor.runWorker(ThreadPoolExecutor.java:973)
	at org.apache.tomcat.util.threads.ThreadPoolExecutor$Worker.run(ThreadPoolExecutor.java:491)
	at org.apache.tomcat.util.threads.TaskThread$WrappingRunnable.run(TaskThread.java:63)
	at java.base/java.lang.Thread.run(Thread.java:840)
Caused by: io.netty.channel.AbstractChannel$AnnotatedConnectException: Connection refused: getsockopt: localhost/127.0.0.1:8085
Caused by: java.net.ConnectException: Connection refused: getsockopt
	at java.base/sun.nio.ch.Net.pollConnect(Native Method)
	at java.base/sun.nio.ch.Net.pollConnectNow(Net.java:672)
	at java.base/sun.nio.ch.SocketChannelImpl.finishConnect(SocketChannelImpl.java:946)
	at io.netty.channel.socket.nio.NioSocketChannel.doFinishConnect(NioSocketChannel.java:336)
	at io.netty.channel.nio.AbstractNioChannel$AbstractNioUnsafe.finishConnect(AbstractNioChannel.java:339)
	at io.netty.channel.nio.NioEventLoop.processSelectedKey(NioEventLoop.java:784)
	at io.netty.channel.nio.NioEventLoop.processSelectedKeysOptimized(NioEventLoop.java:732)
	at io.netty.channel.nio.NioEventLoop.processSelectedKeys(NioEventLoop.java:658)
	at io.netty.channel.nio.NioEventLoop.run(NioEventLoop.java:562)
	at io.netty.util.concurrent.SingleThreadEventExecutor$4.run(SingleThreadEventExecutor.java:998)
	at io.netty.util.internal.ThreadExecutorMap$2.run(ThreadExecutorMap.java:74)
	at io.netty.util.concurrent.FastThreadLocalRunnable.run(FastThreadLocalRunnable.java:30)
	at java.base/java.lang.Thread.run(Thread.java:840)
2026-03-07 23:01:16 WARN  [69ac2fac5fad4aec5e7afc9dfeb2a096] [http-nio-8084-exec-9] c.p.a.s.ReportGenerationScheduler : AI report generation failed for user: test-user-001, type: PATTERN, error: Service B 호출 실패: I/O error on POST request for "http://localhost:8085/ai/reports/generate": Connection refused: getsockopt: localhost/127.0.0.1:8085
2026-03-07 23:01:16 INFO  [69ac2fac5fad4aec5e7afc9dfeb2a096] [http-nio-8084-exec-9] c.p.analytics.adapter.RestApiAdapter : Calling Service B via REST API: http://localhost:8085 for user: test-user-001, reportType: SUMMARY
2026-03-07 23:01:16 ERROR [69ac2fac5fad4aec5e7afc9dfeb2a096] [http-nio-8084-exec-9] c.p.analytics.adapter.RestApiAdapter : Failed to call Service B for user: test-user-001, error: I/O error on POST request for "http://localhost:8085/ai/reports/generate": Connection refused: getsockopt: localhost/127.0.0.1:8085
org.springframework.web.client.ResourceAccessException: I/O error on POST request for "http://localhost:8085/ai/reports/generate": Connection refused: getsockopt: localhost/127.0.0.1:8085
	at org.springframework.web.client.RestTemplate.createResourceAccessException(RestTemplate.java:926)
	at org.springframework.web.client.RestTemplate.doExecute(RestTemplate.java:906)
	at org.springframework.web.client.RestTemplate.execute(RestTemplate.java:801)
	at org.springframework.web.client.RestTemplate.postForObject(RestTemplate.java:518)
	at com.planit.analytics.adapter.RestApiAdapter.generateReport(RestApiAdapter.java:47)
	at com.planit.analytics.scheduler.ReportGenerationScheduler.generateAndSaveReport(ReportGenerationScheduler.java:215)
	at com.planit.analytics.scheduler.ReportGenerationScheduler.generateMonthlyReportForUser(ReportGenerationScheduler.java:192)
	at java.base/jdk.internal.reflect.NativeMethodAccessorImpl.invoke0(Native Method)
	at java.base/jdk.internal.reflect.NativeMethodAccessorImpl.invoke(NativeMethodAccessorImpl.java:77)
	at java.base/jdk.internal.reflect.DelegatingMethodAccessorImpl.invoke(DelegatingMethodAccessorImpl.java:43)
	at java.base/java.lang.reflect.Method.invoke(Method.java:569)
	at org.springframework.aop.support.AopUtils.invokeJoinpointUsingReflection(AopUtils.java:360)
	at org.springframework.aop.framework.CglibAopProxy$DynamicAdvisedInterceptor.intercept(CglibAopProxy.java:724)
	at com.planit.analytics.scheduler.ReportGenerationScheduler$$SpringCGLIB$$0.generateMonthlyReportForUser(<generated>)
	at com.planit.analytics.controller.BatchController.generateReportForUser(BatchController.java:103)
	at java.base/jdk.internal.reflect.NativeMethodAccessorImpl.invoke0(Native Method)
	at java.base/jdk.internal.reflect.NativeMethodAccessorImpl.invoke(NativeMethodAccessorImpl.java:77)
	at java.base/jdk.internal.reflect.DelegatingMethodAccessorImpl.invoke(DelegatingMethodAccessorImpl.java:43)
	at java.base/java.lang.reflect.Method.invoke(Method.java:569)
	at org.springframework.web.method.support.InvocableHandlerMethod.doInvoke(InvocableHandlerMethod.java:258)
	at org.springframework.web.method.support.InvocableHandlerMethod.invokeForRequest(InvocableHandlerMethod.java:191)
	at org.springframework.web.servlet.mvc.method.annotation.ServletInvocableHandlerMethod.invokeAndHandle(ServletInvocableHandlerMethod.java:118)
	at org.springframework.web.servlet.mvc.method.annotation.RequestMappingHandlerAdapter.invokeHandlerMethod(RequestMappingHandlerAdapter.java:991)
	at org.springframework.web.servlet.mvc.method.annotation.RequestMappingHandlerAdapter.handleInternal(RequestMappingHandlerAdapter.java:896)
	at org.springframework.web.servlet.mvc.method.AbstractHandlerMethodAdapter.handle(AbstractHandlerMethodAdapter.java:87)
	at org.springframework.web.servlet.DispatcherServlet.doDispatch(DispatcherServlet.java:1089)
	at org.springframework.web.servlet.DispatcherServlet.doService(DispatcherServlet.java:979)
	at org.springframework.web.servlet.FrameworkServlet.processRequest(FrameworkServlet.java:1014)
	at org.springframework.web.servlet.FrameworkServlet.doPost(FrameworkServlet.java:914)
	at jakarta.servlet.http.HttpServlet.service(HttpServlet.java:590)
	at org.springframework.web.servlet.FrameworkServlet.service(FrameworkServlet.java:885)
	at jakarta.servlet.http.HttpServlet.service(HttpServlet.java:658)
	at org.apache.catalina.core.ApplicationFilterChain.internalDoFilter(ApplicationFilterChain.java:193)
	at org.apache.catalina.core.ApplicationFilterChain.doFilter(ApplicationFilterChain.java:138)
	at org.apache.tomcat.websocket.server.WsFilter.doFilter(WsFilter.java:51)
	at org.apache.catalina.core.ApplicationFilterChain.internalDoFilter(ApplicationFilterChain.java:162)
	at org.apache.catalina.core.ApplicationFilterChain.doFilter(ApplicationFilterChain.java:138)
	at org.springframework.web.filter.RequestContextFilter.doFilterInternal(RequestContextFilter.java:100)
	at org.springframework.web.filter.OncePerRequestFilter.doFilter(OncePerRequestFilter.java:116)
	at org.apache.catalina.core.ApplicationFilterChain.internalDoFilter(ApplicationFilterChain.java:162)
	at org.apache.catalina.core.ApplicationFilterChain.doFilter(ApplicationFilterChain.java:138)
	at org.springframework.web.filter.FormContentFilter.doFilterInternal(FormContentFilter.java:93)
	at org.springframework.web.filter.OncePerRequestFilter.doFilter(OncePerRequestFilter.java:116)
	at org.apache.catalina.core.ApplicationFilterChain.internalDoFilter(ApplicationFilterChain.java:162)
	at org.apache.catalina.core.ApplicationFilterChain.doFilter(ApplicationFilterChain.java:138)
	at org.springframework.web.filter.ServerHttpObservationFilter.doFilterInternal(ServerHttpObservationFilter.java:110)
	at org.springframework.web.filter.OncePerRequestFilter.doFilter(OncePerRequestFilter.java:116)
	at org.apache.catalina.core.ApplicationFilterChain.internalDoFilter(ApplicationFilterChain.java:162)
	at org.apache.catalina.core.ApplicationFilterChain.doFilter(ApplicationFilterChain.java:138)
	at org.springframework.web.filter.CharacterEncodingFilter.doFilterInternal(CharacterEncodingFilter.java:201)
	at org.springframework.web.filter.OncePerRequestFilter.doFilter(OncePerRequestFilter.java:116)
	at org.apache.catalina.core.ApplicationFilterChain.internalDoFilter(ApplicationFilterChain.java:162)
	at org.apache.catalina.core.ApplicationFilterChain.doFilter(ApplicationFilterChain.java:138)
	at org.apache.catalina.core.StandardWrapperValve.invoke(StandardWrapperValve.java:165)
	at org.apache.catalina.core.StandardContextValve.invoke(StandardContextValve.java:88)
	at org.apache.catalina.authenticator.AuthenticatorBase.invoke(AuthenticatorBase.java:492)
	at org.apache.catalina.core.StandardHostValve.invoke(StandardHostValve.java:113)
	at org.apache.catalina.valves.ErrorReportValve.invoke(ErrorReportValve.java:83)
	at org.apache.catalina.core.StandardEngineValve.invoke(StandardEngineValve.java:72)
	at org.apache.catalina.connector.CoyoteAdapter.service(CoyoteAdapter.java:342)
	at org.apache.coyote.http11.Http11Processor.service(Http11Processor.java:399)
	at org.apache.coyote.AbstractProcessorLight.process(AbstractProcessorLight.java:63)
	at org.apache.coyote.AbstractProtocol$ConnectionHandler.process(AbstractProtocol.java:903)
	at org.apache.tomcat.util.net.NioEndpoint$SocketProcessor.doRun(NioEndpoint.java:1775)
	at org.apache.tomcat.util.net.SocketProcessorBase.run(SocketProcessorBase.java:52)
	at org.apache.tomcat.util.threads.ThreadPoolExecutor.runWorker(ThreadPoolExecutor.java:973)
	at org.apache.tomcat.util.threads.ThreadPoolExecutor$Worker.run(ThreadPoolExecutor.java:491)
	at org.apache.tomcat.util.threads.TaskThread$WrappingRunnable.run(TaskThread.java:63)
	at java.base/java.lang.Thread.run(Thread.java:840)
Caused by: io.netty.channel.AbstractChannel$AnnotatedConnectException: Connection refused: getsockopt: localhost/127.0.0.1:8085
Caused by: java.net.ConnectException: Connection refused: getsockopt
	at java.base/sun.nio.ch.Net.pollConnect(Native Method)
	at java.base/sun.nio.ch.Net.pollConnectNow(Net.java:672)
	at java.base/sun.nio.ch.SocketChannelImpl.finishConnect(SocketChannelImpl.java:946)
	at io.netty.channel.socket.nio.NioSocketChannel.doFinishConnect(NioSocketChannel.java:336)
	at io.netty.channel.nio.AbstractNioChannel$AbstractNioUnsafe.finishConnect(AbstractNioChannel.java:339)
	at io.netty.channel.nio.NioEventLoop.processSelectedKey(NioEventLoop.java:784)
	at io.netty.channel.nio.NioEventLoop.processSelectedKeysOptimized(NioEventLoop.java:732)
	at io.netty.channel.nio.NioEventLoop.processSelectedKeys(NioEventLoop.java:658)
	at io.netty.channel.nio.NioEventLoop.run(NioEventLoop.java:562)
	at io.netty.util.concurrent.SingleThreadEventExecutor$4.run(SingleThreadEventExecutor.java:998)
	at io.netty.util.internal.ThreadExecutorMap$2.run(ThreadExecutorMap.java:74)
	at io.netty.util.concurrent.FastThreadLocalRunnable.run(FastThreadLocalRunnable.java:30)
	at java.base/java.lang.Thread.run(Thread.java:840)
2026-03-07 23:01:16 WARN  [69ac2fac5fad4aec5e7afc9dfeb2a096] [http-nio-8084-exec-9] c.p.a.s.ReportGenerationScheduler : AI report generation failed for user: test-user-001, type: SUMMARY, error: Service B 호출 실패: I/O error on POST request for "http://localhost:8085/ai/reports/generate": Connection refused: getsockopt: localhost/127.0.0.1:8085
2026-03-07 23:22:30 INFO  [69ac34a6334fe446720e2a3d648bbf84] [http-nio-8084-exec-1] c.p.a.controller.BatchController : Manual trigger: generate report for user: test-user-001, yearMonth: 2026-01
2026-03-07 23:22:30 INFO  [69ac34a6334fe446720e2a3d648bbf84] [http-nio-8084-exec-1] c.p.a.s.ReportGenerationScheduler : Generating monthly report for user: test-user-001
2026-03-07 23:22:30 INFO  [] [task-12] c.p.a.service.AnalyticsService : Analyzing postpone pattern for user: test-user-001, month: 2026-01
2026-03-07 23:22:30 INFO  [] [task-11] c.p.a.service.AnalyticsService : Calculating timeline for user: test-user-001, month: 2026-01
2026-03-07 23:22:30 INFO  [] [task-10] c.p.a.service.AnalyticsService : Calculating growth rate for user: test-user-001, month: 2026-01
2026-03-07 23:22:30 INFO  [] [task-13] c.p.a.service.AnalyticsService : Generating summary for user: test-user-001, month: 2026-01
2026-03-07 23:22:30 INFO  [] [task-12] c.p.a.service.AnalyticsService : Postpone pattern analyzed: worst day = THURSDAY
2026-03-07 23:22:30 INFO  [] [task-13] c.p.a.service.AnalyticsService : Summary generated: trend = -21%, focus time = 16:00-18:00
2026-03-07 23:22:30 INFO  [] [task-10] c.p.a.service.AnalyticsService : Growth rate calculated: {previousRate=88, growthRate=-24, topicName=주제#101, currentRate=67}
2026-03-07 23:22:30 INFO  [] [task-11] c.p.a.service.AnalyticsService : Timeline calculated with 6 months
2026-03-07 23:22:30 INFO  [69ac34a6334fe446720e2a3d648bbf84] [http-nio-8084-exec-1] c.p.analytics.adapter.RestApiAdapter : Calling Service B via REST API: http://localhost:8085 for user: test-user-001, reportType: GROWTH
2026-03-07 23:22:30 ERROR [69ac34a6334fe446720e2a3d648bbf84] [http-nio-8084-exec-1] c.p.analytics.adapter.RestApiAdapter : Failed to call Service B for user: test-user-001, error: 422 Unprocessable Content on POST request for "http://localhost:8085/ai/reports/generate": "{"detail":[{"type":"missing","loc":["body","user_id"],"msg":"Field required","input":{"userId":"test-user-001","reportType":"GROWTH","targetPeriod":"2026-01","statisticsData":{"previousRate":88,"growthRate":-24,"topicName":"주제#101","currentRate":67}}},{"type":"missing","loc":["body","year_month"],"msg":"Field required","input":{"userId":"test-user-001","reportType":"GROWTH","targetPeriod":"2026-01","statisticsData":{"previousRate":88,"growthRate":-24,"topicName":"주제#101","currentRate":67}}},{"type":"missing","loc":["body","week"],"msg":"Field required","input":{"userId":"test-user-001","reportType":"GROWTH","targetPeriod":"2026-01","statisticsData":{"previousRate":88,"growthRate":-24,"topicName":"주제#101","currentRate":67}}},{"type":"missing","loc":["body","stats_data"],"msg":"Field required","input":{"userId":"test-user-001","reportType":"GROWTH","targetPeriod":"2026-01","statisticsData":{"previousRate":88,"growthRate":-24,"topicName":"주제#101","currentRate":67}}}]}"
org.springframework.web.client.HttpClientErrorException$UnprocessableEntity: 422 Unprocessable Content on POST request for "http://localhost:8085/ai/reports/generate": "{"detail":[{"type":"missing","loc":["body","user_id"],"msg":"Field required","input":{"userId":"test-user-001","reportType":"GROWTH","targetPeriod":"2026-01","statisticsData":{"previousRate":88,"growthRate":-24,"topicName":"주제#101","currentRate":67}}},{"type":"missing","loc":["body","year_month"],"msg":"Field required","input":{"userId":"test-user-001","reportType":"GROWTH","targetPeriod":"2026-01","statisticsData":{"previousRate":88,"growthRate":-24,"topicName":"주제#101","currentRate":67}}},{"type":"missing","loc":["body","week"],"msg":"Field required","input":{"userId":"test-user-001","reportType":"GROWTH","targetPeriod":"2026-01","statisticsData":{"previousRate":88,"growthRate":-24,"topicName":"주제#101","currentRate":67}}},{"type":"missing","loc":["body","stats_data"],"msg":"Field required","input":{"userId":"test-user-001","reportType":"GROWTH","targetPeriod":"2026-01","statisticsData":{"previousRate":88,"growthRate":-24,"topicName":"주제#101","currentRate":67}}}]}"
	at org.springframework.web.client.HttpClientErrorException.create(HttpClientErrorException.java:133)
	at org.springframework.web.client.DefaultResponseErrorHandler.handleError(DefaultResponseErrorHandler.java:186)
	at org.springframework.web.client.DefaultResponseErrorHandler.handleError(DefaultResponseErrorHandler.java:147)
	at org.springframework.web.client.RestTemplate.handleResponse(RestTemplate.java:953)
	at org.springframework.web.client.RestTemplate.doExecute(RestTemplate.java:902)
	at org.springframework.web.client.RestTemplate.execute(RestTemplate.java:801)
	at org.springframework.web.client.RestTemplate.postForObject(RestTemplate.java:518)
	at com.planit.analytics.adapter.RestApiAdapter.generateReport(RestApiAdapter.java:47)
	at com.planit.analytics.scheduler.ReportGenerationScheduler.generateAndSaveReport(ReportGenerationScheduler.java:215)
	at com.planit.analytics.scheduler.ReportGenerationScheduler.generateMonthlyReportForUser(ReportGenerationScheduler.java:180)
	at java.base/jdk.internal.reflect.NativeMethodAccessorImpl.invoke0(Native Method)
	at java.base/jdk.internal.reflect.NativeMethodAccessorImpl.invoke(NativeMethodAccessorImpl.java:77)
	at java.base/jdk.internal.reflect.DelegatingMethodAccessorImpl.invoke(DelegatingMethodAccessorImpl.java:43)
	at java.base/java.lang.reflect.Method.invoke(Method.java:569)
	at org.springframework.aop.support.AopUtils.invokeJoinpointUsingReflection(AopUtils.java:360)
	at org.springframework.aop.framework.CglibAopProxy$DynamicAdvisedInterceptor.intercept(CglibAopProxy.java:724)
	at com.planit.analytics.scheduler.ReportGenerationScheduler$$SpringCGLIB$$0.generateMonthlyReportForUser(<generated>)
	at com.planit.analytics.controller.BatchController.generateReportForUser(BatchController.java:103)
	at java.base/jdk.internal.reflect.NativeMethodAccessorImpl.invoke0(Native Method)
	at java.base/jdk.internal.reflect.NativeMethodAccessorImpl.invoke(NativeMethodAccessorImpl.java:77)
	at java.base/jdk.internal.reflect.DelegatingMethodAccessorImpl.invoke(DelegatingMethodAccessorImpl.java:43)
	at java.base/java.lang.reflect.Method.invoke(Method.java:569)
	at org.springframework.web.method.support.InvocableHandlerMethod.doInvoke(InvocableHandlerMethod.java:258)
	at org.springframework.web.method.support.InvocableHandlerMethod.invokeForRequest(InvocableHandlerMethod.java:191)
	at org.springframework.web.servlet.mvc.method.annotation.ServletInvocableHandlerMethod.invokeAndHandle(ServletInvocableHandlerMethod.java:118)
	at org.springframework.web.servlet.mvc.method.annotation.RequestMappingHandlerAdapter.invokeHandlerMethod(RequestMappingHandlerAdapter.java:991)
	at org.springframework.web.servlet.mvc.method.annotation.RequestMappingHandlerAdapter.handleInternal(RequestMappingHandlerAdapter.java:896)
	at org.springframework.web.servlet.mvc.method.AbstractHandlerMethodAdapter.handle(AbstractHandlerMethodAdapter.java:87)
	at org.springframework.web.servlet.DispatcherServlet.doDispatch(DispatcherServlet.java:1089)
	at org.springframework.web.servlet.DispatcherServlet.doService(DispatcherServlet.java:979)
	at org.springframework.web.servlet.FrameworkServlet.processRequest(FrameworkServlet.java:1014)
	at org.springframework.web.servlet.FrameworkServlet.doPost(FrameworkServlet.java:914)
	at jakarta.servlet.http.HttpServlet.service(HttpServlet.java:590)
	at org.springframework.web.servlet.FrameworkServlet.service(FrameworkServlet.java:885)
	at jakarta.servlet.http.HttpServlet.service(HttpServlet.java:658)
	at org.apache.catalina.core.ApplicationFilterChain.internalDoFilter(ApplicationFilterChain.java:193)
	at org.apache.catalina.core.ApplicationFilterChain.doFilter(ApplicationFilterChain.java:138)
	at org.apache.tomcat.websocket.server.WsFilter.doFilter(WsFilter.java:51)
	at org.apache.catalina.core.ApplicationFilterChain.internalDoFilter(ApplicationFilterChain.java:162)
	at org.apache.catalina.core.ApplicationFilterChain.doFilter(ApplicationFilterChain.java:138)
	at org.springframework.web.filter.RequestContextFilter.doFilterInternal(RequestContextFilter.java:100)
	at org.springframework.web.filter.OncePerRequestFilter.doFilter(OncePerRequestFilter.java:116)
	at org.apache.catalina.core.ApplicationFilterChain.internalDoFilter(ApplicationFilterChain.java:162)
	at org.apache.catalina.core.ApplicationFilterChain.doFilter(ApplicationFilterChain.java:138)
	at org.springframework.web.filter.FormContentFilter.doFilterInternal(FormContentFilter.java:93)
	at org.springframework.web.filter.OncePerRequestFilter.doFilter(OncePerRequestFilter.java:116)
	at org.apache.catalina.core.ApplicationFilterChain.internalDoFilter(ApplicationFilterChain.java:162)
	at org.apache.catalina.core.ApplicationFilterChain.doFilter(ApplicationFilterChain.java:138)
	at org.springframework.web.filter.ServerHttpObservationFilter.doFilterInternal(ServerHttpObservationFilter.java:110)
	at org.springframework.web.filter.OncePerRequestFilter.doFilter(OncePerRequestFilter.java:116)
	at org.apache.catalina.core.ApplicationFilterChain.internalDoFilter(ApplicationFilterChain.java:162)
	at org.apache.catalina.core.ApplicationFilterChain.doFilter(ApplicationFilterChain.java:138)
	at org.springframework.web.filter.CharacterEncodingFilter.doFilterInternal(CharacterEncodingFilter.java:201)
	at org.springframework.web.filter.OncePerRequestFilter.doFilter(OncePerRequestFilter.java:116)
	at org.apache.catalina.core.ApplicationFilterChain.internalDoFilter(ApplicationFilterChain.java:162)
	at org.apache.catalina.core.ApplicationFilterChain.doFilter(ApplicationFilterChain.java:138)
	at org.apache.catalina.core.StandardWrapperValve.invoke(StandardWrapperValve.java:165)
	at org.apache.catalina.core.StandardContextValve.invoke(StandardContextValve.java:88)
	at org.apache.catalina.authenticator.AuthenticatorBase.invoke(AuthenticatorBase.java:492)
	at org.apache.catalina.core.StandardHostValve.invoke(StandardHostValve.java:113)
	at org.apache.catalina.valves.ErrorReportValve.invoke(ErrorReportValve.java:83)
	at org.apache.catalina.core.StandardEngineValve.invoke(StandardEngineValve.java:72)
	at org.apache.catalina.connector.CoyoteAdapter.service(CoyoteAdapter.java:342)
	at org.apache.coyote.http11.Http11Processor.service(Http11Processor.java:399)
	at org.apache.coyote.AbstractProcessorLight.process(AbstractProcessorLight.java:63)
	at org.apache.coyote.AbstractProtocol$ConnectionHandler.process(AbstractProtocol.java:903)
	at org.apache.tomcat.util.net.NioEndpoint$SocketProcessor.doRun(NioEndpoint.java:1775)
	at org.apache.tomcat.util.net.SocketProcessorBase.run(SocketProcessorBase.java:52)
	at org.apache.tomcat.util.threads.ThreadPoolExecutor.runWorker(ThreadPoolExecutor.java:973)
	at org.apache.tomcat.util.threads.ThreadPoolExecutor$Worker.run(ThreadPoolExecutor.java:491)
	at org.apache.tomcat.util.threads.TaskThread$WrappingRunnable.run(TaskThread.java:63)
	at java.base/java.lang.Thread.run(Thread.java:840)
2026-03-07 23:22:30 WARN  [69ac34a6334fe446720e2a3d648bbf84] [http-nio-8084-exec-1] c.p.a.s.ReportGenerationScheduler : AI report generation failed for user: test-user-001, type: GROWTH, error: Service B 호출 실패: 422 Unprocessable Content on POST request for "http://localhost:8085/ai/reports/generate": "{"detail":[{"type":"missing","loc":["body","user_id"],"msg":"Field required","input":{"userId":"test-user-001","reportType":"GROWTH","targetPeriod":"2026-01","statisticsData":{"previousRate":88,"growthRate":-24,"topicName":"주제#101","currentRate":67}}},{"type":"missing","loc":["body","year_month"],"msg":"Field required","input":{"userId":"test-user-001","reportType":"GROWTH","targetPeriod":"2026-01","statisticsData":{"previousRate":88,"growthRate":-24,"topicName":"주제#101","currentRate":67}}},{"type":"missing","loc":["body","week"],"msg":"Field required","input":{"userId":"test-user-001","reportType":"GROWTH","targetPeriod":"2026-01","statisticsData":{"previousRate":88,"growthRate":-24,"topicName":"주제#101","currentRate":67}}},{"type":"missing","loc":["body","stats_data"],"msg":"Field required","input":{"userId":"test-user-001","reportType":"GROWTH","targetPeriod":"2026-01","statisticsData":{"previousRate":88,"growthRate":-24,"topicName":"주제#101","currentRate":67}}}]}"
2026-03-07 23:22:30 INFO  [69ac34a6334fe446720e2a3d648bbf84] [http-nio-8084-exec-1] c.p.analytics.adapter.RestApiAdapter : Calling Service B via REST API: http://localhost:8085 for user: test-user-001, reportType: TIMELINE
2026-03-07 23:22:30 ERROR [69ac34a6334fe446720e2a3d648bbf84] [http-nio-8084-exec-1] c.p.analytics.adapter.RestApiAdapter : Failed to call Service B for user: test-user-001, error: 422 Unprocessable Content on POST request for "http://localhost:8085/ai/reports/generate": "{"detail":[{"type":"missing","loc":["body","user_id"],"msg":"Field required","input":{"userId":"test-user-001","reportType":"TIMELINE","targetPeriod":"2026-01","statisticsData":{"chartData":[{"month":"8월","rate":0},{"month":"9월","rate":0},{"month":"10월","rate":0},{"month":"11월","rate":0},{"month":"12월","rate":88},{"month":"1월","rate":67}]}}},{"type":"missing","loc":["body","year_month"],"msg":"Field required","input":{"userId":"test-user-001","reportType":"TIMELINE","targetPeriod":"2026-01","statisticsData":{"chartData":[{"month":"8월","rate":0},{"month":"9월","rate":0},{"month":"10월","rate":0},{"month":"11월","rate":0},{"month":"12월","rate":88},{"month":"1월","rate":67}]}}},{"type":"missing","loc":["body","week"],"msg":"Field required","input":{"userId":"test-user-001","reportType":"TIMELINE","targetPeriod":"2026-01","statisticsData":{"chartData":[{"month":"8월","rate":0},{"month":"9월","rate":0},{"month":"10월","rate":0},{"month":"11월","rate":0},{"month":"12월","rate":88},{"month":"1월","rate":67}]}}},{"type":"missing","loc":["body","stats_data"],"msg":"Field required","input":{"userId":"test-user-001","reportType":"TIMELINE","targetPeriod":"2026-01","statisticsData":{"chartData":[{"month":"8월","rate":0},{"month":"9월","rate":0},{"month":"10월","rate":0},{"month":"11월","rate":0},{"month":"12월","rate":88},{"month":"1월","rate":67}]}}}]}"
org.springframework.web.client.HttpClientErrorException$UnprocessableEntity: 422 Unprocessable Content on POST request for "http://localhost:8085/ai/reports/generate": "{"detail":[{"type":"missing","loc":["body","user_id"],"msg":"Field required","input":{"userId":"test-user-001","reportType":"TIMELINE","targetPeriod":"2026-01","statisticsData":{"chartData":[{"month":"8월","rate":0},{"month":"9월","rate":0},{"month":"10월","rate":0},{"month":"11월","rate":0},{"month":"12월","rate":88},{"month":"1월","rate":67}]}}},{"type":"missing","loc":["body","year_month"],"msg":"Field required","input":{"userId":"test-user-001","reportType":"TIMELINE","targetPeriod":"2026-01","statisticsData":{"chartData":[{"month":"8월","rate":0},{"month":"9월","rate":0},{"month":"10월","rate":0},{"month":"11월","rate":0},{"month":"12월","rate":88},{"month":"1월","rate":67}]}}},{"type":"missing","loc":["body","week"],"msg":"Field required","input":{"userId":"test-user-001","reportType":"TIMELINE","targetPeriod":"2026-01","statisticsData":{"chartData":[{"month":"8월","rate":0},{"month":"9월","rate":0},{"month":"10월","rate":0},{"month":"11월","rate":0},{"month":"12월","rate":88},{"month":"1월","rate":67}]}}},{"type":"missing","loc":["body","stats_data"],"msg":"Field required","input":{"userId":"test-user-001","reportType":"TIMELINE","targetPeriod":"2026-01","statisticsData":{"chartData":[{"month":"8월","rate":0},{"month":"9월","rate":0},{"month":"10월","rate":0},{"month":"11월","rate":0},{"month":"12월","rate":88},{"month":"1월","rate":67}]}}}]}"
	at org.springframework.web.client.HttpClientErrorException.create(HttpClientErrorException.java:133)
	at org.springframework.web.client.DefaultResponseErrorHandler.handleError(DefaultResponseErrorHandler.java:186)
	at org.springframework.web.client.DefaultResponseErrorHandler.handleError(DefaultResponseErrorHandler.java:147)
	at org.springframework.web.client.RestTemplate.handleResponse(RestTemplate.java:953)
	at org.springframework.web.client.RestTemplate.doExecute(RestTemplate.java:902)
	at org.springframework.web.client.RestTemplate.execute(RestTemplate.java:801)
	at org.springframework.web.client.RestTemplate.postForObject(RestTemplate.java:518)
	at com.planit.analytics.adapter.RestApiAdapter.generateReport(RestApiAdapter.java:47)
	at com.planit.analytics.scheduler.ReportGenerationScheduler.generateAndSaveReport(ReportGenerationScheduler.java:215)
	at com.planit.analytics.scheduler.ReportGenerationScheduler.generateMonthlyReportForUser(ReportGenerationScheduler.java:184)
	at java.base/jdk.internal.reflect.NativeMethodAccessorImpl.invoke0(Native Method)
	at java.base/jdk.internal.reflect.NativeMethodAccessorImpl.invoke(NativeMethodAccessorImpl.java:77)
	at java.base/jdk.internal.reflect.DelegatingMethodAccessorImpl.invoke(DelegatingMethodAccessorImpl.java:43)
	at java.base/java.lang.reflect.Method.invoke(Method.java:569)
	at org.springframework.aop.support.AopUtils.invokeJoinpointUsingReflection(AopUtils.java:360)
	at org.springframework.aop.framework.CglibAopProxy$DynamicAdvisedInterceptor.intercept(CglibAopProxy.java:724)
	at com.planit.analytics.scheduler.ReportGenerationScheduler$$SpringCGLIB$$0.generateMonthlyReportForUser(<generated>)
	at com.planit.analytics.controller.BatchController.generateReportForUser(BatchController.java:103)
	at java.base/jdk.internal.reflect.NativeMethodAccessorImpl.invoke0(Native Method)
	at java.base/jdk.internal.reflect.NativeMethodAccessorImpl.invoke(NativeMethodAccessorImpl.java:77)
	at java.base/jdk.internal.reflect.DelegatingMethodAccessorImpl.invoke(DelegatingMethodAccessorImpl.java:43)
	at java.base/java.lang.reflect.Method.invoke(Method.java:569)
	at org.springframework.web.method.support.InvocableHandlerMethod.doInvoke(InvocableHandlerMethod.java:258)
	at org.springframework.web.method.support.InvocableHandlerMethod.invokeForRequest(InvocableHandlerMethod.java:191)
	at org.springframework.web.servlet.mvc.method.annotation.ServletInvocableHandlerMethod.invokeAndHandle(ServletInvocableHandlerMethod.java:118)
	at org.springframework.web.servlet.mvc.method.annotation.RequestMappingHandlerAdapter.invokeHandlerMethod(RequestMappingHandlerAdapter.java:991)
	at org.springframework.web.servlet.mvc.method.annotation.RequestMappingHandlerAdapter.handleInternal(RequestMappingHandlerAdapter.java:896)
	at org.springframework.web.servlet.mvc.method.AbstractHandlerMethodAdapter.handle(AbstractHandlerMethodAdapter.java:87)
	at org.springframework.web.servlet.DispatcherServlet.doDispatch(DispatcherServlet.java:1089)
	at org.springframework.web.servlet.DispatcherServlet.doService(DispatcherServlet.java:979)
	at org.springframework.web.servlet.FrameworkServlet.processRequest(FrameworkServlet.java:1014)
	at org.springframework.web.servlet.FrameworkServlet.doPost(FrameworkServlet.java:914)
	at jakarta.servlet.http.HttpServlet.service(HttpServlet.java:590)
	at org.springframework.web.servlet.FrameworkServlet.service(FrameworkServlet.java:885)
	at jakarta.servlet.http.HttpServlet.service(HttpServlet.java:658)
	at org.apache.catalina.core.ApplicationFilterChain.internalDoFilter(ApplicationFilterChain.java:193)
	at org.apache.catalina.core.ApplicationFilterChain.doFilter(ApplicationFilterChain.java:138)
	at org.apache.tomcat.websocket.server.WsFilter.doFilter(WsFilter.java:51)
	at org.apache.catalina.core.ApplicationFilterChain.internalDoFilter(ApplicationFilterChain.java:162)
	at org.apache.catalina.core.ApplicationFilterChain.doFilter(ApplicationFilterChain.java:138)
	at org.springframework.web.filter.RequestContextFilter.doFilterInternal(RequestContextFilter.java:100)
	at org.springframework.web.filter.OncePerRequestFilter.doFilter(OncePerRequestFilter.java:116)
	at org.apache.catalina.core.ApplicationFilterChain.internalDoFilter(ApplicationFilterChain.java:162)
	at org.apache.catalina.core.ApplicationFilterChain.doFilter(ApplicationFilterChain.java:138)
	at org.springframework.web.filter.FormContentFilter.doFilterInternal(FormContentFilter.java:93)
	at org.springframework.web.filter.OncePerRequestFilter.doFilter(OncePerRequestFilter.java:116)
	at org.apache.catalina.core.ApplicationFilterChain.internalDoFilter(ApplicationFilterChain.java:162)
	at org.apache.catalina.core.ApplicationFilterChain.doFilter(ApplicationFilterChain.java:138)
	at org.springframework.web.filter.ServerHttpObservationFilter.doFilterInternal(ServerHttpObservationFilter.java:110)
	at org.springframework.web.filter.OncePerRequestFilter.doFilter(OncePerRequestFilter.java:116)
	at org.apache.catalina.core.ApplicationFilterChain.internalDoFilter(ApplicationFilterChain.java:162)
	at org.apache.catalina.core.ApplicationFilterChain.doFilter(ApplicationFilterChain.java:138)
	at org.springframework.web.filter.CharacterEncodingFilter.doFilterInternal(CharacterEncodingFilter.java:201)
	at org.springframework.web.filter.OncePerRequestFilter.doFilter(OncePerRequestFilter.java:116)
	at org.apache.catalina.core.ApplicationFilterChain.internalDoFilter(ApplicationFilterChain.java:162)
	at org.apache.catalina.core.ApplicationFilterChain.doFilter(ApplicationFilterChain.java:138)
	at org.apache.catalina.core.StandardWrapperValve.invoke(StandardWrapperValve.java:165)
	at org.apache.catalina.core.StandardContextValve.invoke(StandardContextValve.java:88)
	at org.apache.catalina.authenticator.AuthenticatorBase.invoke(AuthenticatorBase.java:492)
	at org.apache.catalina.core.StandardHostValve.invoke(StandardHostValve.java:113)
	at org.apache.catalina.valves.ErrorReportValve.invoke(ErrorReportValve.java:83)
	at org.apache.catalina.core.StandardEngineValve.invoke(StandardEngineValve.java:72)
	at org.apache.catalina.connector.CoyoteAdapter.service(CoyoteAdapter.java:342)
	at org.apache.coyote.http11.Http11Processor.service(Http11Processor.java:399)
	at org.apache.coyote.AbstractProcessorLight.process(AbstractProcessorLight.java:63)
	at org.apache.coyote.AbstractProtocol$ConnectionHandler.process(AbstractProtocol.java:903)
	at org.apache.tomcat.util.net.NioEndpoint$SocketProcessor.doRun(NioEndpoint.java:1775)
	at org.apache.tomcat.util.net.SocketProcessorBase.run(SocketProcessorBase.java:52)
	at org.apache.tomcat.util.threads.ThreadPoolExecutor.runWorker(ThreadPoolExecutor.java:973)
	at org.apache.tomcat.util.threads.ThreadPoolExecutor$Worker.run(ThreadPoolExecutor.java:491)
	at org.apache.tomcat.util.threads.TaskThread$WrappingRunnable.run(TaskThread.java:63)
	at java.base/java.lang.Thread.run(Thread.java:840)
2026-03-07 23:22:30 WARN  [69ac34a6334fe446720e2a3d648bbf84] [http-nio-8084-exec-1] c.p.a.s.ReportGenerationScheduler : AI report generation failed for user: test-user-001, type: TIMELINE, error: Service B 호출 실패: 422 Unprocessable Content on POST request for "http://localhost:8085/ai/reports/generate": "{"detail":[{"type":"missing","loc":["body","user_id"],"msg":"Field required","input":{"userId":"test-user-001","reportType":"TIMELINE","targetPeriod":"2026-01","statisticsData":{"chartData":[{"month":"8월","rate":0},{"month":"9월","rate":0},{"month":"10월","rate":0},{"month":"11월","rate":0},{"month":"12월","rate":88},{"month":"1월","rate":67}]}}},{"type":"missing","loc":["body","year_month"],"msg":"Field required","input":{"userId":"test-user-001","reportType":"TIMELINE","targetPeriod":"2026-01","statisticsData":{"chartData":[{"month":"8월","rate":0},{"month":"9월","rate":0},{"month":"10월","rate":0},{"month":"11월","rate":0},{"month":"12월","rate":88},{"month":"1월","rate":67}]}}},{"type":"missing","loc":["body","week"],"msg":"Field required","input":{"userId":"test-user-001","reportType":"TIMELINE","targetPeriod":"2026-01","statisticsData":{"chartData":[{"month":"8월","rate":0},{"month":"9월","rate":0},{"month":"10월","rate":0},{"month":"11월","rate":0},{"month":"12월","rate":88},{"month":"1월","rate":67}]}}},{"type":"missing","loc":["body","stats_data"],"msg":"Field required","input":{"userId":"test-user-001","reportType":"TIMELINE","targetPeriod":"2026-01","statisticsData":{"chartData":[{"month":"8월","rate":0},{"month":"9월","rate":0},{"month":"10월","rate":0},{"month":"11월","rate":0},{"month":"12월","rate":88},{"month":"1월","rate":67}]}}}]}"
2026-03-07 23:22:30 INFO  [69ac34a6334fe446720e2a3d648bbf84] [http-nio-8084-exec-1] c.p.analytics.adapter.RestApiAdapter : Calling Service B via REST API: http://localhost:8085 for user: test-user-001, reportType: PATTERN
2026-03-07 23:22:30 ERROR [69ac34a6334fe446720e2a3d648bbf84] [http-nio-8084-exec-1] c.p.analytics.adapter.RestApiAdapter : Failed to call Service B for user: test-user-001, error: 422 Unprocessable Content on POST request for "http://localhost:8085/ai/reports/generate": "{"detail":[{"type":"missing","loc":["body","user_id"],"msg":"Field required","input":{"userId":"test-user-001","reportType":"PATTERN","targetPeriod":"2026-01","statisticsData":{"worstDay":"THURSDAY","avgPostponeCount":1,"chart":[{"count":0,"day":"MONDAY"},{"count":1,"day":"TUESDAY"},{"count":0,"day":"WEDNESDAY"},{"count":2,"day":"THURSDAY"},{"count":0,"day":"FRIDAY"},{"count":0,"day":"SATURDAY"},{"count":0,"day":"SUNDAY"}]}}},{"type":"missing","loc":["body","year_month"],"msg":"Field required","input":{"userId":"test-user-001","reportType":"PATTERN","targetPeriod":"2026-01","statisticsData":{"worstDay":"THURSDAY","avgPostponeCount":1,"chart":[{"count":0,"day":"MONDAY"},{"count":1,"day":"TUESDAY"},{"count":0,"day":"WEDNESDAY"},{"count":2,"day":"THURSDAY"},{"count":0,"day":"FRIDAY"},{"count":0,"day":"SATURDAY"},{"count":0,"day":"SUNDAY"}]}}},{"type":"missing","loc":["body","week"],"msg":"Field required","input":{"userId":"test-user-001","reportType":"PATTERN","targetPeriod":"2026-01","statisticsData":{"worstDay":"THURSDAY","avgPostponeCount":1,"chart":[{"count":0,"day":"MONDAY"},{"count":1,"day":"TUESDAY"},{"count":0,"day":"WEDNESDAY"},{"count":2,"day":"THURSDAY"},{"count":0,"day":"FRIDAY"},{"count":0,"day":"SATURDAY"},{"count":0,"day":"SUNDAY"}]}}},{"type":"missing","loc":["body","stats_data"],"msg":"Field required","input":{"userId":"test-user-001","reportType":"PATTERN","targetPeriod":"2026-01","statisticsData":{"worstDay":"THURSDAY","avgPostponeCount":1,"chart":[{"count":0,"day":"MONDAY"},{"count":1,"day":"TUESDAY"},{"count":0,"day":"WEDNESDAY"},{"count":2,"day":"THURSDAY"},{"count":0,"day":"FRIDAY"},{"count":0,"day":"SATURDAY"},{"count":0,"day":"SUNDAY"}]}}}]}"
org.springframework.web.client.HttpClientErrorException$UnprocessableEntity: 422 Unprocessable Content on POST request for "http://localhost:8085/ai/reports/generate": "{"detail":[{"type":"missing","loc":["body","user_id"],"msg":"Field required","input":{"userId":"test-user-001","reportType":"PATTERN","targetPeriod":"2026-01","statisticsData":{"worstDay":"THURSDAY","avgPostponeCount":1,"chart":[{"count":0,"day":"MONDAY"},{"count":1,"day":"TUESDAY"},{"count":0,"day":"WEDNESDAY"},{"count":2,"day":"THURSDAY"},{"count":0,"day":"FRIDAY"},{"count":0,"day":"SATURDAY"},{"count":0,"day":"SUNDAY"}]}}},{"type":"missing","loc":["body","year_month"],"msg":"Field required","input":{"userId":"test-user-001","reportType":"PATTERN","targetPeriod":"2026-01","statisticsData":{"worstDay":"THURSDAY","avgPostponeCount":1,"chart":[{"count":0,"day":"MONDAY"},{"count":1,"day":"TUESDAY"},{"count":0,"day":"WEDNESDAY"},{"count":2,"day":"THURSDAY"},{"count":0,"day":"FRIDAY"},{"count":0,"day":"SATURDAY"},{"count":0,"day":"SUNDAY"}]}}},{"type":"missing","loc":["body","week"],"msg":"Field required","input":{"userId":"test-user-001","reportType":"PATTERN","targetPeriod":"2026-01","statisticsData":{"worstDay":"THURSDAY","avgPostponeCount":1,"chart":[{"count":0,"day":"MONDAY"},{"count":1,"day":"TUESDAY"},{"count":0,"day":"WEDNESDAY"},{"count":2,"day":"THURSDAY"},{"count":0,"day":"FRIDAY"},{"count":0,"day":"SATURDAY"},{"count":0,"day":"SUNDAY"}]}}},{"type":"missing","loc":["body","stats_data"],"msg":"Field required","input":{"userId":"test-user-001","reportType":"PATTERN","targetPeriod":"2026-01","statisticsData":{"worstDay":"THURSDAY","avgPostponeCount":1,"chart":[{"count":0,"day":"MONDAY"},{"count":1,"day":"TUESDAY"},{"count":0,"day":"WEDNESDAY"},{"count":2,"day":"THURSDAY"},{"count":0,"day":"FRIDAY"},{"count":0,"day":"SATURDAY"},{"count":0,"day":"SUNDAY"}]}}}]}"
	at org.springframework.web.client.HttpClientErrorException.create(HttpClientErrorException.java:133)
	at org.springframework.web.client.DefaultResponseErrorHandler.handleError(DefaultResponseErrorHandler.java:186)
	at org.springframework.web.client.DefaultResponseErrorHandler.handleError(DefaultResponseErrorHandler.java:147)
	at org.springframework.web.client.RestTemplate.handleResponse(RestTemplate.java:953)
	at org.springframework.web.client.RestTemplate.doExecute(RestTemplate.java:902)
	at org.springframework.web.client.RestTemplate.execute(RestTemplate.java:801)
	at org.springframework.web.client.RestTemplate.postForObject(RestTemplate.java:518)
	at com.planit.analytics.adapter.RestApiAdapter.generateReport(RestApiAdapter.java:47)
	at com.planit.analytics.scheduler.ReportGenerationScheduler.generateAndSaveReport(ReportGenerationScheduler.java:215)
	at com.planit.analytics.scheduler.ReportGenerationScheduler.generateMonthlyReportForUser(ReportGenerationScheduler.java:188)
	at java.base/jdk.internal.reflect.NativeMethodAccessorImpl.invoke0(Native Method)
	at java.base/jdk.internal.reflect.NativeMethodAccessorImpl.invoke(NativeMethodAccessorImpl.java:77)
	at java.base/jdk.internal.reflect.DelegatingMethodAccessorImpl.invoke(DelegatingMethodAccessorImpl.java:43)
	at java.base/java.lang.reflect.Method.invoke(Method.java:569)
	at org.springframework.aop.support.AopUtils.invokeJoinpointUsingReflection(AopUtils.java:360)
	at org.springframework.aop.framework.CglibAopProxy$DynamicAdvisedInterceptor.intercept(CglibAopProxy.java:724)
	at com.planit.analytics.scheduler.ReportGenerationScheduler$$SpringCGLIB$$0.generateMonthlyReportForUser(<generated>)
	at com.planit.analytics.controller.BatchController.generateReportForUser(BatchController.java:103)
	at java.base/jdk.internal.reflect.NativeMethodAccessorImpl.invoke0(Native Method)
	at java.base/jdk.internal.reflect.NativeMethodAccessorImpl.invoke(NativeMethodAccessorImpl.java:77)
	at java.base/jdk.internal.reflect.DelegatingMethodAccessorImpl.invoke(DelegatingMethodAccessorImpl.java:43)
	at java.base/java.lang.reflect.Method.invoke(Method.java:569)
	at org.springframework.web.method.support.InvocableHandlerMethod.doInvoke(InvocableHandlerMethod.java:258)
	at org.springframework.web.method.support.InvocableHandlerMethod.invokeForRequest(InvocableHandlerMethod.java:191)
	at org.springframework.web.servlet.mvc.method.annotation.ServletInvocableHandlerMethod.invokeAndHandle(ServletInvocableHandlerMethod.java:118)
	at org.springframework.web.servlet.mvc.method.annotation.RequestMappingHandlerAdapter.invokeHandlerMethod(RequestMappingHandlerAdapter.java:991)
	at org.springframework.web.servlet.mvc.method.annotation.RequestMappingHandlerAdapter.handleInternal(RequestMappingHandlerAdapter.java:896)
	at org.springframework.web.servlet.mvc.method.AbstractHandlerMethodAdapter.handle(AbstractHandlerMethodAdapter.java:87)
	at org.springframework.web.servlet.DispatcherServlet.doDispatch(DispatcherServlet.java:1089)
	at org.springframework.web.servlet.DispatcherServlet.doService(DispatcherServlet.java:979)
	at org.springframework.web.servlet.FrameworkServlet.processRequest(FrameworkServlet.java:1014)
	at org.springframework.web.servlet.FrameworkServlet.doPost(FrameworkServlet.java:914)
	at jakarta.servlet.http.HttpServlet.service(HttpServlet.java:590)
	at org.springframework.web.servlet.FrameworkServlet.service(FrameworkServlet.java:885)
	at jakarta.servlet.http.HttpServlet.service(HttpServlet.java:658)
	at org.apache.catalina.core.ApplicationFilterChain.internalDoFilter(ApplicationFilterChain.java:193)
	at org.apache.catalina.core.ApplicationFilterChain.doFilter(ApplicationFilterChain.java:138)
	at org.apache.tomcat.websocket.server.WsFilter.doFilter(WsFilter.java:51)
	at org.apache.catalina.core.ApplicationFilterChain.internalDoFilter(ApplicationFilterChain.java:162)
	at org.apache.catalina.core.ApplicationFilterChain.doFilter(ApplicationFilterChain.java:138)
	at org.springframework.web.filter.RequestContextFilter.doFilterInternal(RequestContextFilter.java:100)
	at org.springframework.web.filter.OncePerRequestFilter.doFilter(OncePerRequestFilter.java:116)
	at org.apache.catalina.core.ApplicationFilterChain.internalDoFilter(ApplicationFilterChain.java:162)
	at org.apache.catalina.core.ApplicationFilterChain.doFilter(ApplicationFilterChain.java:138)
	at org.springframework.web.filter.FormContentFilter.doFilterInternal(FormContentFilter.java:93)
	at org.springframework.web.filter.OncePerRequestFilter.doFilter(OncePerRequestFilter.java:116)
	at org.apache.catalina.core.ApplicationFilterChain.internalDoFilter(ApplicationFilterChain.java:162)
	at org.apache.catalina.core.ApplicationFilterChain.doFilter(ApplicationFilterChain.java:138)
	at org.springframework.web.filter.ServerHttpObservationFilter.doFilterInternal(ServerHttpObservationFilter.java:110)
	at org.springframework.web.filter.OncePerRequestFilter.doFilter(OncePerRequestFilter.java:116)
	at org.apache.catalina.core.ApplicationFilterChain.internalDoFilter(ApplicationFilterChain.java:162)
	at org.apache.catalina.core.ApplicationFilterChain.doFilter(ApplicationFilterChain.java:138)
	at org.springframework.web.filter.CharacterEncodingFilter.doFilterInternal(CharacterEncodingFilter.java:201)
	at org.springframework.web.filter.OncePerRequestFilter.doFilter(OncePerRequestFilter.java:116)
	at org.apache.catalina.core.ApplicationFilterChain.internalDoFilter(ApplicationFilterChain.java:162)
	at org.apache.catalina.core.ApplicationFilterChain.doFilter(ApplicationFilterChain.java:138)
	at org.apache.catalina.core.StandardWrapperValve.invoke(StandardWrapperValve.java:165)
	at org.apache.catalina.core.StandardContextValve.invoke(StandardContextValve.java:88)
	at org.apache.catalina.authenticator.AuthenticatorBase.invoke(AuthenticatorBase.java:492)
	at org.apache.catalina.core.StandardHostValve.invoke(StandardHostValve.java:113)
	at org.apache.catalina.valves.ErrorReportValve.invoke(ErrorReportValve.java:83)
	at org.apache.catalina.core.StandardEngineValve.invoke(StandardEngineValve.java:72)
	at org.apache.catalina.connector.CoyoteAdapter.service(CoyoteAdapter.java:342)
	at org.apache.coyote.http11.Http11Processor.service(Http11Processor.java:399)
	at org.apache.coyote.AbstractProcessorLight.process(AbstractProcessorLight.java:63)
	at org.apache.coyote.AbstractProtocol$ConnectionHandler.process(AbstractProtocol.java:903)
	at org.apache.tomcat.util.net.NioEndpoint$SocketProcessor.doRun(NioEndpoint.java:1775)
	at org.apache.tomcat.util.net.SocketProcessorBase.run(SocketProcessorBase.java:52)
	at org.apache.tomcat.util.threads.ThreadPoolExecutor.runWorker(ThreadPoolExecutor.java:973)
	at org.apache.tomcat.util.threads.ThreadPoolExecutor$Worker.run(ThreadPoolExecutor.java:491)
	at org.apache.tomcat.util.threads.TaskThread$WrappingRunnable.run(TaskThread.java:63)
	at java.base/java.lang.Thread.run(Thread.java:840)
2026-03-07 23:22:30 WARN  [69ac34a6334fe446720e2a3d648bbf84] [http-nio-8084-exec-1] c.p.a.s.ReportGenerationScheduler : AI report generation failed for user: test-user-001, type: PATTERN, error: Service B 호출 실패: 422 Unprocessable Content on POST request for "http://localhost:8085/ai/reports/generate": "{"detail":[{"type":"missing","loc":["body","user_id"],"msg":"Field required","input":{"userId":"test-user-001","reportType":"PATTERN","targetPeriod":"2026-01","statisticsData":{"worstDay":"THURSDAY","avgPostponeCount":1,"chart":[{"count":0,"day":"MONDAY"},{"count":1,"day":"TUESDAY"},{"count":0,"day":"WEDNESDAY"},{"count":2,"day":"THURSDAY"},{"count":0,"day":"FRIDAY"},{"count":0,"day":"SATURDAY"},{"count":0,"day":"SUNDAY"}]}}},{"type":"missing","loc":["body","year_month"],"msg":"Field required","input":{"userId":"test-user-001","reportType":"PATTERN","targetPeriod":"2026-01","statisticsData":{"worstDay":"THURSDAY","avgPostponeCount":1,"chart":[{"count":0,"day":"MONDAY"},{"count":1,"day":"TUESDAY"},{"count":0,"day":"WEDNESDAY"},{"count":2,"day":"THURSDAY"},{"count":0,"day":"FRIDAY"},{"count":0,"day":"SATURDAY"},{"count":0,"day":"SUNDAY"}]}}},{"type":"missing","loc":["body","week"],"msg":"Field required","input":{"userId":"test-user-001","reportType":"PATTERN","targetPeriod":"2026-01","statisticsData":{"worstDay":"THURSDAY","avgPostponeCount":1,"chart":[{"count":0,"day":"MONDAY"},{"count":1,"day":"TUESDAY"},{"count":0,"day":"WEDNESDAY"},{"count":2,"day":"THURSDAY"},{"count":0,"day":"FRIDAY"},{"count":0,"day":"SATURDAY"},{"count":0,"day":"SUNDAY"}]}}},{"type":"missing","loc":["body","stats_data"],"msg":"Field required","input":{"userId":"test-user-001","reportType":"PATTERN","targetPeriod":"2026-01","statisticsData":{"worstDay":"THURSDAY","avgPostponeCount":1,"chart":[{"count":0,"day":"MONDAY"},{"count":1,"day":"TUESDAY"},{"count":0,"day":"WEDNESDAY"},{"count":2,"day":"THURSDAY"},{"count":0,"day":"FRIDAY"},{"count":0,"day":"SATURDAY"},{"count":0,"day":"SUNDAY"}]}}}]}"
2026-03-07 23:22:30 INFO  [69ac34a6334fe446720e2a3d648bbf84] [http-nio-8084-exec-1] c.p.analytics.adapter.RestApiAdapter : Calling Service B via REST API: http://localhost:8085 for user: test-user-001, reportType: SUMMARY
2026-03-07 23:22:30 ERROR [69ac34a6334fe446720e2a3d648bbf84] [http-nio-8084-exec-1] c.p.analytics.adapter.RestApiAdapter : Failed to call Service B for user: test-user-001, error: 422 Unprocessable Content on POST request for "http://localhost:8085/ai/reports/generate": "{"detail":[{"type":"missing","loc":["body","user_id"],"msg":"Field required","input":{"userId":"test-user-001","reportType":"SUMMARY","targetPeriod":"2026-01","statisticsData":{"achievementTrend":"-21%","bestFocusTime":"16:00-18:00","currentRate":67}}},{"type":"missing","loc":["body","year_month"],"msg":"Field required","input":{"userId":"test-user-001","reportType":"SUMMARY","targetPeriod":"2026-01","statisticsData":{"achievementTrend":"-21%","bestFocusTime":"16:00-18:00","currentRate":67}}},{"type":"missing","loc":["body","week"],"msg":"Field required","input":{"userId":"test-user-001","reportType":"SUMMARY","targetPeriod":"2026-01","statisticsData":{"achievementTrend":"-21%","bestFocusTime":"16:00-18:00","currentRate":67}}},{"type":"missing","loc":["body","stats_data"],"msg":"Field required","input":{"userId":"test-user-001","reportType":"SUMMARY","targetPeriod":"2026-01","statisticsData":{"achievementTrend":"-21%","bestFocusTime":"16:00-18:00","currentRate":67}}}]}"
org.springframework.web.client.HttpClientErrorException$UnprocessableEntity: 422 Unprocessable Content on POST request for "http://localhost:8085/ai/reports/generate": "{"detail":[{"type":"missing","loc":["body","user_id"],"msg":"Field required","input":{"userId":"test-user-001","reportType":"SUMMARY","targetPeriod":"2026-01","statisticsData":{"achievementTrend":"-21%","bestFocusTime":"16:00-18:00","currentRate":67}}},{"type":"missing","loc":["body","year_month"],"msg":"Field required","input":{"userId":"test-user-001","reportType":"SUMMARY","targetPeriod":"2026-01","statisticsData":{"achievementTrend":"-21%","bestFocusTime":"16:00-18:00","currentRate":67}}},{"type":"missing","loc":["body","week"],"msg":"Field required","input":{"userId":"test-user-001","reportType":"SUMMARY","targetPeriod":"2026-01","statisticsData":{"achievementTrend":"-21%","bestFocusTime":"16:00-18:00","currentRate":67}}},{"type":"missing","loc":["body","stats_data"],"msg":"Field required","input":{"userId":"test-user-001","reportType":"SUMMARY","targetPeriod":"2026-01","statisticsData":{"achievementTrend":"-21%","bestFocusTime":"16:00-18:00","currentRate":67}}}]}"
	at org.springframework.web.client.HttpClientErrorException.create(HttpClientErrorException.java:133)
	at org.springframework.web.client.DefaultResponseErrorHandler.handleError(DefaultResponseErrorHandler.java:186)
	at org.springframework.web.client.DefaultResponseErrorHandler.handleError(DefaultResponseErrorHandler.java:147)
	at org.springframework.web.client.RestTemplate.handleResponse(RestTemplate.java:953)
	at org.springframework.web.client.RestTemplate.doExecute(RestTemplate.java:902)
	at org.springframework.web.client.RestTemplate.execute(RestTemplate.java:801)
	at org.springframework.web.client.RestTemplate.postForObject(RestTemplate.java:518)
	at com.planit.analytics.adapter.RestApiAdapter.generateReport(RestApiAdapter.java:47)
	at com.planit.analytics.scheduler.ReportGenerationScheduler.generateAndSaveReport(ReportGenerationScheduler.java:215)
	at com.planit.analytics.scheduler.ReportGenerationScheduler.generateMonthlyReportForUser(ReportGenerationScheduler.java:192)
	at java.base/jdk.internal.reflect.NativeMethodAccessorImpl.invoke0(Native Method)
	at java.base/jdk.internal.reflect.NativeMethodAccessorImpl.invoke(NativeMethodAccessorImpl.java:77)
	at java.base/jdk.internal.reflect.DelegatingMethodAccessorImpl.invoke(DelegatingMethodAccessorImpl.java:43)
	at java.base/java.lang.reflect.Method.invoke(Method.java:569)
	at org.springframework.aop.support.AopUtils.invokeJoinpointUsingReflection(AopUtils.java:360)
	at org.springframework.aop.framework.CglibAopProxy$DynamicAdvisedInterceptor.intercept(CglibAopProxy.java:724)
	at com.planit.analytics.scheduler.ReportGenerationScheduler$$SpringCGLIB$$0.generateMonthlyReportForUser(<generated>)
	at com.planit.analytics.controller.BatchController.generateReportForUser(BatchController.java:103)
	at java.base/jdk.internal.reflect.NativeMethodAccessorImpl.invoke0(Native Method)
	at java.base/jdk.internal.reflect.NativeMethodAccessorImpl.invoke(NativeMethodAccessorImpl.java:77)
	at java.base/jdk.internal.reflect.DelegatingMethodAccessorImpl.invoke(DelegatingMethodAccessorImpl.java:43)
	at java.base/java.lang.reflect.Method.invoke(Method.java:569)
	at org.springframework.web.method.support.InvocableHandlerMethod.doInvoke(InvocableHandlerMethod.java:258)
	at org.springframework.web.method.support.InvocableHandlerMethod.invokeForRequest(InvocableHandlerMethod.java:191)
	at org.springframework.web.servlet.mvc.method.annotation.ServletInvocableHandlerMethod.invokeAndHandle(ServletInvocableHandlerMethod.java:118)
	at org.springframework.web.servlet.mvc.method.annotation.RequestMappingHandlerAdapter.invokeHandlerMethod(RequestMappingHandlerAdapter.java:991)
	at org.springframework.web.servlet.mvc.method.annotation.RequestMappingHandlerAdapter.handleInternal(RequestMappingHandlerAdapter.java:896)
	at org.springframework.web.servlet.mvc.method.AbstractHandlerMethodAdapter.handle(AbstractHandlerMethodAdapter.java:87)
	at org.springframework.web.servlet.DispatcherServlet.doDispatch(DispatcherServlet.java:1089)
	at org.springframework.web.servlet.DispatcherServlet.doService(DispatcherServlet.java:979)
	at org.springframework.web.servlet.FrameworkServlet.processRequest(FrameworkServlet.java:1014)
	at org.springframework.web.servlet.FrameworkServlet.doPost(FrameworkServlet.java:914)
	at jakarta.servlet.http.HttpServlet.service(HttpServlet.java:590)
	at org.springframework.web.servlet.FrameworkServlet.service(FrameworkServlet.java:885)
	at jakarta.servlet.http.HttpServlet.service(HttpServlet.java:658)
	at org.apache.catalina.core.ApplicationFilterChain.internalDoFilter(ApplicationFilterChain.java:193)
	at org.apache.catalina.core.ApplicationFilterChain.doFilter(ApplicationFilterChain.java:138)
	at org.apache.tomcat.websocket.server.WsFilter.doFilter(WsFilter.java:51)
	at org.apache.catalina.core.ApplicationFilterChain.internalDoFilter(ApplicationFilterChain.java:162)
	at org.apache.catalina.core.ApplicationFilterChain.doFilter(ApplicationFilterChain.java:138)
	at org.springframework.web.filter.RequestContextFilter.doFilterInternal(RequestContextFilter.java:100)
	at org.springframework.web.filter.OncePerRequestFilter.doFilter(OncePerRequestFilter.java:116)
	at org.apache.catalina.core.ApplicationFilterChain.internalDoFilter(ApplicationFilterChain.java:162)
	at org.apache.catalina.core.ApplicationFilterChain.doFilter(ApplicationFilterChain.java:138)
	at org.springframework.web.filter.FormContentFilter.doFilterInternal(FormContentFilter.java:93)
	at org.springframework.web.filter.OncePerRequestFilter.doFilter(OncePerRequestFilter.java:116)
	at org.apache.catalina.core.ApplicationFilterChain.internalDoFilter(ApplicationFilterChain.java:162)
	at org.apache.catalina.core.ApplicationFilterChain.doFilter(ApplicationFilterChain.java:138)
	at org.springframework.web.filter.ServerHttpObservationFilter.doFilterInternal(ServerHttpObservationFilter.java:110)
	at org.springframework.web.filter.OncePerRequestFilter.doFilter(OncePerRequestFilter.java:116)
	at org.apache.catalina.core.ApplicationFilterChain.internalDoFilter(ApplicationFilterChain.java:162)
	at org.apache.catalina.core.ApplicationFilterChain.doFilter(ApplicationFilterChain.java:138)
	at org.springframework.web.filter.CharacterEncodingFilter.doFilterInternal(CharacterEncodingFilter.java:201)
	at org.springframework.web.filter.OncePerRequestFilter.doFilter(OncePerRequestFilter.java:116)
	at org.apache.catalina.core.ApplicationFilterChain.internalDoFilter(ApplicationFilterChain.java:162)
	at org.apache.catalina.core.ApplicationFilterChain.doFilter(ApplicationFilterChain.java:138)
	at org.apache.catalina.core.StandardWrapperValve.invoke(StandardWrapperValve.java:165)
	at org.apache.catalina.core.StandardContextValve.invoke(StandardContextValve.java:88)
	at org.apache.catalina.authenticator.AuthenticatorBase.invoke(AuthenticatorBase.java:492)
	at org.apache.catalina.core.StandardHostValve.invoke(StandardHostValve.java:113)
	at org.apache.catalina.valves.ErrorReportValve.invoke(ErrorReportValve.java:83)
	at org.apache.catalina.core.StandardEngineValve.invoke(StandardEngineValve.java:72)
	at org.apache.catalina.connector.CoyoteAdapter.service(CoyoteAdapter.java:342)
	at org.apache.coyote.http11.Http11Processor.service(Http11Processor.java:399)
	at org.apache.coyote.AbstractProcessorLight.process(AbstractProcessorLight.java:63)
	at org.apache.coyote.AbstractProtocol$ConnectionHandler.process(AbstractProtocol.java:903)
	at org.apache.tomcat.util.net.NioEndpoint$SocketProcessor.doRun(NioEndpoint.java:1775)
	at org.apache.tomcat.util.net.SocketProcessorBase.run(SocketProcessorBase.java:52)
	at org.apache.tomcat.util.threads.ThreadPoolExecutor.runWorker(ThreadPoolExecutor.java:973)
	at org.apache.tomcat.util.threads.ThreadPoolExecutor$Worker.run(ThreadPoolExecutor.java:491)
	at org.apache.tomcat.util.threads.TaskThread$WrappingRunnable.run(TaskThread.java:63)
	at java.base/java.lang.Thread.run(Thread.java:840)
2026-03-07 23:22:30 WARN  [69ac34a6334fe446720e2a3d648bbf84] [http-nio-8084-exec-1] c.p.a.s.ReportGenerationScheduler : AI report generation failed for user: test-user-001, type: SUMMARY, error: Service B 호출 실패: 422 Unprocessable Content on POST request for "http://localhost:8085/ai/reports/generate": "{"detail":[{"type":"missing","loc":["body","user_id"],"msg":"Field required","input":{"userId":"test-user-001","reportType":"SUMMARY","targetPeriod":"2026-01","statisticsData":{"achievementTrend":"-21%","bestFocusTime":"16:00-18:00","currentRate":67}}},{"type":"missing","loc":["body","year_month"],"msg":"Field required","input":{"userId":"test-user-001","reportType":"SUMMARY","targetPeriod":"2026-01","statisticsData":{"achievementTrend":"-21%","bestFocusTime":"16:00-18:00","currentRate":67}}},{"type":"missing","loc":["body","week"],"msg":"Field required","input":{"userId":"test-user-001","reportType":"SUMMARY","targetPeriod":"2026-01","statisticsData":{"achievementTrend":"-21%","bestFocusTime":"16:00-18:00","currentRate":67}}},{"type":"missing","loc":["body","stats_data"],"msg":"Field required","input":{"userId":"test-user-001","reportType":"SUMMARY","targetPeriod":"2026-01","statisticsData":{"achievementTrend":"-21%","bestFocusTime":"16:00-18:00","currentRate":67}}}]}"
2026-03-07 23:23:26 INFO  [69ac34de789dd036c5ebdaf9ff0d1f71] [http-nio-8084-exec-2] c.p.a.controller.BatchController : Manual trigger: generate report for user: test-user-001, yearMonth: 2026-01
2026-03-07 23:23:26 INFO  [69ac34de789dd036c5ebdaf9ff0d1f71] [http-nio-8084-exec-2] c.p.a.s.ReportGenerationScheduler : Generating monthly report for user: test-user-001
2026-03-07 23:23:26 INFO  [] [task-12] c.p.a.service.AnalyticsService : Calculating timeline for user: test-user-001, month: 2026-01
2026-03-07 23:23:26 INFO  [] [task-13] c.p.a.service.AnalyticsService : Analyzing postpone pattern for user: test-user-001, month: 2026-01
2026-03-07 23:23:26 INFO  [] [task-10] c.p.a.service.AnalyticsService : Generating summary for user: test-user-001, month: 2026-01
2026-03-07 23:23:26 INFO  [] [task-14] c.p.a.service.AnalyticsService : Calculating growth rate for user: test-user-001, month: 2026-01
2026-03-07 23:23:26 INFO  [] [task-13] c.p.a.service.AnalyticsService : Postpone pattern analyzed: worst day = THURSDAY
2026-03-07 23:23:26 INFO  [] [task-10] c.p.a.service.AnalyticsService : Summary generated: trend = -21%, focus time = 16:00-18:00
2026-03-07 23:23:26 INFO  [] [task-12] c.p.a.service.AnalyticsService : Timeline calculated with 6 months
2026-03-07 23:23:26 INFO  [] [task-14] c.p.a.service.AnalyticsService : Growth rate calculated: {previousRate=88, growthRate=-24, topicName=주제#101, currentRate=67}
2026-03-07 23:23:26 INFO  [69ac34de789dd036c5ebdaf9ff0d1f71] [http-nio-8084-exec-2] c.p.analytics.adapter.RestApiAdapter : Calling Service B via REST API: http://localhost:8085 for user: test-user-001, reportType: GROWTH
2026-03-07 23:23:26 ERROR [69ac34de789dd036c5ebdaf9ff0d1f71] [http-nio-8084-exec-2] c.p.analytics.adapter.RestApiAdapter : Failed to call Service B for user: test-user-001, error: 422 Unprocessable Content on POST request for "http://localhost:8085/ai/reports/generate": "{"detail":[{"type":"missing","loc":["body","user_id"],"msg":"Field required","input":{"userId":"test-user-001","reportType":"GROWTH","targetPeriod":"2026-01","statisticsData":{"previousRate":88,"growthRate":-24,"topicName":"주제#101","currentRate":67}}},{"type":"missing","loc":["body","year_month"],"msg":"Field required","input":{"userId":"test-user-001","reportType":"GROWTH","targetPeriod":"2026-01","statisticsData":{"previousRate":88,"growthRate":-24,"topicName":"주제#101","currentRate":67}}},{"type":"missing","loc":["body","week"],"msg":"Field required","input":{"userId":"test-user-001","reportType":"GROWTH","targetPeriod":"2026-01","statisticsData":{"previousRate":88,"growthRate":-24,"topicName":"주제#101","currentRate":67}}},{"type":"missing","loc":["body","stats_data"],"msg":"Field required","input":{"userId":"test-user-001","reportType":"GROWTH","targetPeriod":"2026-01","statisticsData":{"previousRate":88,"growthRate":-24,"topicName":"주제#101","currentRate":67}}}]}"
org.springframework.web.client.HttpClientErrorException$UnprocessableEntity: 422 Unprocessable Content on POST request for "http://localhost:8085/ai/reports/generate": "{"detail":[{"type":"missing","loc":["body","user_id"],"msg":"Field required","input":{"userId":"test-user-001","reportType":"GROWTH","targetPeriod":"2026-01","statisticsData":{"previousRate":88,"growthRate":-24,"topicName":"주제#101","currentRate":67}}},{"type":"missing","loc":["body","year_month"],"msg":"Field required","input":{"userId":"test-user-001","reportType":"GROWTH","targetPeriod":"2026-01","statisticsData":{"previousRate":88,"growthRate":-24,"topicName":"주제#101","currentRate":67}}},{"type":"missing","loc":["body","week"],"msg":"Field required","input":{"userId":"test-user-001","reportType":"GROWTH","targetPeriod":"2026-01","statisticsData":{"previousRate":88,"growthRate":-24,"topicName":"주제#101","currentRate":67}}},{"type":"missing","loc":["body","stats_data"],"msg":"Field required","input":{"userId":"test-user-001","reportType":"GROWTH","targetPeriod":"2026-01","statisticsData":{"previousRate":88,"growthRate":-24,"topicName":"주제#101","currentRate":67}}}]}"
	at org.springframework.web.client.HttpClientErrorException.create(HttpClientErrorException.java:133)
	at org.springframework.web.client.DefaultResponseErrorHandler.handleError(DefaultResponseErrorHandler.java:186)
	at org.springframework.web.client.DefaultResponseErrorHandler.handleError(DefaultResponseErrorHandler.java:147)
	at org.springframework.web.client.RestTemplate.handleResponse(RestTemplate.java:953)
	at org.springframework.web.client.RestTemplate.doExecute(RestTemplate.java:902)
	at org.springframework.web.client.RestTemplate.execute(RestTemplate.java:801)
	at org.springframework.web.client.RestTemplate.postForObject(RestTemplate.java:518)
	at com.planit.analytics.adapter.RestApiAdapter.generateReport(RestApiAdapter.java:47)
	at com.planit.analytics.scheduler.ReportGenerationScheduler.generateAndSaveReport(ReportGenerationScheduler.java:215)
	at com.planit.analytics.scheduler.ReportGenerationScheduler.generateMonthlyReportForUser(ReportGenerationScheduler.java:180)
	at java.base/jdk.internal.reflect.NativeMethodAccessorImpl.invoke0(Native Method)
	at java.base/jdk.internal.reflect.NativeMethodAccessorImpl.invoke(NativeMethodAccessorImpl.java:77)
	at java.base/jdk.internal.reflect.DelegatingMethodAccessorImpl.invoke(DelegatingMethodAccessorImpl.java:43)
	at java.base/java.lang.reflect.Method.invoke(Method.java:569)
	at org.springframework.aop.support.AopUtils.invokeJoinpointUsingReflection(AopUtils.java:360)
	at org.springframework.aop.framework.CglibAopProxy$DynamicAdvisedInterceptor.intercept(CglibAopProxy.java:724)
	at com.planit.analytics.scheduler.ReportGenerationScheduler$$SpringCGLIB$$0.generateMonthlyReportForUser(<generated>)
	at com.planit.analytics.controller.BatchController.generateReportForUser(BatchController.java:103)
	at java.base/jdk.internal.reflect.NativeMethodAccessorImpl.invoke0(Native Method)
	at java.base/jdk.internal.reflect.NativeMethodAccessorImpl.invoke(NativeMethodAccessorImpl.java:77)
	at java.base/jdk.internal.reflect.DelegatingMethodAccessorImpl.invoke(DelegatingMethodAccessorImpl.java:43)
	at java.base/java.lang.reflect.Method.invoke(Method.java:569)
	at org.springframework.web.method.support.InvocableHandlerMethod.doInvoke(InvocableHandlerMethod.java:258)
	at org.springframework.web.method.support.InvocableHandlerMethod.invokeForRequest(InvocableHandlerMethod.java:191)
	at org.springframework.web.servlet.mvc.method.annotation.ServletInvocableHandlerMethod.invokeAndHandle(ServletInvocableHandlerMethod.java:118)
	at org.springframework.web.servlet.mvc.method.annotation.RequestMappingHandlerAdapter.invokeHandlerMethod(RequestMappingHandlerAdapter.java:991)
	at org.springframework.web.servlet.mvc.method.annotation.RequestMappingHandlerAdapter.handleInternal(RequestMappingHandlerAdapter.java:896)
	at org.springframework.web.servlet.mvc.method.AbstractHandlerMethodAdapter.handle(AbstractHandlerMethodAdapter.java:87)
	at org.springframework.web.servlet.DispatcherServlet.doDispatch(DispatcherServlet.java:1089)
	at org.springframework.web.servlet.DispatcherServlet.doService(DispatcherServlet.java:979)
	at org.springframework.web.servlet.FrameworkServlet.processRequest(FrameworkServlet.java:1014)
	at org.springframework.web.servlet.FrameworkServlet.doPost(FrameworkServlet.java:914)
	at jakarta.servlet.http.HttpServlet.service(HttpServlet.java:590)
	at org.springframework.web.servlet.FrameworkServlet.service(FrameworkServlet.java:885)
	at jakarta.servlet.http.HttpServlet.service(HttpServlet.java:658)
	at org.apache.catalina.core.ApplicationFilterChain.internalDoFilter(ApplicationFilterChain.java:193)
	at org.apache.catalina.core.ApplicationFilterChain.doFilter(ApplicationFilterChain.java:138)
	at org.apache.tomcat.websocket.server.WsFilter.doFilter(WsFilter.java:51)
	at org.apache.catalina.core.ApplicationFilterChain.internalDoFilter(ApplicationFilterChain.java:162)
	at org.apache.catalina.core.ApplicationFilterChain.doFilter(ApplicationFilterChain.java:138)
	at org.springframework.web.filter.RequestContextFilter.doFilterInternal(RequestContextFilter.java:100)
	at org.springframework.web.filter.OncePerRequestFilter.doFilter(OncePerRequestFilter.java:116)
	at org.apache.catalina.core.ApplicationFilterChain.internalDoFilter(ApplicationFilterChain.java:162)
	at org.apache.catalina.core.ApplicationFilterChain.doFilter(ApplicationFilterChain.java:138)
	at org.springframework.web.filter.FormContentFilter.doFilterInternal(FormContentFilter.java:93)
	at org.springframework.web.filter.OncePerRequestFilter.doFilter(OncePerRequestFilter.java:116)
	at org.apache.catalina.core.ApplicationFilterChain.internalDoFilter(ApplicationFilterChain.java:162)
	at org.apache.catalina.core.ApplicationFilterChain.doFilter(ApplicationFilterChain.java:138)
	at org.springframework.web.filter.ServerHttpObservationFilter.doFilterInternal(ServerHttpObservationFilter.java:110)
	at org.springframework.web.filter.OncePerRequestFilter.doFilter(OncePerRequestFilter.java:116)
	at org.apache.catalina.core.ApplicationFilterChain.internalDoFilter(ApplicationFilterChain.java:162)
	at org.apache.catalina.core.ApplicationFilterChain.doFilter(ApplicationFilterChain.java:138)
	at org.springframework.web.filter.CharacterEncodingFilter.doFilterInternal(CharacterEncodingFilter.java:201)
	at org.springframework.web.filter.OncePerRequestFilter.doFilter(OncePerRequestFilter.java:116)
	at org.apache.catalina.core.ApplicationFilterChain.internalDoFilter(ApplicationFilterChain.java:162)
	at org.apache.catalina.core.ApplicationFilterChain.doFilter(ApplicationFilterChain.java:138)
	at org.apache.catalina.core.StandardWrapperValve.invoke(StandardWrapperValve.java:165)
	at org.apache.catalina.core.StandardContextValve.invoke(StandardContextValve.java:88)
	at org.apache.catalina.authenticator.AuthenticatorBase.invoke(AuthenticatorBase.java:492)
	at org.apache.catalina.core.StandardHostValve.invoke(StandardHostValve.java:113)
	at org.apache.catalina.valves.ErrorReportValve.invoke(ErrorReportValve.java:83)
	at org.apache.catalina.core.StandardEngineValve.invoke(StandardEngineValve.java:72)
	at org.apache.catalina.connector.CoyoteAdapter.service(CoyoteAdapter.java:342)
	at org.apache.coyote.http11.Http11Processor.service(Http11Processor.java:399)
	at org.apache.coyote.AbstractProcessorLight.process(AbstractProcessorLight.java:63)
	at org.apache.coyote.AbstractProtocol$ConnectionHandler.process(AbstractProtocol.java:903)
	at org.apache.tomcat.util.net.NioEndpoint$SocketProcessor.doRun(NioEndpoint.java:1775)
	at org.apache.tomcat.util.net.SocketProcessorBase.run(SocketProcessorBase.java:52)
	at org.apache.tomcat.util.threads.ThreadPoolExecutor.runWorker(ThreadPoolExecutor.java:973)
	at org.apache.tomcat.util.threads.ThreadPoolExecutor$Worker.run(ThreadPoolExecutor.java:491)
	at org.apache.tomcat.util.threads.TaskThread$WrappingRunnable.run(TaskThread.java:63)
	at java.base/java.lang.Thread.run(Thread.java:840)
2026-03-07 23:23:26 WARN  [69ac34de789dd036c5ebdaf9ff0d1f71] [http-nio-8084-exec-2] c.p.a.s.ReportGenerationScheduler : AI report generation failed for user: test-user-001, type: GROWTH, error: Service B 호출 실패: 422 Unprocessable Content on POST request for "http://localhost:8085/ai/reports/generate": "{"detail":[{"type":"missing","loc":["body","user_id"],"msg":"Field required","input":{"userId":"test-user-001","reportType":"GROWTH","targetPeriod":"2026-01","statisticsData":{"previousRate":88,"growthRate":-24,"topicName":"주제#101","currentRate":67}}},{"type":"missing","loc":["body","year_month"],"msg":"Field required","input":{"userId":"test-user-001","reportType":"GROWTH","targetPeriod":"2026-01","statisticsData":{"previousRate":88,"growthRate":-24,"topicName":"주제#101","currentRate":67}}},{"type":"missing","loc":["body","week"],"msg":"Field required","input":{"userId":"test-user-001","reportType":"GROWTH","targetPeriod":"2026-01","statisticsData":{"previousRate":88,"growthRate":-24,"topicName":"주제#101","currentRate":67}}},{"type":"missing","loc":["body","stats_data"],"msg":"Field required","input":{"userId":"test-user-001","reportType":"GROWTH","targetPeriod":"2026-01","statisticsData":{"previousRate":88,"growthRate":-24,"topicName":"주제#101","currentRate":67}}}]}"
2026-03-07 23:23:26 INFO  [69ac34de789dd036c5ebdaf9ff0d1f71] [http-nio-8084-exec-2] c.p.analytics.adapter.RestApiAdapter : Calling Service B via REST API: http://localhost:8085 for user: test-user-001, reportType: TIMELINE
2026-03-07 23:23:26 ERROR [69ac34de789dd036c5ebdaf9ff0d1f71] [http-nio-8084-exec-2] c.p.analytics.adapter.RestApiAdapter : Failed to call Service B for user: test-user-001, error: 422 Unprocessable Content on POST request for "http://localhost:8085/ai/reports/generate": "{"detail":[{"type":"missing","loc":["body","user_id"],"msg":"Field required","input":{"userId":"test-user-001","reportType":"TIMELINE","targetPeriod":"2026-01","statisticsData":{"chartData":[{"month":"8월","rate":0},{"month":"9월","rate":0},{"month":"10월","rate":0},{"month":"11월","rate":0},{"month":"12월","rate":88},{"month":"1월","rate":67}]}}},{"type":"missing","loc":["body","year_month"],"msg":"Field required","input":{"userId":"test-user-001","reportType":"TIMELINE","targetPeriod":"2026-01","statisticsData":{"chartData":[{"month":"8월","rate":0},{"month":"9월","rate":0},{"month":"10월","rate":0},{"month":"11월","rate":0},{"month":"12월","rate":88},{"month":"1월","rate":67}]}}},{"type":"missing","loc":["body","week"],"msg":"Field required","input":{"userId":"test-user-001","reportType":"TIMELINE","targetPeriod":"2026-01","statisticsData":{"chartData":[{"month":"8월","rate":0},{"month":"9월","rate":0},{"month":"10월","rate":0},{"month":"11월","rate":0},{"month":"12월","rate":88},{"month":"1월","rate":67}]}}},{"type":"missing","loc":["body","stats_data"],"msg":"Field required","input":{"userId":"test-user-001","reportType":"TIMELINE","targetPeriod":"2026-01","statisticsData":{"chartData":[{"month":"8월","rate":0},{"month":"9월","rate":0},{"month":"10월","rate":0},{"month":"11월","rate":0},{"month":"12월","rate":88},{"month":"1월","rate":67}]}}}]}"
org.springframework.web.client.HttpClientErrorException$UnprocessableEntity: 422 Unprocessable Content on POST request for "http://localhost:8085/ai/reports/generate": "{"detail":[{"type":"missing","loc":["body","user_id"],"msg":"Field required","input":{"userId":"test-user-001","reportType":"TIMELINE","targetPeriod":"2026-01","statisticsData":{"chartData":[{"month":"8월","rate":0},{"month":"9월","rate":0},{"month":"10월","rate":0},{"month":"11월","rate":0},{"month":"12월","rate":88},{"month":"1월","rate":67}]}}},{"type":"missing","loc":["body","year_month"],"msg":"Field required","input":{"userId":"test-user-001","reportType":"TIMELINE","targetPeriod":"2026-01","statisticsData":{"chartData":[{"month":"8월","rate":0},{"month":"9월","rate":0},{"month":"10월","rate":0},{"month":"11월","rate":0},{"month":"12월","rate":88},{"month":"1월","rate":67}]}}},{"type":"missing","loc":["body","week"],"msg":"Field required","input":{"userId":"test-user-001","reportType":"TIMELINE","targetPeriod":"2026-01","statisticsData":{"chartData":[{"month":"8월","rate":0},{"month":"9월","rate":0},{"month":"10월","rate":0},{"month":"11월","rate":0},{"month":"12월","rate":88},{"month":"1월","rate":67}]}}},{"type":"missing","loc":["body","stats_data"],"msg":"Field required","input":{"userId":"test-user-001","reportType":"TIMELINE","targetPeriod":"2026-01","statisticsData":{"chartData":[{"month":"8월","rate":0},{"month":"9월","rate":0},{"month":"10월","rate":0},{"month":"11월","rate":0},{"month":"12월","rate":88},{"month":"1월","rate":67}]}}}]}"
	at org.springframework.web.client.HttpClientErrorException.create(HttpClientErrorException.java:133)
	at org.springframework.web.client.DefaultResponseErrorHandler.handleError(DefaultResponseErrorHandler.java:186)
	at org.springframework.web.client.DefaultResponseErrorHandler.handleError(DefaultResponseErrorHandler.java:147)
	at org.springframework.web.client.RestTemplate.handleResponse(RestTemplate.java:953)
	at org.springframework.web.client.RestTemplate.doExecute(RestTemplate.java:902)
	at org.springframework.web.client.RestTemplate.execute(RestTemplate.java:801)
	at org.springframework.web.client.RestTemplate.postForObject(RestTemplate.java:518)
	at com.planit.analytics.adapter.RestApiAdapter.generateReport(RestApiAdapter.java:47)
	at com.planit.analytics.scheduler.ReportGenerationScheduler.generateAndSaveReport(ReportGenerationScheduler.java:215)
	at com.planit.analytics.scheduler.ReportGenerationScheduler.generateMonthlyReportForUser(ReportGenerationScheduler.java:184)
	at java.base/jdk.internal.reflect.NativeMethodAccessorImpl.invoke0(Native Method)
	at java.base/jdk.internal.reflect.NativeMethodAccessorImpl.invoke(NativeMethodAccessorImpl.java:77)
	at java.base/jdk.internal.reflect.DelegatingMethodAccessorImpl.invoke(DelegatingMethodAccessorImpl.java:43)
	at java.base/java.lang.reflect.Method.invoke(Method.java:569)
	at org.springframework.aop.support.AopUtils.invokeJoinpointUsingReflection(AopUtils.java:360)
	at org.springframework.aop.framework.CglibAopProxy$DynamicAdvisedInterceptor.intercept(CglibAopProxy.java:724)
	at com.planit.analytics.scheduler.ReportGenerationScheduler$$SpringCGLIB$$0.generateMonthlyReportForUser(<generated>)
	at com.planit.analytics.controller.BatchController.generateReportForUser(BatchController.java:103)
	at java.base/jdk.internal.reflect.NativeMethodAccessorImpl.invoke0(Native Method)
	at java.base/jdk.internal.reflect.NativeMethodAccessorImpl.invoke(NativeMethodAccessorImpl.java:77)
	at java.base/jdk.internal.reflect.DelegatingMethodAccessorImpl.invoke(DelegatingMethodAccessorImpl.java:43)
	at java.base/java.lang.reflect.Method.invoke(Method.java:569)
	at org.springframework.web.method.support.InvocableHandlerMethod.doInvoke(InvocableHandlerMethod.java:258)
	at org.springframework.web.method.support.InvocableHandlerMethod.invokeForRequest(InvocableHandlerMethod.java:191)
	at org.springframework.web.servlet.mvc.method.annotation.ServletInvocableHandlerMethod.invokeAndHandle(ServletInvocableHandlerMethod.java:118)
	at org.springframework.web.servlet.mvc.method.annotation.RequestMappingHandlerAdapter.invokeHandlerMethod(RequestMappingHandlerAdapter.java:991)
	at org.springframework.web.servlet.mvc.method.annotation.RequestMappingHandlerAdapter.handleInternal(RequestMappingHandlerAdapter.java:896)
	at org.springframework.web.servlet.mvc.method.AbstractHandlerMethodAdapter.handle(AbstractHandlerMethodAdapter.java:87)
	at org.springframework.web.servlet.DispatcherServlet.doDispatch(DispatcherServlet.java:1089)
	at org.springframework.web.servlet.DispatcherServlet.doService(DispatcherServlet.java:979)
	at org.springframework.web.servlet.FrameworkServlet.processRequest(FrameworkServlet.java:1014)
	at org.springframework.web.servlet.FrameworkServlet.doPost(FrameworkServlet.java:914)
	at jakarta.servlet.http.HttpServlet.service(HttpServlet.java:590)
	at org.springframework.web.servlet.FrameworkServlet.service(FrameworkServlet.java:885)
	at jakarta.servlet.http.HttpServlet.service(HttpServlet.java:658)
	at org.apache.catalina.core.ApplicationFilterChain.internalDoFilter(ApplicationFilterChain.java:193)
	at org.apache.catalina.core.ApplicationFilterChain.doFilter(ApplicationFilterChain.java:138)
	at org.apache.tomcat.websocket.server.WsFilter.doFilter(WsFilter.java:51)
	at org.apache.catalina.core.ApplicationFilterChain.internalDoFilter(ApplicationFilterChain.java:162)
	at org.apache.catalina.core.ApplicationFilterChain.doFilter(ApplicationFilterChain.java:138)
	at org.springframework.web.filter.RequestContextFilter.doFilterInternal(RequestContextFilter.java:100)
	at org.springframework.web.filter.OncePerRequestFilter.doFilter(OncePerRequestFilter.java:116)
	at org.apache.catalina.core.ApplicationFilterChain.internalDoFilter(ApplicationFilterChain.java:162)
	at org.apache.catalina.core.ApplicationFilterChain.doFilter(ApplicationFilterChain.java:138)
	at org.springframework.web.filter.FormContentFilter.doFilterInternal(FormContentFilter.java:93)
	at org.springframework.web.filter.OncePerRequestFilter.doFilter(OncePerRequestFilter.java:116)
	at org.apache.catalina.core.ApplicationFilterChain.internalDoFilter(ApplicationFilterChain.java:162)
	at org.apache.catalina.core.ApplicationFilterChain.doFilter(ApplicationFilterChain.java:138)
	at org.springframework.web.filter.ServerHttpObservationFilter.doFilterInternal(ServerHttpObservationFilter.java:110)
	at org.springframework.web.filter.OncePerRequestFilter.doFilter(OncePerRequestFilter.java:116)
	at org.apache.catalina.core.ApplicationFilterChain.internalDoFilter(ApplicationFilterChain.java:162)
	at org.apache.catalina.core.ApplicationFilterChain.doFilter(ApplicationFilterChain.java:138)
	at org.springframework.web.filter.CharacterEncodingFilter.doFilterInternal(CharacterEncodingFilter.java:201)
	at org.springframework.web.filter.OncePerRequestFilter.doFilter(OncePerRequestFilter.java:116)
	at org.apache.catalina.core.ApplicationFilterChain.internalDoFilter(ApplicationFilterChain.java:162)
	at org.apache.catalina.core.ApplicationFilterChain.doFilter(ApplicationFilterChain.java:138)
	at org.apache.catalina.core.StandardWrapperValve.invoke(StandardWrapperValve.java:165)
	at org.apache.catalina.core.StandardContextValve.invoke(StandardContextValve.java:88)
	at org.apache.catalina.authenticator.AuthenticatorBase.invoke(AuthenticatorBase.java:492)
	at org.apache.catalina.core.StandardHostValve.invoke(StandardHostValve.java:113)
	at org.apache.catalina.valves.ErrorReportValve.invoke(ErrorReportValve.java:83)
	at org.apache.catalina.core.StandardEngineValve.invoke(StandardEngineValve.java:72)
	at org.apache.catalina.connector.CoyoteAdapter.service(CoyoteAdapter.java:342)
	at org.apache.coyote.http11.Http11Processor.service(Http11Processor.java:399)
	at org.apache.coyote.AbstractProcessorLight.process(AbstractProcessorLight.java:63)
	at org.apache.coyote.AbstractProtocol$ConnectionHandler.process(AbstractProtocol.java:903)
	at org.apache.tomcat.util.net.NioEndpoint$SocketProcessor.doRun(NioEndpoint.java:1775)
	at org.apache.tomcat.util.net.SocketProcessorBase.run(SocketProcessorBase.java:52)
	at org.apache.tomcat.util.threads.ThreadPoolExecutor.runWorker(ThreadPoolExecutor.java:973)
	at org.apache.tomcat.util.threads.ThreadPoolExecutor$Worker.run(ThreadPoolExecutor.java:491)
	at org.apache.tomcat.util.threads.TaskThread$WrappingRunnable.run(TaskThread.java:63)
	at java.base/java.lang.Thread.run(Thread.java:840)
2026-03-07 23:23:26 WARN  [69ac34de789dd036c5ebdaf9ff0d1f71] [http-nio-8084-exec-2] c.p.a.s.ReportGenerationScheduler : AI report generation failed for user: test-user-001, type: TIMELINE, error: Service B 호출 실패: 422 Unprocessable Content on POST request for "http://localhost:8085/ai/reports/generate": "{"detail":[{"type":"missing","loc":["body","user_id"],"msg":"Field required","input":{"userId":"test-user-001","reportType":"TIMELINE","targetPeriod":"2026-01","statisticsData":{"chartData":[{"month":"8월","rate":0},{"month":"9월","rate":0},{"month":"10월","rate":0},{"month":"11월","rate":0},{"month":"12월","rate":88},{"month":"1월","rate":67}]}}},{"type":"missing","loc":["body","year_month"],"msg":"Field required","input":{"userId":"test-user-001","reportType":"TIMELINE","targetPeriod":"2026-01","statisticsData":{"chartData":[{"month":"8월","rate":0},{"month":"9월","rate":0},{"month":"10월","rate":0},{"month":"11월","rate":0},{"month":"12월","rate":88},{"month":"1월","rate":67}]}}},{"type":"missing","loc":["body","week"],"msg":"Field required","input":{"userId":"test-user-001","reportType":"TIMELINE","targetPeriod":"2026-01","statisticsData":{"chartData":[{"month":"8월","rate":0},{"month":"9월","rate":0},{"month":"10월","rate":0},{"month":"11월","rate":0},{"month":"12월","rate":88},{"month":"1월","rate":67}]}}},{"type":"missing","loc":["body","stats_data"],"msg":"Field required","input":{"userId":"test-user-001","reportType":"TIMELINE","targetPeriod":"2026-01","statisticsData":{"chartData":[{"month":"8월","rate":0},{"month":"9월","rate":0},{"month":"10월","rate":0},{"month":"11월","rate":0},{"month":"12월","rate":88},{"month":"1월","rate":67}]}}}]}"
2026-03-07 23:23:26 INFO  [69ac34de789dd036c5ebdaf9ff0d1f71] [http-nio-8084-exec-2] c.p.analytics.adapter.RestApiAdapter : Calling Service B via REST API: http://localhost:8085 for user: test-user-001, reportType: PATTERN
2026-03-07 23:23:26 ERROR [69ac34de789dd036c5ebdaf9ff0d1f71] [http-nio-8084-exec-2] c.p.analytics.adapter.RestApiAdapter : Failed to call Service B for user: test-user-001, error: 422 Unprocessable Content on POST request for "http://localhost:8085/ai/reports/generate": "{"detail":[{"type":"missing","loc":["body","user_id"],"msg":"Field required","input":{"userId":"test-user-001","reportType":"PATTERN","targetPeriod":"2026-01","statisticsData":{"worstDay":"THURSDAY","avgPostponeCount":1,"chart":[{"count":0,"day":"MONDAY"},{"count":1,"day":"TUESDAY"},{"count":0,"day":"WEDNESDAY"},{"count":2,"day":"THURSDAY"},{"count":0,"day":"FRIDAY"},{"count":0,"day":"SATURDAY"},{"count":0,"day":"SUNDAY"}]}}},{"type":"missing","loc":["body","year_month"],"msg":"Field required","input":{"userId":"test-user-001","reportType":"PATTERN","targetPeriod":"2026-01","statisticsData":{"worstDay":"THURSDAY","avgPostponeCount":1,"chart":[{"count":0,"day":"MONDAY"},{"count":1,"day":"TUESDAY"},{"count":0,"day":"WEDNESDAY"},{"count":2,"day":"THURSDAY"},{"count":0,"day":"FRIDAY"},{"count":0,"day":"SATURDAY"},{"count":0,"day":"SUNDAY"}]}}},{"type":"missing","loc":["body","week"],"msg":"Field required","input":{"userId":"test-user-001","reportType":"PATTERN","targetPeriod":"2026-01","statisticsData":{"worstDay":"THURSDAY","avgPostponeCount":1,"chart":[{"count":0,"day":"MONDAY"},{"count":1,"day":"TUESDAY"},{"count":0,"day":"WEDNESDAY"},{"count":2,"day":"THURSDAY"},{"count":0,"day":"FRIDAY"},{"count":0,"day":"SATURDAY"},{"count":0,"day":"SUNDAY"}]}}},{"type":"missing","loc":["body","stats_data"],"msg":"Field required","input":{"userId":"test-user-001","reportType":"PATTERN","targetPeriod":"2026-01","statisticsData":{"worstDay":"THURSDAY","avgPostponeCount":1,"chart":[{"count":0,"day":"MONDAY"},{"count":1,"day":"TUESDAY"},{"count":0,"day":"WEDNESDAY"},{"count":2,"day":"THURSDAY"},{"count":0,"day":"FRIDAY"},{"count":0,"day":"SATURDAY"},{"count":0,"day":"SUNDAY"}]}}}]}"
org.springframework.web.client.HttpClientErrorException$UnprocessableEntity: 422 Unprocessable Content on POST request for "http://localhost:8085/ai/reports/generate": "{"detail":[{"type":"missing","loc":["body","user_id"],"msg":"Field required","input":{"userId":"test-user-001","reportType":"PATTERN","targetPeriod":"2026-01","statisticsData":{"worstDay":"THURSDAY","avgPostponeCount":1,"chart":[{"count":0,"day":"MONDAY"},{"count":1,"day":"TUESDAY"},{"count":0,"day":"WEDNESDAY"},{"count":2,"day":"THURSDAY"},{"count":0,"day":"FRIDAY"},{"count":0,"day":"SATURDAY"},{"count":0,"day":"SUNDAY"}]}}},{"type":"missing","loc":["body","year_month"],"msg":"Field required","input":{"userId":"test-user-001","reportType":"PATTERN","targetPeriod":"2026-01","statisticsData":{"worstDay":"THURSDAY","avgPostponeCount":1,"chart":[{"count":0,"day":"MONDAY"},{"count":1,"day":"TUESDAY"},{"count":0,"day":"WEDNESDAY"},{"count":2,"day":"THURSDAY"},{"count":0,"day":"FRIDAY"},{"count":0,"day":"SATURDAY"},{"count":0,"day":"SUNDAY"}]}}},{"type":"missing","loc":["body","week"],"msg":"Field required","input":{"userId":"test-user-001","reportType":"PATTERN","targetPeriod":"2026-01","statisticsData":{"worstDay":"THURSDAY","avgPostponeCount":1,"chart":[{"count":0,"day":"MONDAY"},{"count":1,"day":"TUESDAY"},{"count":0,"day":"WEDNESDAY"},{"count":2,"day":"THURSDAY"},{"count":0,"day":"FRIDAY"},{"count":0,"day":"SATURDAY"},{"count":0,"day":"SUNDAY"}]}}},{"type":"missing","loc":["body","stats_data"],"msg":"Field required","input":{"userId":"test-user-001","reportType":"PATTERN","targetPeriod":"2026-01","statisticsData":{"worstDay":"THURSDAY","avgPostponeCount":1,"chart":[{"count":0,"day":"MONDAY"},{"count":1,"day":"TUESDAY"},{"count":0,"day":"WEDNESDAY"},{"count":2,"day":"THURSDAY"},{"count":0,"day":"FRIDAY"},{"count":0,"day":"SATURDAY"},{"count":0,"day":"SUNDAY"}]}}}]}"
	at org.springframework.web.client.HttpClientErrorException.create(HttpClientErrorException.java:133)
	at org.springframework.web.client.DefaultResponseErrorHandler.handleError(DefaultResponseErrorHandler.java:186)
	at org.springframework.web.client.DefaultResponseErrorHandler.handleError(DefaultResponseErrorHandler.java:147)
	at org.springframework.web.client.RestTemplate.handleResponse(RestTemplate.java:953)
	at org.springframework.web.client.RestTemplate.doExecute(RestTemplate.java:902)
	at org.springframework.web.client.RestTemplate.execute(RestTemplate.java:801)
	at org.springframework.web.client.RestTemplate.postForObject(RestTemplate.java:518)
	at com.planit.analytics.adapter.RestApiAdapter.generateReport(RestApiAdapter.java:47)
	at com.planit.analytics.scheduler.ReportGenerationScheduler.generateAndSaveReport(ReportGenerationScheduler.java:215)
	at com.planit.analytics.scheduler.ReportGenerationScheduler.generateMonthlyReportForUser(ReportGenerationScheduler.java:188)
	at java.base/jdk.internal.reflect.NativeMethodAccessorImpl.invoke0(Native Method)
	at java.base/jdk.internal.reflect.NativeMethodAccessorImpl.invoke(NativeMethodAccessorImpl.java:77)
	at java.base/jdk.internal.reflect.DelegatingMethodAccessorImpl.invoke(DelegatingMethodAccessorImpl.java:43)
	at java.base/java.lang.reflect.Method.invoke(Method.java:569)
	at org.springframework.aop.support.AopUtils.invokeJoinpointUsingReflection(AopUtils.java:360)
	at org.springframework.aop.framework.CglibAopProxy$DynamicAdvisedInterceptor.intercept(CglibAopProxy.java:724)
	at com.planit.analytics.scheduler.ReportGenerationScheduler$$SpringCGLIB$$0.generateMonthlyReportForUser(<generated>)
	at com.planit.analytics.controller.BatchController.generateReportForUser(BatchController.java:103)
	at java.base/jdk.internal.reflect.NativeMethodAccessorImpl.invoke0(Native Method)
	at java.base/jdk.internal.reflect.NativeMethodAccessorImpl.invoke(NativeMethodAccessorImpl.java:77)
	at java.base/jdk.internal.reflect.DelegatingMethodAccessorImpl.invoke(DelegatingMethodAccessorImpl.java:43)
	at java.base/java.lang.reflect.Method.invoke(Method.java:569)
	at org.springframework.web.method.support.InvocableHandlerMethod.doInvoke(InvocableHandlerMethod.java:258)
	at org.springframework.web.method.support.InvocableHandlerMethod.invokeForRequest(InvocableHandlerMethod.java:191)
	at org.springframework.web.servlet.mvc.method.annotation.ServletInvocableHandlerMethod.invokeAndHandle(ServletInvocableHandlerMethod.java:118)
	at org.springframework.web.servlet.mvc.method.annotation.RequestMappingHandlerAdapter.invokeHandlerMethod(RequestMappingHandlerAdapter.java:991)
	at org.springframework.web.servlet.mvc.method.annotation.RequestMappingHandlerAdapter.handleInternal(RequestMappingHandlerAdapter.java:896)
	at org.springframework.web.servlet.mvc.method.AbstractHandlerMethodAdapter.handle(AbstractHandlerMethodAdapter.java:87)
	at org.springframework.web.servlet.DispatcherServlet.doDispatch(DispatcherServlet.java:1089)
	at org.springframework.web.servlet.DispatcherServlet.doService(DispatcherServlet.java:979)
	at org.springframework.web.servlet.FrameworkServlet.processRequest(FrameworkServlet.java:1014)
	at org.springframework.web.servlet.FrameworkServlet.doPost(FrameworkServlet.java:914)
	at jakarta.servlet.http.HttpServlet.service(HttpServlet.java:590)
	at org.springframework.web.servlet.FrameworkServlet.service(FrameworkServlet.java:885)
	at jakarta.servlet.http.HttpServlet.service(HttpServlet.java:658)
	at org.apache.catalina.core.ApplicationFilterChain.internalDoFilter(ApplicationFilterChain.java:193)
	at org.apache.catalina.core.ApplicationFilterChain.doFilter(ApplicationFilterChain.java:138)
	at org.apache.tomcat.websocket.server.WsFilter.doFilter(WsFilter.java:51)
	at org.apache.catalina.core.ApplicationFilterChain.internalDoFilter(ApplicationFilterChain.java:162)
	at org.apache.catalina.core.ApplicationFilterChain.doFilter(ApplicationFilterChain.java:138)
	at org.springframework.web.filter.RequestContextFilter.doFilterInternal(RequestContextFilter.java:100)
	at org.springframework.web.filter.OncePerRequestFilter.doFilter(OncePerRequestFilter.java:116)
	at org.apache.catalina.core.ApplicationFilterChain.internalDoFilter(ApplicationFilterChain.java:162)
	at org.apache.catalina.core.ApplicationFilterChain.doFilter(ApplicationFilterChain.java:138)
	at org.springframework.web.filter.FormContentFilter.doFilterInternal(FormContentFilter.java:93)
	at org.springframework.web.filter.OncePerRequestFilter.doFilter(OncePerRequestFilter.java:116)
	at org.apache.catalina.core.ApplicationFilterChain.internalDoFilter(ApplicationFilterChain.java:162)
	at org.apache.catalina.core.ApplicationFilterChain.doFilter(ApplicationFilterChain.java:138)
	at org.springframework.web.filter.ServerHttpObservationFilter.doFilterInternal(ServerHttpObservationFilter.java:110)
	at org.springframework.web.filter.OncePerRequestFilter.doFilter(OncePerRequestFilter.java:116)
	at org.apache.catalina.core.ApplicationFilterChain.internalDoFilter(ApplicationFilterChain.java:162)
	at org.apache.catalina.core.ApplicationFilterChain.doFilter(ApplicationFilterChain.java:138)
	at org.springframework.web.filter.CharacterEncodingFilter.doFilterInternal(CharacterEncodingFilter.java:201)
	at org.springframework.web.filter.OncePerRequestFilter.doFilter(OncePerRequestFilter.java:116)
	at org.apache.catalina.core.ApplicationFilterChain.internalDoFilter(ApplicationFilterChain.java:162)
	at org.apache.catalina.core.ApplicationFilterChain.doFilter(ApplicationFilterChain.java:138)
	at org.apache.catalina.core.StandardWrapperValve.invoke(StandardWrapperValve.java:165)
	at org.apache.catalina.core.StandardContextValve.invoke(StandardContextValve.java:88)
	at org.apache.catalina.authenticator.AuthenticatorBase.invoke(AuthenticatorBase.java:492)
	at org.apache.catalina.core.StandardHostValve.invoke(StandardHostValve.java:113)
	at org.apache.catalina.valves.ErrorReportValve.invoke(ErrorReportValve.java:83)
	at org.apache.catalina.core.StandardEngineValve.invoke(StandardEngineValve.java:72)
	at org.apache.catalina.connector.CoyoteAdapter.service(CoyoteAdapter.java:342)
	at org.apache.coyote.http11.Http11Processor.service(Http11Processor.java:399)
	at org.apache.coyote.AbstractProcessorLight.process(AbstractProcessorLight.java:63)
	at org.apache.coyote.AbstractProtocol$ConnectionHandler.process(AbstractProtocol.java:903)
	at org.apache.tomcat.util.net.NioEndpoint$SocketProcessor.doRun(NioEndpoint.java:1775)
	at org.apache.tomcat.util.net.SocketProcessorBase.run(SocketProcessorBase.java:52)
	at org.apache.tomcat.util.threads.ThreadPoolExecutor.runWorker(ThreadPoolExecutor.java:973)
	at org.apache.tomcat.util.threads.ThreadPoolExecutor$Worker.run(ThreadPoolExecutor.java:491)
	at org.apache.tomcat.util.threads.TaskThread$WrappingRunnable.run(TaskThread.java:63)
	at java.base/java.lang.Thread.run(Thread.java:840)
2026-03-07 23:23:26 WARN  [69ac34de789dd036c5ebdaf9ff0d1f71] [http-nio-8084-exec-2] c.p.a.s.ReportGenerationScheduler : AI report generation failed for user: test-user-001, type: PATTERN, error: Service B 호출 실패: 422 Unprocessable Content on POST request for "http://localhost:8085/ai/reports/generate": "{"detail":[{"type":"missing","loc":["body","user_id"],"msg":"Field required","input":{"userId":"test-user-001","reportType":"PATTERN","targetPeriod":"2026-01","statisticsData":{"worstDay":"THURSDAY","avgPostponeCount":1,"chart":[{"count":0,"day":"MONDAY"},{"count":1,"day":"TUESDAY"},{"count":0,"day":"WEDNESDAY"},{"count":2,"day":"THURSDAY"},{"count":0,"day":"FRIDAY"},{"count":0,"day":"SATURDAY"},{"count":0,"day":"SUNDAY"}]}}},{"type":"missing","loc":["body","year_month"],"msg":"Field required","input":{"userId":"test-user-001","reportType":"PATTERN","targetPeriod":"2026-01","statisticsData":{"worstDay":"THURSDAY","avgPostponeCount":1,"chart":[{"count":0,"day":"MONDAY"},{"count":1,"day":"TUESDAY"},{"count":0,"day":"WEDNESDAY"},{"count":2,"day":"THURSDAY"},{"count":0,"day":"FRIDAY"},{"count":0,"day":"SATURDAY"},{"count":0,"day":"SUNDAY"}]}}},{"type":"missing","loc":["body","week"],"msg":"Field required","input":{"userId":"test-user-001","reportType":"PATTERN","targetPeriod":"2026-01","statisticsData":{"worstDay":"THURSDAY","avgPostponeCount":1,"chart":[{"count":0,"day":"MONDAY"},{"count":1,"day":"TUESDAY"},{"count":0,"day":"WEDNESDAY"},{"count":2,"day":"THURSDAY"},{"count":0,"day":"FRIDAY"},{"count":0,"day":"SATURDAY"},{"count":0,"day":"SUNDAY"}]}}},{"type":"missing","loc":["body","stats_data"],"msg":"Field required","input":{"userId":"test-user-001","reportType":"PATTERN","targetPeriod":"2026-01","statisticsData":{"worstDay":"THURSDAY","avgPostponeCount":1,"chart":[{"count":0,"day":"MONDAY"},{"count":1,"day":"TUESDAY"},{"count":0,"day":"WEDNESDAY"},{"count":2,"day":"THURSDAY"},{"count":0,"day":"FRIDAY"},{"count":0,"day":"SATURDAY"},{"count":0,"day":"SUNDAY"}]}}}]}"
2026-03-07 23:23:26 INFO  [69ac34de789dd036c5ebdaf9ff0d1f71] [http-nio-8084-exec-2] c.p.analytics.adapter.RestApiAdapter : Calling Service B via REST API: http://localhost:8085 for user: test-user-001, reportType: SUMMARY
2026-03-07 23:23:26 ERROR [69ac34de789dd036c5ebdaf9ff0d1f71] [http-nio-8084-exec-2] c.p.analytics.adapter.RestApiAdapter : Failed to call Service B for user: test-user-001, error: 422 Unprocessable Content on POST request for "http://localhost:8085/ai/reports/generate": "{"detail":[{"type":"missing","loc":["body","user_id"],"msg":"Field required","input":{"userId":"test-user-001","reportType":"SUMMARY","targetPeriod":"2026-01","statisticsData":{"achievementTrend":"-21%","bestFocusTime":"16:00-18:00","currentRate":67}}},{"type":"missing","loc":["body","year_month"],"msg":"Field required","input":{"userId":"test-user-001","reportType":"SUMMARY","targetPeriod":"2026-01","statisticsData":{"achievementTrend":"-21%","bestFocusTime":"16:00-18:00","currentRate":67}}},{"type":"missing","loc":["body","week"],"msg":"Field required","input":{"userId":"test-user-001","reportType":"SUMMARY","targetPeriod":"2026-01","statisticsData":{"achievementTrend":"-21%","bestFocusTime":"16:00-18:00","currentRate":67}}},{"type":"missing","loc":["body","stats_data"],"msg":"Field required","input":{"userId":"test-user-001","reportType":"SUMMARY","targetPeriod":"2026-01","statisticsData":{"achievementTrend":"-21%","bestFocusTime":"16:00-18:00","currentRate":67}}}]}"
org.springframework.web.client.HttpClientErrorException$UnprocessableEntity: 422 Unprocessable Content on POST request for "http://localhost:8085/ai/reports/generate": "{"detail":[{"type":"missing","loc":["body","user_id"],"msg":"Field required","input":{"userId":"test-user-001","reportType":"SUMMARY","targetPeriod":"2026-01","statisticsData":{"achievementTrend":"-21%","bestFocusTime":"16:00-18:00","currentRate":67}}},{"type":"missing","loc":["body","year_month"],"msg":"Field required","input":{"userId":"test-user-001","reportType":"SUMMARY","targetPeriod":"2026-01","statisticsData":{"achievementTrend":"-21%","bestFocusTime":"16:00-18:00","currentRate":67}}},{"type":"missing","loc":["body","week"],"msg":"Field required","input":{"userId":"test-user-001","reportType":"SUMMARY","targetPeriod":"2026-01","statisticsData":{"achievementTrend":"-21%","bestFocusTime":"16:00-18:00","currentRate":67}}},{"type":"missing","loc":["body","stats_data"],"msg":"Field required","input":{"userId":"test-user-001","reportType":"SUMMARY","targetPeriod":"2026-01","statisticsData":{"achievementTrend":"-21%","bestFocusTime":"16:00-18:00","currentRate":67}}}]}"
	at org.springframework.web.client.HttpClientErrorException.create(HttpClientErrorException.java:133)
	at org.springframework.web.client.DefaultResponseErrorHandler.handleError(DefaultResponseErrorHandler.java:186)
	at org.springframework.web.client.DefaultResponseErrorHandler.handleError(DefaultResponseErrorHandler.java:147)
	at org.springframework.web.client.RestTemplate.handleResponse(RestTemplate.java:953)
	at org.springframework.web.client.RestTemplate.doExecute(RestTemplate.java:902)
	at org.springframework.web.client.RestTemplate.execute(RestTemplate.java:801)
	at org.springframework.web.client.RestTemplate.postForObject(RestTemplate.java:518)
	at com.planit.analytics.adapter.RestApiAdapter.generateReport(RestApiAdapter.java:47)
	at com.planit.analytics.scheduler.ReportGenerationScheduler.generateAndSaveReport(ReportGenerationScheduler.java:215)
	at com.planit.analytics.scheduler.ReportGenerationScheduler.generateMonthlyReportForUser(ReportGenerationScheduler.java:192)
	at java.base/jdk.internal.reflect.NativeMethodAccessorImpl.invoke0(Native Method)
	at java.base/jdk.internal.reflect.NativeMethodAccessorImpl.invoke(NativeMethodAccessorImpl.java:77)
	at java.base/jdk.internal.reflect.DelegatingMethodAccessorImpl.invoke(DelegatingMethodAccessorImpl.java:43)
	at java.base/java.lang.reflect.Method.invoke(Method.java:569)
	at org.springframework.aop.support.AopUtils.invokeJoinpointUsingReflection(AopUtils.java:360)
	at org.springframework.aop.framework.CglibAopProxy$DynamicAdvisedInterceptor.intercept(CglibAopProxy.java:724)
	at com.planit.analytics.scheduler.ReportGenerationScheduler$$SpringCGLIB$$0.generateMonthlyReportForUser(<generated>)
	at com.planit.analytics.controller.BatchController.generateReportForUser(BatchController.java:103)
	at java.base/jdk.internal.reflect.NativeMethodAccessorImpl.invoke0(Native Method)
	at java.base/jdk.internal.reflect.NativeMethodAccessorImpl.invoke(NativeMethodAccessorImpl.java:77)
	at java.base/jdk.internal.reflect.DelegatingMethodAccessorImpl.invoke(DelegatingMethodAccessorImpl.java:43)
	at java.base/java.lang.reflect.Method.invoke(Method.java:569)
	at org.springframework.web.method.support.InvocableHandlerMethod.doInvoke(InvocableHandlerMethod.java:258)
	at org.springframework.web.method.support.InvocableHandlerMethod.invokeForRequest(InvocableHandlerMethod.java:191)
	at org.springframework.web.servlet.mvc.method.annotation.ServletInvocableHandlerMethod.invokeAndHandle(ServletInvocableHandlerMethod.java:118)
	at org.springframework.web.servlet.mvc.method.annotation.RequestMappingHandlerAdapter.invokeHandlerMethod(RequestMappingHandlerAdapter.java:991)
	at org.springframework.web.servlet.mvc.method.annotation.RequestMappingHandlerAdapter.handleInternal(RequestMappingHandlerAdapter.java:896)
	at org.springframework.web.servlet.mvc.method.AbstractHandlerMethodAdapter.handle(AbstractHandlerMethodAdapter.java:87)
	at org.springframework.web.servlet.DispatcherServlet.doDispatch(DispatcherServlet.java:1089)
	at org.springframework.web.servlet.DispatcherServlet.doService(DispatcherServlet.java:979)
	at org.springframework.web.servlet.FrameworkServlet.processRequest(FrameworkServlet.java:1014)
	at org.springframework.web.servlet.FrameworkServlet.doPost(FrameworkServlet.java:914)
	at jakarta.servlet.http.HttpServlet.service(HttpServlet.java:590)
	at org.springframework.web.servlet.FrameworkServlet.service(FrameworkServlet.java:885)
	at jakarta.servlet.http.HttpServlet.service(HttpServlet.java:658)
	at org.apache.catalina.core.ApplicationFilterChain.internalDoFilter(ApplicationFilterChain.java:193)
	at org.apache.catalina.core.ApplicationFilterChain.doFilter(ApplicationFilterChain.java:138)
	at org.apache.tomcat.websocket.server.WsFilter.doFilter(WsFilter.java:51)
	at org.apache.catalina.core.ApplicationFilterChain.internalDoFilter(ApplicationFilterChain.java:162)
	at org.apache.catalina.core.ApplicationFilterChain.doFilter(ApplicationFilterChain.java:138)
	at org.springframework.web.filter.RequestContextFilter.doFilterInternal(RequestContextFilter.java:100)
	at org.springframework.web.filter.OncePerRequestFilter.doFilter(OncePerRequestFilter.java:116)
	at org.apache.catalina.core.ApplicationFilterChain.internalDoFilter(ApplicationFilterChain.java:162)
	at org.apache.catalina.core.ApplicationFilterChain.doFilter(ApplicationFilterChain.java:138)
	at org.springframework.web.filter.FormContentFilter.doFilterInternal(FormContentFilter.java:93)
	at org.springframework.web.filter.OncePerRequestFilter.doFilter(OncePerRequestFilter.java:116)
	at org.apache.catalina.core.ApplicationFilterChain.internalDoFilter(ApplicationFilterChain.java:162)
	at org.apache.catalina.core.ApplicationFilterChain.doFilter(ApplicationFilterChain.java:138)
	at org.springframework.web.filter.ServerHttpObservationFilter.doFilterInternal(ServerHttpObservationFilter.java:110)
	at org.springframework.web.filter.OncePerRequestFilter.doFilter(OncePerRequestFilter.java:116)
	at org.apache.catalina.core.ApplicationFilterChain.internalDoFilter(ApplicationFilterChain.java:162)
	at org.apache.catalina.core.ApplicationFilterChain.doFilter(ApplicationFilterChain.java:138)
	at org.springframework.web.filter.CharacterEncodingFilter.doFilterInternal(CharacterEncodingFilter.java:201)
	at org.springframework.web.filter.OncePerRequestFilter.doFilter(OncePerRequestFilter.java:116)
	at org.apache.catalina.core.ApplicationFilterChain.internalDoFilter(ApplicationFilterChain.java:162)
	at org.apache.catalina.core.ApplicationFilterChain.doFilter(ApplicationFilterChain.java:138)
	at org.apache.catalina.core.StandardWrapperValve.invoke(StandardWrapperValve.java:165)
	at org.apache.catalina.core.StandardContextValve.invoke(StandardContextValve.java:88)
	at org.apache.catalina.authenticator.AuthenticatorBase.invoke(AuthenticatorBase.java:492)
	at org.apache.catalina.core.StandardHostValve.invoke(StandardHostValve.java:113)
	at org.apache.catalina.valves.ErrorReportValve.invoke(ErrorReportValve.java:83)
	at org.apache.catalina.core.StandardEngineValve.invoke(StandardEngineValve.java:72)
	at org.apache.catalina.connector.CoyoteAdapter.service(CoyoteAdapter.java:342)
	at org.apache.coyote.http11.Http11Processor.service(Http11Processor.java:399)
	at org.apache.coyote.AbstractProcessorLight.process(AbstractProcessorLight.java:63)
	at org.apache.coyote.AbstractProtocol$ConnectionHandler.process(AbstractProtocol.java:903)
	at org.apache.tomcat.util.net.NioEndpoint$SocketProcessor.doRun(NioEndpoint.java:1775)
	at org.apache.tomcat.util.net.SocketProcessorBase.run(SocketProcessorBase.java:52)
	at org.apache.tomcat.util.threads.ThreadPoolExecutor.runWorker(ThreadPoolExecutor.java:973)
	at org.apache.tomcat.util.threads.ThreadPoolExecutor$Worker.run(ThreadPoolExecutor.java:491)
	at org.apache.tomcat.util.threads.TaskThread$WrappingRunnable.run(TaskThread.java:63)
	at java.base/java.lang.Thread.run(Thread.java:840)
2026-03-07 23:23:26 WARN  [69ac34de789dd036c5ebdaf9ff0d1f71] [http-nio-8084-exec-2] c.p.a.s.ReportGenerationScheduler : AI report generation failed for user: test-user-001, type: SUMMARY, error: Service B 호출 실패: 422 Unprocessable Content on POST request for "http://localhost:8085/ai/reports/generate": "{"detail":[{"type":"missing","loc":["body","user_id"],"msg":"Field required","input":{"userId":"test-user-001","reportType":"SUMMARY","targetPeriod":"2026-01","statisticsData":{"achievementTrend":"-21%","bestFocusTime":"16:00-18:00","currentRate":67}}},{"type":"missing","loc":["body","year_month"],"msg":"Field required","input":{"userId":"test-user-001","reportType":"SUMMARY","targetPeriod":"2026-01","statisticsData":{"achievementTrend":"-21%","bestFocusTime":"16:00-18:00","currentRate":67}}},{"type":"missing","loc":["body","week"],"msg":"Field required","input":{"userId":"test-user-001","reportType":"SUMMARY","targetPeriod":"2026-01","statisticsData":{"achievementTrend":"-21%","bestFocusTime":"16:00-18:00","currentRate":67}}},{"type":"missing","loc":["body","stats_data"],"msg":"Field required","input":{"userId":"test-user-001","reportType":"SUMMARY","targetPeriod":"2026-01","statisticsData":{"achievementTrend":"-21%","bestFocusTime":"16:00-18:00","currentRate":67}}}]}"
2026-03-07 23:25:31 INFO  [69ac355be46e1e86742023da232fbfc7] [http-nio-8084-exec-6] c.p.a.controller.BatchController : Manual trigger: generate report for user: test-user-001, yearMonth: 2026-02
2026-03-07 23:25:31 INFO  [69ac355be46e1e86742023da232fbfc7] [http-nio-8084-exec-6] c.p.a.s.ReportGenerationScheduler : Generating monthly report for user: test-user-001
2026-03-07 23:25:31 INFO  [] [task-15] c.p.a.service.AnalyticsService : Calculating growth rate for user: test-user-001, month: 2026-02
2026-03-07 23:25:31 INFO  [] [task-16] c.p.a.service.AnalyticsService : Calculating timeline for user: test-user-001, month: 2026-02
2026-03-07 23:25:31 INFO  [] [task-17] c.p.a.service.AnalyticsService : Analyzing postpone pattern for user: test-user-001, month: 2026-02
2026-03-07 23:25:31 INFO  [] [task-18] c.p.a.service.AnalyticsService : Generating summary for user: test-user-001, month: 2026-02
2026-03-07 23:25:31 INFO  [] [task-17] c.p.a.service.AnalyticsService : Postpone pattern analyzed: worst day = SUNDAY
2026-03-07 23:25:31 INFO  [] [task-18] c.p.a.service.AnalyticsService : Summary generated: trend = -7%, focus time = 09:00-11:00
2026-03-07 23:25:31 INFO  [] [task-15] c.p.a.service.AnalyticsService : Growth rate calculated: {previousRate=79, growthRate=-24, topicName=주제#101, currentRate=60}
2026-03-07 23:25:31 INFO  [] [task-16] c.p.a.service.AnalyticsService : Timeline calculated with 6 months
2026-03-07 23:25:31 INFO  [69ac355be46e1e86742023da232fbfc7] [http-nio-8084-exec-6] c.p.analytics.adapter.RestApiAdapter : Calling Service B via REST API: http://localhost:8085 for user: test-user-001, reportType: GROWTH
2026-03-07 23:25:31 ERROR [69ac355be46e1e86742023da232fbfc7] [http-nio-8084-exec-6] c.p.analytics.adapter.RestApiAdapter : Failed to call Service B for user: test-user-001, error: 422 Unprocessable Content on POST request for "http://localhost:8085/ai/reports/generate": "{"detail":[{"type":"missing","loc":["body","user_id"],"msg":"Field required","input":{"userId":"test-user-001","reportType":"GROWTH","targetPeriod":"2026-02","statisticsData":{"previousRate":79,"growthRate":-24,"topicName":"주제#101","currentRate":60}}},{"type":"missing","loc":["body","year_month"],"msg":"Field required","input":{"userId":"test-user-001","reportType":"GROWTH","targetPeriod":"2026-02","statisticsData":{"previousRate":79,"growthRate":-24,"topicName":"주제#101","currentRate":60}}},{"type":"missing","loc":["body","week"],"msg":"Field required","input":{"userId":"test-user-001","reportType":"GROWTH","targetPeriod":"2026-02","statisticsData":{"previousRate":79,"growthRate":-24,"topicName":"주제#101","currentRate":60}}},{"type":"missing","loc":["body","stats_data"],"msg":"Field required","input":{"userId":"test-user-001","reportType":"GROWTH","targetPeriod":"2026-02","statisticsData":{"previousRate":79,"growthRate":-24,"topicName":"주제#101","currentRate":60}}}]}"
org.springframework.web.client.HttpClientErrorException$UnprocessableEntity: 422 Unprocessable Content on POST request for "http://localhost:8085/ai/reports/generate": "{"detail":[{"type":"missing","loc":["body","user_id"],"msg":"Field required","input":{"userId":"test-user-001","reportType":"GROWTH","targetPeriod":"2026-02","statisticsData":{"previousRate":79,"growthRate":-24,"topicName":"주제#101","currentRate":60}}},{"type":"missing","loc":["body","year_month"],"msg":"Field required","input":{"userId":"test-user-001","reportType":"GROWTH","targetPeriod":"2026-02","statisticsData":{"previousRate":79,"growthRate":-24,"topicName":"주제#101","currentRate":60}}},{"type":"missing","loc":["body","week"],"msg":"Field required","input":{"userId":"test-user-001","reportType":"GROWTH","targetPeriod":"2026-02","statisticsData":{"previousRate":79,"growthRate":-24,"topicName":"주제#101","currentRate":60}}},{"type":"missing","loc":["body","stats_data"],"msg":"Field required","input":{"userId":"test-user-001","reportType":"GROWTH","targetPeriod":"2026-02","statisticsData":{"previousRate":79,"growthRate":-24,"topicName":"주제#101","currentRate":60}}}]}"
	at org.springframework.web.client.HttpClientErrorException.create(HttpClientErrorException.java:133)
	at org.springframework.web.client.DefaultResponseErrorHandler.handleError(DefaultResponseErrorHandler.java:186)
	at org.springframework.web.client.DefaultResponseErrorHandler.handleError(DefaultResponseErrorHandler.java:147)
	at org.springframework.web.client.RestTemplate.handleResponse(RestTemplate.java:953)
	at org.springframework.web.client.RestTemplate.doExecute(RestTemplate.java:902)
	at org.springframework.web.client.RestTemplate.execute(RestTemplate.java:801)
	at org.springframework.web.client.RestTemplate.postForObject(RestTemplate.java:518)
	at com.planit.analytics.adapter.RestApiAdapter.generateReport(RestApiAdapter.java:47)
	at com.planit.analytics.scheduler.ReportGenerationScheduler.generateAndSaveReport(ReportGenerationScheduler.java:215)
	at com.planit.analytics.scheduler.ReportGenerationScheduler.generateMonthlyReportForUser(ReportGenerationScheduler.java:180)
	at java.base/jdk.internal.reflect.NativeMethodAccessorImpl.invoke0(Native Method)
	at java.base/jdk.internal.reflect.NativeMethodAccessorImpl.invoke(NativeMethodAccessorImpl.java:77)
	at java.base/jdk.internal.reflect.DelegatingMethodAccessorImpl.invoke(DelegatingMethodAccessorImpl.java:43)
	at java.base/java.lang.reflect.Method.invoke(Method.java:569)
	at org.springframework.aop.support.AopUtils.invokeJoinpointUsingReflection(AopUtils.java:360)
	at org.springframework.aop.framework.CglibAopProxy$DynamicAdvisedInterceptor.intercept(CglibAopProxy.java:724)
	at com.planit.analytics.scheduler.ReportGenerationScheduler$$SpringCGLIB$$0.generateMonthlyReportForUser(<generated>)
	at com.planit.analytics.controller.BatchController.generateReportForUser(BatchController.java:103)
	at java.base/jdk.internal.reflect.NativeMethodAccessorImpl.invoke0(Native Method)
	at java.base/jdk.internal.reflect.NativeMethodAccessorImpl.invoke(NativeMethodAccessorImpl.java:77)
	at java.base/jdk.internal.reflect.DelegatingMethodAccessorImpl.invoke(DelegatingMethodAccessorImpl.java:43)
	at java.base/java.lang.reflect.Method.invoke(Method.java:569)
	at org.springframework.web.method.support.InvocableHandlerMethod.doInvoke(InvocableHandlerMethod.java:258)
	at org.springframework.web.method.support.InvocableHandlerMethod.invokeForRequest(InvocableHandlerMethod.java:191)
	at org.springframework.web.servlet.mvc.method.annotation.ServletInvocableHandlerMethod.invokeAndHandle(ServletInvocableHandlerMethod.java:118)
	at org.springframework.web.servlet.mvc.method.annotation.RequestMappingHandlerAdapter.invokeHandlerMethod(RequestMappingHandlerAdapter.java:991)
	at org.springframework.web.servlet.mvc.method.annotation.RequestMappingHandlerAdapter.handleInternal(RequestMappingHandlerAdapter.java:896)
	at org.springframework.web.servlet.mvc.method.AbstractHandlerMethodAdapter.handle(AbstractHandlerMethodAdapter.java:87)
	at org.springframework.web.servlet.DispatcherServlet.doDispatch(DispatcherServlet.java:1089)
	at org.springframework.web.servlet.DispatcherServlet.doService(DispatcherServlet.java:979)
	at org.springframework.web.servlet.FrameworkServlet.processRequest(FrameworkServlet.java:1014)
	at org.springframework.web.servlet.FrameworkServlet.doPost(FrameworkServlet.java:914)
	at jakarta.servlet.http.HttpServlet.service(HttpServlet.java:590)
	at org.springframework.web.servlet.FrameworkServlet.service(FrameworkServlet.java:885)
	at jakarta.servlet.http.HttpServlet.service(HttpServlet.java:658)
	at org.apache.catalina.core.ApplicationFilterChain.internalDoFilter(ApplicationFilterChain.java:193)
	at org.apache.catalina.core.ApplicationFilterChain.doFilter(ApplicationFilterChain.java:138)
	at org.apache.tomcat.websocket.server.WsFilter.doFilter(WsFilter.java:51)
	at org.apache.catalina.core.ApplicationFilterChain.internalDoFilter(ApplicationFilterChain.java:162)
	at org.apache.catalina.core.ApplicationFilterChain.doFilter(ApplicationFilterChain.java:138)
	at org.springframework.web.filter.RequestContextFilter.doFilterInternal(RequestContextFilter.java:100)
	at org.springframework.web.filter.OncePerRequestFilter.doFilter(OncePerRequestFilter.java:116)
	at org.apache.catalina.core.ApplicationFilterChain.internalDoFilter(ApplicationFilterChain.java:162)
	at org.apache.catalina.core.ApplicationFilterChain.doFilter(ApplicationFilterChain.java:138)
	at org.springframework.web.filter.FormContentFilter.doFilterInternal(FormContentFilter.java:93)
	at org.springframework.web.filter.OncePerRequestFilter.doFilter(OncePerRequestFilter.java:116)
	at org.apache.catalina.core.ApplicationFilterChain.internalDoFilter(ApplicationFilterChain.java:162)
	at org.apache.catalina.core.ApplicationFilterChain.doFilter(ApplicationFilterChain.java:138)
	at org.springframework.web.filter.ServerHttpObservationFilter.doFilterInternal(ServerHttpObservationFilter.java:110)
	at org.springframework.web.filter.OncePerRequestFilter.doFilter(OncePerRequestFilter.java:116)
	at org.apache.catalina.core.ApplicationFilterChain.internalDoFilter(ApplicationFilterChain.java:162)
	at org.apache.catalina.core.ApplicationFilterChain.doFilter(ApplicationFilterChain.java:138)
	at org.springframework.web.filter.CharacterEncodingFilter.doFilterInternal(CharacterEncodingFilter.java:201)
	at org.springframework.web.filter.OncePerRequestFilter.doFilter(OncePerRequestFilter.java:116)
	at org.apache.catalina.core.ApplicationFilterChain.internalDoFilter(ApplicationFilterChain.java:162)
	at org.apache.catalina.core.ApplicationFilterChain.doFilter(ApplicationFilterChain.java:138)
	at org.apache.catalina.core.StandardWrapperValve.invoke(StandardWrapperValve.java:165)
	at org.apache.catalina.core.StandardContextValve.invoke(StandardContextValve.java:88)
	at org.apache.catalina.authenticator.AuthenticatorBase.invoke(AuthenticatorBase.java:492)
	at org.apache.catalina.core.StandardHostValve.invoke(StandardHostValve.java:113)
	at org.apache.catalina.valves.ErrorReportValve.invoke(ErrorReportValve.java:83)
	at org.apache.catalina.core.StandardEngineValve.invoke(StandardEngineValve.java:72)
	at org.apache.catalina.connector.CoyoteAdapter.service(CoyoteAdapter.java:342)
	at org.apache.coyote.http11.Http11Processor.service(Http11Processor.java:399)
	at org.apache.coyote.AbstractProcessorLight.process(AbstractProcessorLight.java:63)
	at org.apache.coyote.AbstractProtocol$ConnectionHandler.process(AbstractProtocol.java:903)
	at org.apache.tomcat.util.net.NioEndpoint$SocketProcessor.doRun(NioEndpoint.java:1775)
	at org.apache.tomcat.util.net.SocketProcessorBase.run(SocketProcessorBase.java:52)
	at org.apache.tomcat.util.threads.ThreadPoolExecutor.runWorker(ThreadPoolExecutor.java:973)
	at org.apache.tomcat.util.threads.ThreadPoolExecutor$Worker.run(ThreadPoolExecutor.java:491)
	at org.apache.tomcat.util.threads.TaskThread$WrappingRunnable.run(TaskThread.java:63)
	at java.base/java.lang.Thread.run(Thread.java:840)
2026-03-07 23:25:31 WARN  [69ac355be46e1e86742023da232fbfc7] [http-nio-8084-exec-6] c.p.a.s.ReportGenerationScheduler : AI report generation failed for user: test-user-001, type: GROWTH, error: Service B 호출 실패: 422 Unprocessable Content on POST request for "http://localhost:8085/ai/reports/generate": "{"detail":[{"type":"missing","loc":["body","user_id"],"msg":"Field required","input":{"userId":"test-user-001","reportType":"GROWTH","targetPeriod":"2026-02","statisticsData":{"previousRate":79,"growthRate":-24,"topicName":"주제#101","currentRate":60}}},{"type":"missing","loc":["body","year_month"],"msg":"Field required","input":{"userId":"test-user-001","reportType":"GROWTH","targetPeriod":"2026-02","statisticsData":{"previousRate":79,"growthRate":-24,"topicName":"주제#101","currentRate":60}}},{"type":"missing","loc":["body","week"],"msg":"Field required","input":{"userId":"test-user-001","reportType":"GROWTH","targetPeriod":"2026-02","statisticsData":{"previousRate":79,"growthRate":-24,"topicName":"주제#101","currentRate":60}}},{"type":"missing","loc":["body","stats_data"],"msg":"Field required","input":{"userId":"test-user-001","reportType":"GROWTH","targetPeriod":"2026-02","statisticsData":{"previousRate":79,"growthRate":-24,"topicName":"주제#101","currentRate":60}}}]}"
2026-03-07 23:25:31 INFO  [69ac355be46e1e86742023da232fbfc7] [http-nio-8084-exec-6] c.p.analytics.adapter.RestApiAdapter : Calling Service B via REST API: http://localhost:8085 for user: test-user-001, reportType: TIMELINE
2026-03-07 23:25:31 ERROR [69ac355be46e1e86742023da232fbfc7] [http-nio-8084-exec-6] c.p.analytics.adapter.RestApiAdapter : Failed to call Service B for user: test-user-001, error: 422 Unprocessable Content on POST request for "http://localhost:8085/ai/reports/generate": "{"detail":[{"type":"missing","loc":["body","user_id"],"msg":"Field required","input":{"userId":"test-user-001","reportType":"TIMELINE","targetPeriod":"2026-02","statisticsData":{"chartData":[{"month":"9월","rate":0},{"month":"10월","rate":0},{"month":"11월","rate":0},{"month":"12월","rate":88},{"month":"1월","rate":67},{"month":"2월","rate":60}]}}},{"type":"missing","loc":["body","year_month"],"msg":"Field required","input":{"userId":"test-user-001","reportType":"TIMELINE","targetPeriod":"2026-02","statisticsData":{"chartData":[{"month":"9월","rate":0},{"month":"10월","rate":0},{"month":"11월","rate":0},{"month":"12월","rate":88},{"month":"1월","rate":67},{"month":"2월","rate":60}]}}},{"type":"missing","loc":["body","week"],"msg":"Field required","input":{"userId":"test-user-001","reportType":"TIMELINE","targetPeriod":"2026-02","statisticsData":{"chartData":[{"month":"9월","rate":0},{"month":"10월","rate":0},{"month":"11월","rate":0},{"month":"12월","rate":88},{"month":"1월","rate":67},{"month":"2월","rate":60}]}}},{"type":"missing","loc":["body","stats_data"],"msg":"Field required","input":{"userId":"test-user-001","reportType":"TIMELINE","targetPeriod":"2026-02","statisticsData":{"chartData":[{"month":"9월","rate":0},{"month":"10월","rate":0},{"month":"11월","rate":0},{"month":"12월","rate":88},{"month":"1월","rate":67},{"month":"2월","rate":60}]}}}]}"
org.springframework.web.client.HttpClientErrorException$UnprocessableEntity: 422 Unprocessable Content on POST request for "http://localhost:8085/ai/reports/generate": "{"detail":[{"type":"missing","loc":["body","user_id"],"msg":"Field required","input":{"userId":"test-user-001","reportType":"TIMELINE","targetPeriod":"2026-02","statisticsData":{"chartData":[{"month":"9월","rate":0},{"month":"10월","rate":0},{"month":"11월","rate":0},{"month":"12월","rate":88},{"month":"1월","rate":67},{"month":"2월","rate":60}]}}},{"type":"missing","loc":["body","year_month"],"msg":"Field required","input":{"userId":"test-user-001","reportType":"TIMELINE","targetPeriod":"2026-02","statisticsData":{"chartData":[{"month":"9월","rate":0},{"month":"10월","rate":0},{"month":"11월","rate":0},{"month":"12월","rate":88},{"month":"1월","rate":67},{"month":"2월","rate":60}]}}},{"type":"missing","loc":["body","week"],"msg":"Field required","input":{"userId":"test-user-001","reportType":"TIMELINE","targetPeriod":"2026-02","statisticsData":{"chartData":[{"month":"9월","rate":0},{"month":"10월","rate":0},{"month":"11월","rate":0},{"month":"12월","rate":88},{"month":"1월","rate":67},{"month":"2월","rate":60}]}}},{"type":"missing","loc":["body","stats_data"],"msg":"Field required","input":{"userId":"test-user-001","reportType":"TIMELINE","targetPeriod":"2026-02","statisticsData":{"chartData":[{"month":"9월","rate":0},{"month":"10월","rate":0},{"month":"11월","rate":0},{"month":"12월","rate":88},{"month":"1월","rate":67},{"month":"2월","rate":60}]}}}]}"
	at org.springframework.web.client.HttpClientErrorException.create(HttpClientErrorException.java:133)
	at org.springframework.web.client.DefaultResponseErrorHandler.handleError(DefaultResponseErrorHandler.java:186)
	at org.springframework.web.client.DefaultResponseErrorHandler.handleError(DefaultResponseErrorHandler.java:147)
	at org.springframework.web.client.RestTemplate.handleResponse(RestTemplate.java:953)
	at org.springframework.web.client.RestTemplate.doExecute(RestTemplate.java:902)
	at org.springframework.web.client.RestTemplate.execute(RestTemplate.java:801)
	at org.springframework.web.client.RestTemplate.postForObject(RestTemplate.java:518)
	at com.planit.analytics.adapter.RestApiAdapter.generateReport(RestApiAdapter.java:47)
	at com.planit.analytics.scheduler.ReportGenerationScheduler.generateAndSaveReport(ReportGenerationScheduler.java:215)
	at com.planit.analytics.scheduler.ReportGenerationScheduler.generateMonthlyReportForUser(ReportGenerationScheduler.java:184)
	at java.base/jdk.internal.reflect.NativeMethodAccessorImpl.invoke0(Native Method)
	at java.base/jdk.internal.reflect.NativeMethodAccessorImpl.invoke(NativeMethodAccessorImpl.java:77)
	at java.base/jdk.internal.reflect.DelegatingMethodAccessorImpl.invoke(DelegatingMethodAccessorImpl.java:43)
	at java.base/java.lang.reflect.Method.invoke(Method.java:569)
	at org.springframework.aop.support.AopUtils.invokeJoinpointUsingReflection(AopUtils.java:360)
	at org.springframework.aop.framework.CglibAopProxy$DynamicAdvisedInterceptor.intercept(CglibAopProxy.java:724)
	at com.planit.analytics.scheduler.ReportGenerationScheduler$$SpringCGLIB$$0.generateMonthlyReportForUser(<generated>)
	at com.planit.analytics.controller.BatchController.generateReportForUser(BatchController.java:103)
	at java.base/jdk.internal.reflect.NativeMethodAccessorImpl.invoke0(Native Method)
	at java.base/jdk.internal.reflect.NativeMethodAccessorImpl.invoke(NativeMethodAccessorImpl.java:77)
	at java.base/jdk.internal.reflect.DelegatingMethodAccessorImpl.invoke(DelegatingMethodAccessorImpl.java:43)
	at java.base/java.lang.reflect.Method.invoke(Method.java:569)
	at org.springframework.web.method.support.InvocableHandlerMethod.doInvoke(InvocableHandlerMethod.java:258)
	at org.springframework.web.method.support.InvocableHandlerMethod.invokeForRequest(InvocableHandlerMethod.java:191)
	at org.springframework.web.servlet.mvc.method.annotation.ServletInvocableHandlerMethod.invokeAndHandle(ServletInvocableHandlerMethod.java:118)
	at org.springframework.web.servlet.mvc.method.annotation.RequestMappingHandlerAdapter.invokeHandlerMethod(RequestMappingHandlerAdapter.java:991)
	at org.springframework.web.servlet.mvc.method.annotation.RequestMappingHandlerAdapter.handleInternal(RequestMappingHandlerAdapter.java:896)
	at org.springframework.web.servlet.mvc.method.AbstractHandlerMethodAdapter.handle(AbstractHandlerMethodAdapter.java:87)
	at org.springframework.web.servlet.DispatcherServlet.doDispatch(DispatcherServlet.java:1089)
	at org.springframework.web.servlet.DispatcherServlet.doService(DispatcherServlet.java:979)
	at org.springframework.web.servlet.FrameworkServlet.processRequest(FrameworkServlet.java:1014)
	at org.springframework.web.servlet.FrameworkServlet.doPost(FrameworkServlet.java:914)
	at jakarta.servlet.http.HttpServlet.service(HttpServlet.java:590)
	at org.springframework.web.servlet.FrameworkServlet.service(FrameworkServlet.java:885)
	at jakarta.servlet.http.HttpServlet.service(HttpServlet.java:658)
	at org.apache.catalina.core.ApplicationFilterChain.internalDoFilter(ApplicationFilterChain.java:193)
	at org.apache.catalina.core.ApplicationFilterChain.doFilter(ApplicationFilterChain.java:138)
	at org.apache.tomcat.websocket.server.WsFilter.doFilter(WsFilter.java:51)
	at org.apache.catalina.core.ApplicationFilterChain.internalDoFilter(ApplicationFilterChain.java:162)
	at org.apache.catalina.core.ApplicationFilterChain.doFilter(ApplicationFilterChain.java:138)
	at org.springframework.web.filter.RequestContextFilter.doFilterInternal(RequestContextFilter.java:100)
	at org.springframework.web.filter.OncePerRequestFilter.doFilter(OncePerRequestFilter.java:116)
	at org.apache.catalina.core.ApplicationFilterChain.internalDoFilter(ApplicationFilterChain.java:162)
	at org.apache.catalina.core.ApplicationFilterChain.doFilter(ApplicationFilterChain.java:138)
	at org.springframework.web.filter.FormContentFilter.doFilterInternal(FormContentFilter.java:93)
	at org.springframework.web.filter.OncePerRequestFilter.doFilter(OncePerRequestFilter.java:116)
	at org.apache.catalina.core.ApplicationFilterChain.internalDoFilter(ApplicationFilterChain.java:162)
	at org.apache.catalina.core.ApplicationFilterChain.doFilter(ApplicationFilterChain.java:138)
	at org.springframework.web.filter.ServerHttpObservationFilter.doFilterInternal(ServerHttpObservationFilter.java:110)
	at org.springframework.web.filter.OncePerRequestFilter.doFilter(OncePerRequestFilter.java:116)
	at org.apache.catalina.core.ApplicationFilterChain.internalDoFilter(ApplicationFilterChain.java:162)
	at org.apache.catalina.core.ApplicationFilterChain.doFilter(ApplicationFilterChain.java:138)
	at org.springframework.web.filter.CharacterEncodingFilter.doFilterInternal(CharacterEncodingFilter.java:201)
	at org.springframework.web.filter.OncePerRequestFilter.doFilter(OncePerRequestFilter.java:116)
	at org.apache.catalina.core.ApplicationFilterChain.internalDoFilter(ApplicationFilterChain.java:162)
	at org.apache.catalina.core.ApplicationFilterChain.doFilter(ApplicationFilterChain.java:138)
	at org.apache.catalina.core.StandardWrapperValve.invoke(StandardWrapperValve.java:165)
	at org.apache.catalina.core.StandardContextValve.invoke(StandardContextValve.java:88)
	at org.apache.catalina.authenticator.AuthenticatorBase.invoke(AuthenticatorBase.java:492)
	at org.apache.catalina.core.StandardHostValve.invoke(StandardHostValve.java:113)
	at org.apache.catalina.valves.ErrorReportValve.invoke(ErrorReportValve.java:83)
	at org.apache.catalina.core.StandardEngineValve.invoke(StandardEngineValve.java:72)
	at org.apache.catalina.connector.CoyoteAdapter.service(CoyoteAdapter.java:342)
	at org.apache.coyote.http11.Http11Processor.service(Http11Processor.java:399)
	at org.apache.coyote.AbstractProcessorLight.process(AbstractProcessorLight.java:63)
	at org.apache.coyote.AbstractProtocol$ConnectionHandler.process(AbstractProtocol.java:903)
	at org.apache.tomcat.util.net.NioEndpoint$SocketProcessor.doRun(NioEndpoint.java:1775)
	at org.apache.tomcat.util.net.SocketProcessorBase.run(SocketProcessorBase.java:52)
	at org.apache.tomcat.util.threads.ThreadPoolExecutor.runWorker(ThreadPoolExecutor.java:973)
	at org.apache.tomcat.util.threads.ThreadPoolExecutor$Worker.run(ThreadPoolExecutor.java:491)
	at org.apache.tomcat.util.threads.TaskThread$WrappingRunnable.run(TaskThread.java:63)
	at java.base/java.lang.Thread.run(Thread.java:840)
2026-03-07 23:25:31 WARN  [69ac355be46e1e86742023da232fbfc7] [http-nio-8084-exec-6] c.p.a.s.ReportGenerationScheduler : AI report generation failed for user: test-user-001, type: TIMELINE, error: Service B 호출 실패: 422 Unprocessable Content on POST request for "http://localhost:8085/ai/reports/generate": "{"detail":[{"type":"missing","loc":["body","user_id"],"msg":"Field required","input":{"userId":"test-user-001","reportType":"TIMELINE","targetPeriod":"2026-02","statisticsData":{"chartData":[{"month":"9월","rate":0},{"month":"10월","rate":0},{"month":"11월","rate":0},{"month":"12월","rate":88},{"month":"1월","rate":67},{"month":"2월","rate":60}]}}},{"type":"missing","loc":["body","year_month"],"msg":"Field required","input":{"userId":"test-user-001","reportType":"TIMELINE","targetPeriod":"2026-02","statisticsData":{"chartData":[{"month":"9월","rate":0},{"month":"10월","rate":0},{"month":"11월","rate":0},{"month":"12월","rate":88},{"month":"1월","rate":67},{"month":"2월","rate":60}]}}},{"type":"missing","loc":["body","week"],"msg":"Field required","input":{"userId":"test-user-001","reportType":"TIMELINE","targetPeriod":"2026-02","statisticsData":{"chartData":[{"month":"9월","rate":0},{"month":"10월","rate":0},{"month":"11월","rate":0},{"month":"12월","rate":88},{"month":"1월","rate":67},{"month":"2월","rate":60}]}}},{"type":"missing","loc":["body","stats_data"],"msg":"Field required","input":{"userId":"test-user-001","reportType":"TIMELINE","targetPeriod":"2026-02","statisticsData":{"chartData":[{"month":"9월","rate":0},{"month":"10월","rate":0},{"month":"11월","rate":0},{"month":"12월","rate":88},{"month":"1월","rate":67},{"month":"2월","rate":60}]}}}]}"
2026-03-07 23:25:31 INFO  [69ac355be46e1e86742023da232fbfc7] [http-nio-8084-exec-6] c.p.analytics.adapter.RestApiAdapter : Calling Service B via REST API: http://localhost:8085 for user: test-user-001, reportType: PATTERN
2026-03-07 23:25:31 ERROR [69ac355be46e1e86742023da232fbfc7] [http-nio-8084-exec-6] c.p.analytics.adapter.RestApiAdapter : Failed to call Service B for user: test-user-001, error: 422 Unprocessable Content on POST request for "http://localhost:8085/ai/reports/generate": "{"detail":[{"type":"missing","loc":["body","user_id"],"msg":"Field required","input":{"userId":"test-user-001","reportType":"PATTERN","targetPeriod":"2026-02","statisticsData":{"worstDay":"SUNDAY","avgPostponeCount":14,"chart":[{"count":1,"day":"MONDAY"},{"count":4,"day":"TUESDAY"},{"count":2,"day":"WEDNESDAY"},{"count":4,"day":"THURSDAY"},{"count":5,"day":"FRIDAY"},{"count":8,"day":"SATURDAY"},{"count":17,"day":"SUNDAY"}]}}},{"type":"missing","loc":["body","year_month"],"msg":"Field required","input":{"userId":"test-user-001","reportType":"PATTERN","targetPeriod":"2026-02","statisticsData":{"worstDay":"SUNDAY","avgPostponeCount":14,"chart":[{"count":1,"day":"MONDAY"},{"count":4,"day":"TUESDAY"},{"count":2,"day":"WEDNESDAY"},{"count":4,"day":"THURSDAY"},{"count":5,"day":"FRIDAY"},{"count":8,"day":"SATURDAY"},{"count":17,"day":"SUNDAY"}]}}},{"type":"missing","loc":["body","week"],"msg":"Field required","input":{"userId":"test-user-001","reportType":"PATTERN","targetPeriod":"2026-02","statisticsData":{"worstDay":"SUNDAY","avgPostponeCount":14,"chart":[{"count":1,"day":"MONDAY"},{"count":4,"day":"TUESDAY"},{"count":2,"day":"WEDNESDAY"},{"count":4,"day":"THURSDAY"},{"count":5,"day":"FRIDAY"},{"count":8,"day":"SATURDAY"},{"count":17,"day":"SUNDAY"}]}}},{"type":"missing","loc":["body","stats_data"],"msg":"Field required","input":{"userId":"test-user-001","reportType":"PATTERN","targetPeriod":"2026-02","statisticsData":{"worstDay":"SUNDAY","avgPostponeCount":14,"chart":[{"count":1,"day":"MONDAY"},{"count":4,"day":"TUESDAY"},{"count":2,"day":"WEDNESDAY"},{"count":4,"day":"THURSDAY"},{"count":5,"day":"FRIDAY"},{"count":8,"day":"SATURDAY"},{"count":17,"day":"SUNDAY"}]}}}]}"
org.springframework.web.client.HttpClientErrorException$UnprocessableEntity: 422 Unprocessable Content on POST request for "http://localhost:8085/ai/reports/generate": "{"detail":[{"type":"missing","loc":["body","user_id"],"msg":"Field required","input":{"userId":"test-user-001","reportType":"PATTERN","targetPeriod":"2026-02","statisticsData":{"worstDay":"SUNDAY","avgPostponeCount":14,"chart":[{"count":1,"day":"MONDAY"},{"count":4,"day":"TUESDAY"},{"count":2,"day":"WEDNESDAY"},{"count":4,"day":"THURSDAY"},{"count":5,"day":"FRIDAY"},{"count":8,"day":"SATURDAY"},{"count":17,"day":"SUNDAY"}]}}},{"type":"missing","loc":["body","year_month"],"msg":"Field required","input":{"userId":"test-user-001","reportType":"PATTERN","targetPeriod":"2026-02","statisticsData":{"worstDay":"SUNDAY","avgPostponeCount":14,"chart":[{"count":1,"day":"MONDAY"},{"count":4,"day":"TUESDAY"},{"count":2,"day":"WEDNESDAY"},{"count":4,"day":"THURSDAY"},{"count":5,"day":"FRIDAY"},{"count":8,"day":"SATURDAY"},{"count":17,"day":"SUNDAY"}]}}},{"type":"missing","loc":["body","week"],"msg":"Field required","input":{"userId":"test-user-001","reportType":"PATTERN","targetPeriod":"2026-02","statisticsData":{"worstDay":"SUNDAY","avgPostponeCount":14,"chart":[{"count":1,"day":"MONDAY"},{"count":4,"day":"TUESDAY"},{"count":2,"day":"WEDNESDAY"},{"count":4,"day":"THURSDAY"},{"count":5,"day":"FRIDAY"},{"count":8,"day":"SATURDAY"},{"count":17,"day":"SUNDAY"}]}}},{"type":"missing","loc":["body","stats_data"],"msg":"Field required","input":{"userId":"test-user-001","reportType":"PATTERN","targetPeriod":"2026-02","statisticsData":{"worstDay":"SUNDAY","avgPostponeCount":14,"chart":[{"count":1,"day":"MONDAY"},{"count":4,"day":"TUESDAY"},{"count":2,"day":"WEDNESDAY"},{"count":4,"day":"THURSDAY"},{"count":5,"day":"FRIDAY"},{"count":8,"day":"SATURDAY"},{"count":17,"day":"SUNDAY"}]}}}]}"
	at org.springframework.web.client.HttpClientErrorException.create(HttpClientErrorException.java:133)
	at org.springframework.web.client.DefaultResponseErrorHandler.handleError(DefaultResponseErrorHandler.java:186)
	at org.springframework.web.client.DefaultResponseErrorHandler.handleError(DefaultResponseErrorHandler.java:147)
	at org.springframework.web.client.RestTemplate.handleResponse(RestTemplate.java:953)
	at org.springframework.web.client.RestTemplate.doExecute(RestTemplate.java:902)
	at org.springframework.web.client.RestTemplate.execute(RestTemplate.java:801)
	at org.springframework.web.client.RestTemplate.postForObject(RestTemplate.java:518)
	at com.planit.analytics.adapter.RestApiAdapter.generateReport(RestApiAdapter.java:47)
	at com.planit.analytics.scheduler.ReportGenerationScheduler.generateAndSaveReport(ReportGenerationScheduler.java:215)
	at com.planit.analytics.scheduler.ReportGenerationScheduler.generateMonthlyReportForUser(ReportGenerationScheduler.java:188)
	at java.base/jdk.internal.reflect.NativeMethodAccessorImpl.invoke0(Native Method)
	at java.base/jdk.internal.reflect.NativeMethodAccessorImpl.invoke(NativeMethodAccessorImpl.java:77)
	at java.base/jdk.internal.reflect.DelegatingMethodAccessorImpl.invoke(DelegatingMethodAccessorImpl.java:43)
	at java.base/java.lang.reflect.Method.invoke(Method.java:569)
	at org.springframework.aop.support.AopUtils.invokeJoinpointUsingReflection(AopUtils.java:360)
	at org.springframework.aop.framework.CglibAopProxy$DynamicAdvisedInterceptor.intercept(CglibAopProxy.java:724)
	at com.planit.analytics.scheduler.ReportGenerationScheduler$$SpringCGLIB$$0.generateMonthlyReportForUser(<generated>)
	at com.planit.analytics.controller.BatchController.generateReportForUser(BatchController.java:103)
	at java.base/jdk.internal.reflect.NativeMethodAccessorImpl.invoke0(Native Method)
	at java.base/jdk.internal.reflect.NativeMethodAccessorImpl.invoke(NativeMethodAccessorImpl.java:77)
	at java.base/jdk.internal.reflect.DelegatingMethodAccessorImpl.invoke(DelegatingMethodAccessorImpl.java:43)
	at java.base/java.lang.reflect.Method.invoke(Method.java:569)
	at org.springframework.web.method.support.InvocableHandlerMethod.doInvoke(InvocableHandlerMethod.java:258)
	at org.springframework.web.method.support.InvocableHandlerMethod.invokeForRequest(InvocableHandlerMethod.java:191)
	at org.springframework.web.servlet.mvc.method.annotation.ServletInvocableHandlerMethod.invokeAndHandle(ServletInvocableHandlerMethod.java:118)
	at org.springframework.web.servlet.mvc.method.annotation.RequestMappingHandlerAdapter.invokeHandlerMethod(RequestMappingHandlerAdapter.java:991)
	at org.springframework.web.servlet.mvc.method.annotation.RequestMappingHandlerAdapter.handleInternal(RequestMappingHandlerAdapter.java:896)
	at org.springframework.web.servlet.mvc.method.AbstractHandlerMethodAdapter.handle(AbstractHandlerMethodAdapter.java:87)
	at org.springframework.web.servlet.DispatcherServlet.doDispatch(DispatcherServlet.java:1089)
	at org.springframework.web.servlet.DispatcherServlet.doService(DispatcherServlet.java:979)
	at org.springframework.web.servlet.FrameworkServlet.processRequest(FrameworkServlet.java:1014)
	at org.springframework.web.servlet.FrameworkServlet.doPost(FrameworkServlet.java:914)
	at jakarta.servlet.http.HttpServlet.service(HttpServlet.java:590)
	at org.springframework.web.servlet.FrameworkServlet.service(FrameworkServlet.java:885)
	at jakarta.servlet.http.HttpServlet.service(HttpServlet.java:658)
	at org.apache.catalina.core.ApplicationFilterChain.internalDoFilter(ApplicationFilterChain.java:193)
	at org.apache.catalina.core.ApplicationFilterChain.doFilter(ApplicationFilterChain.java:138)
	at org.apache.tomcat.websocket.server.WsFilter.doFilter(WsFilter.java:51)
	at org.apache.catalina.core.ApplicationFilterChain.internalDoFilter(ApplicationFilterChain.java:162)
	at org.apache.catalina.core.ApplicationFilterChain.doFilter(ApplicationFilterChain.java:138)
	at org.springframework.web.filter.RequestContextFilter.doFilterInternal(RequestContextFilter.java:100)
	at org.springframework.web.filter.OncePerRequestFilter.doFilter(OncePerRequestFilter.java:116)
	at org.apache.catalina.core.ApplicationFilterChain.internalDoFilter(ApplicationFilterChain.java:162)
	at org.apache.catalina.core.ApplicationFilterChain.doFilter(ApplicationFilterChain.java:138)
	at org.springframework.web.filter.FormContentFilter.doFilterInternal(FormContentFilter.java:93)
	at org.springframework.web.filter.OncePerRequestFilter.doFilter(OncePerRequestFilter.java:116)
	at org.apache.catalina.core.ApplicationFilterChain.internalDoFilter(ApplicationFilterChain.java:162)
	at org.apache.catalina.core.ApplicationFilterChain.doFilter(ApplicationFilterChain.java:138)
	at org.springframework.web.filter.ServerHttpObservationFilter.doFilterInternal(ServerHttpObservationFilter.java:110)
	at org.springframework.web.filter.OncePerRequestFilter.doFilter(OncePerRequestFilter.java:116)
	at org.apache.catalina.core.ApplicationFilterChain.internalDoFilter(ApplicationFilterChain.java:162)
	at org.apache.catalina.core.ApplicationFilterChain.doFilter(ApplicationFilterChain.java:138)
	at org.springframework.web.filter.CharacterEncodingFilter.doFilterInternal(CharacterEncodingFilter.java:201)
	at org.springframework.web.filter.OncePerRequestFilter.doFilter(OncePerRequestFilter.java:116)
	at org.apache.catalina.core.ApplicationFilterChain.internalDoFilter(ApplicationFilterChain.java:162)
	at org.apache.catalina.core.ApplicationFilterChain.doFilter(ApplicationFilterChain.java:138)
	at org.apache.catalina.core.StandardWrapperValve.invoke(StandardWrapperValve.java:165)
	at org.apache.catalina.core.StandardContextValve.invoke(StandardContextValve.java:88)
	at org.apache.catalina.authenticator.AuthenticatorBase.invoke(AuthenticatorBase.java:492)
	at org.apache.catalina.core.StandardHostValve.invoke(StandardHostValve.java:113)
	at org.apache.catalina.valves.ErrorReportValve.invoke(ErrorReportValve.java:83)
	at org.apache.catalina.core.StandardEngineValve.invoke(StandardEngineValve.java:72)
	at org.apache.catalina.connector.CoyoteAdapter.service(CoyoteAdapter.java:342)
	at org.apache.coyote.http11.Http11Processor.service(Http11Processor.java:399)
	at org.apache.coyote.AbstractProcessorLight.process(AbstractProcessorLight.java:63)
	at org.apache.coyote.AbstractProtocol$ConnectionHandler.process(AbstractProtocol.java:903)
	at org.apache.tomcat.util.net.NioEndpoint$SocketProcessor.doRun(NioEndpoint.java:1775)
	at org.apache.tomcat.util.net.SocketProcessorBase.run(SocketProcessorBase.java:52)
	at org.apache.tomcat.util.threads.ThreadPoolExecutor.runWorker(ThreadPoolExecutor.java:973)
	at org.apache.tomcat.util.threads.ThreadPoolExecutor$Worker.run(ThreadPoolExecutor.java:491)
	at org.apache.tomcat.util.threads.TaskThread$WrappingRunnable.run(TaskThread.java:63)
	at java.base/java.lang.Thread.run(Thread.java:840)
2026-03-07 23:25:31 WARN  [69ac355be46e1e86742023da232fbfc7] [http-nio-8084-exec-6] c.p.a.s.ReportGenerationScheduler : AI report generation failed for user: test-user-001, type: PATTERN, error: Service B 호출 실패: 422 Unprocessable Content on POST request for "http://localhost:8085/ai/reports/generate": "{"detail":[{"type":"missing","loc":["body","user_id"],"msg":"Field required","input":{"userId":"test-user-001","reportType":"PATTERN","targetPeriod":"2026-02","statisticsData":{"worstDay":"SUNDAY","avgPostponeCount":14,"chart":[{"count":1,"day":"MONDAY"},{"count":4,"day":"TUESDAY"},{"count":2,"day":"WEDNESDAY"},{"count":4,"day":"THURSDAY"},{"count":5,"day":"FRIDAY"},{"count":8,"day":"SATURDAY"},{"count":17,"day":"SUNDAY"}]}}},{"type":"missing","loc":["body","year_month"],"msg":"Field required","input":{"userId":"test-user-001","reportType":"PATTERN","targetPeriod":"2026-02","statisticsData":{"worstDay":"SUNDAY","avgPostponeCount":14,"chart":[{"count":1,"day":"MONDAY"},{"count":4,"day":"TUESDAY"},{"count":2,"day":"WEDNESDAY"},{"count":4,"day":"THURSDAY"},{"count":5,"day":"FRIDAY"},{"count":8,"day":"SATURDAY"},{"count":17,"day":"SUNDAY"}]}}},{"type":"missing","loc":["body","week"],"msg":"Field required","input":{"userId":"test-user-001","reportType":"PATTERN","targetPeriod":"2026-02","statisticsData":{"worstDay":"SUNDAY","avgPostponeCount":14,"chart":[{"count":1,"day":"MONDAY"},{"count":4,"day":"TUESDAY"},{"count":2,"day":"WEDNESDAY"},{"count":4,"day":"THURSDAY"},{"count":5,"day":"FRIDAY"},{"count":8,"day":"SATURDAY"},{"count":17,"day":"SUNDAY"}]}}},{"type":"missing","loc":["body","stats_data"],"msg":"Field required","input":{"userId":"test-user-001","reportType":"PATTERN","targetPeriod":"2026-02","statisticsData":{"worstDay":"SUNDAY","avgPostponeCount":14,"chart":[{"count":1,"day":"MONDAY"},{"count":4,"day":"TUESDAY"},{"count":2,"day":"WEDNESDAY"},{"count":4,"day":"THURSDAY"},{"count":5,"day":"FRIDAY"},{"count":8,"day":"SATURDAY"},{"count":17,"day":"SUNDAY"}]}}}]}"
2026-03-07 23:25:31 INFO  [69ac355be46e1e86742023da232fbfc7] [http-nio-8084-exec-6] c.p.analytics.adapter.RestApiAdapter : Calling Service B via REST API: http://localhost:8085 for user: test-user-001, reportType: SUMMARY
2026-03-07 23:25:31 ERROR [69ac355be46e1e86742023da232fbfc7] [http-nio-8084-exec-6] c.p.analytics.adapter.RestApiAdapter : Failed to call Service B for user: test-user-001, error: 422 Unprocessable Content on POST request for "http://localhost:8085/ai/reports/generate": "{"detail":[{"type":"missing","loc":["body","user_id"],"msg":"Field required","input":{"userId":"test-user-001","reportType":"SUMMARY","targetPeriod":"2026-02","statisticsData":{"achievementTrend":"-7%","bestFocusTime":"09:00-11:00","currentRate":60}}},{"type":"missing","loc":["body","year_month"],"msg":"Field required","input":{"userId":"test-user-001","reportType":"SUMMARY","targetPeriod":"2026-02","statisticsData":{"achievementTrend":"-7%","bestFocusTime":"09:00-11:00","currentRate":60}}},{"type":"missing","loc":["body","week"],"msg":"Field required","input":{"userId":"test-user-001","reportType":"SUMMARY","targetPeriod":"2026-02","statisticsData":{"achievementTrend":"-7%","bestFocusTime":"09:00-11:00","currentRate":60}}},{"type":"missing","loc":["body","stats_data"],"msg":"Field required","input":{"userId":"test-user-001","reportType":"SUMMARY","targetPeriod":"2026-02","statisticsData":{"achievementTrend":"-7%","bestFocusTime":"09:00-11:00","currentRate":60}}}]}"
org.springframework.web.client.HttpClientErrorException$UnprocessableEntity: 422 Unprocessable Content on POST request for "http://localhost:8085/ai/reports/generate": "{"detail":[{"type":"missing","loc":["body","user_id"],"msg":"Field required","input":{"userId":"test-user-001","reportType":"SUMMARY","targetPeriod":"2026-02","statisticsData":{"achievementTrend":"-7%","bestFocusTime":"09:00-11:00","currentRate":60}}},{"type":"missing","loc":["body","year_month"],"msg":"Field required","input":{"userId":"test-user-001","reportType":"SUMMARY","targetPeriod":"2026-02","statisticsData":{"achievementTrend":"-7%","bestFocusTime":"09:00-11:00","currentRate":60}}},{"type":"missing","loc":["body","week"],"msg":"Field required","input":{"userId":"test-user-001","reportType":"SUMMARY","targetPeriod":"2026-02","statisticsData":{"achievementTrend":"-7%","bestFocusTime":"09:00-11:00","currentRate":60}}},{"type":"missing","loc":["body","stats_data"],"msg":"Field required","input":{"userId":"test-user-001","reportType":"SUMMARY","targetPeriod":"2026-02","statisticsData":{"achievementTrend":"-7%","bestFocusTime":"09:00-11:00","currentRate":60}}}]}"
	at org.springframework.web.client.HttpClientErrorException.create(HttpClientErrorException.java:133)
	at org.springframework.web.client.DefaultResponseErrorHandler.handleError(DefaultResponseErrorHandler.java:186)
	at org.springframework.web.client.DefaultResponseErrorHandler.handleError(DefaultResponseErrorHandler.java:147)
	at org.springframework.web.client.RestTemplate.handleResponse(RestTemplate.java:953)
	at org.springframework.web.client.RestTemplate.doExecute(RestTemplate.java:902)
	at org.springframework.web.client.RestTemplate.execute(RestTemplate.java:801)
	at org.springframework.web.client.RestTemplate.postForObject(RestTemplate.java:518)
	at com.planit.analytics.adapter.RestApiAdapter.generateReport(RestApiAdapter.java:47)
	at com.planit.analytics.scheduler.ReportGenerationScheduler.generateAndSaveReport(ReportGenerationScheduler.java:215)
	at com.planit.analytics.scheduler.ReportGenerationScheduler.generateMonthlyReportForUser(ReportGenerationScheduler.java:192)
	at java.base/jdk.internal.reflect.NativeMethodAccessorImpl.invoke0(Native Method)
	at java.base/jdk.internal.reflect.NativeMethodAccessorImpl.invoke(NativeMethodAccessorImpl.java:77)
	at java.base/jdk.internal.reflect.DelegatingMethodAccessorImpl.invoke(DelegatingMethodAccessorImpl.java:43)
	at java.base/java.lang.reflect.Method.invoke(Method.java:569)
	at org.springframework.aop.support.AopUtils.invokeJoinpointUsingReflection(AopUtils.java:360)
	at org.springframework.aop.framework.CglibAopProxy$DynamicAdvisedInterceptor.intercept(CglibAopProxy.java:724)
	at com.planit.analytics.scheduler.ReportGenerationScheduler$$SpringCGLIB$$0.generateMonthlyReportForUser(<generated>)
	at com.planit.analytics.controller.BatchController.generateReportForUser(BatchController.java:103)
	at java.base/jdk.internal.reflect.NativeMethodAccessorImpl.invoke0(Native Method)
	at java.base/jdk.internal.reflect.NativeMethodAccessorImpl.invoke(NativeMethodAccessorImpl.java:77)
	at java.base/jdk.internal.reflect.DelegatingMethodAccessorImpl.invoke(DelegatingMethodAccessorImpl.java:43)
	at java.base/java.lang.reflect.Method.invoke(Method.java:569)
	at org.springframework.web.method.support.InvocableHandlerMethod.doInvoke(InvocableHandlerMethod.java:258)
	at org.springframework.web.method.support.InvocableHandlerMethod.invokeForRequest(InvocableHandlerMethod.java:191)
	at org.springframework.web.servlet.mvc.method.annotation.ServletInvocableHandlerMethod.invokeAndHandle(ServletInvocableHandlerMethod.java:118)
	at org.springframework.web.servlet.mvc.method.annotation.RequestMappingHandlerAdapter.invokeHandlerMethod(RequestMappingHandlerAdapter.java:991)
	at org.springframework.web.servlet.mvc.method.annotation.RequestMappingHandlerAdapter.handleInternal(RequestMappingHandlerAdapter.java:896)
	at org.springframework.web.servlet.mvc.method.AbstractHandlerMethodAdapter.handle(AbstractHandlerMethodAdapter.java:87)
	at org.springframework.web.servlet.DispatcherServlet.doDispatch(DispatcherServlet.java:1089)
	at org.springframework.web.servlet.DispatcherServlet.doService(DispatcherServlet.java:979)
	at org.springframework.web.servlet.FrameworkServlet.processRequest(FrameworkServlet.java:1014)
	at org.springframework.web.servlet.FrameworkServlet.doPost(FrameworkServlet.java:914)
	at jakarta.servlet.http.HttpServlet.service(HttpServlet.java:590)
	at org.springframework.web.servlet.FrameworkServlet.service(FrameworkServlet.java:885)
	at jakarta.servlet.http.HttpServlet.service(HttpServlet.java:658)
	at org.apache.catalina.core.ApplicationFilterChain.internalDoFilter(ApplicationFilterChain.java:193)
	at org.apache.catalina.core.ApplicationFilterChain.doFilter(ApplicationFilterChain.java:138)
	at org.apache.tomcat.websocket.server.WsFilter.doFilter(WsFilter.java:51)
	at org.apache.catalina.core.ApplicationFilterChain.internalDoFilter(ApplicationFilterChain.java:162)
	at org.apache.catalina.core.ApplicationFilterChain.doFilter(ApplicationFilterChain.java:138)
	at org.springframework.web.filter.RequestContextFilter.doFilterInternal(RequestContextFilter.java:100)
	at org.springframework.web.filter.OncePerRequestFilter.doFilter(OncePerRequestFilter.java:116)
	at org.apache.catalina.core.ApplicationFilterChain.internalDoFilter(ApplicationFilterChain.java:162)
	at org.apache.catalina.core.ApplicationFilterChain.doFilter(ApplicationFilterChain.java:138)
	at org.springframework.web.filter.FormContentFilter.doFilterInternal(FormContentFilter.java:93)
	at org.springframework.web.filter.OncePerRequestFilter.doFilter(OncePerRequestFilter.java:116)
	at org.apache.catalina.core.ApplicationFilterChain.internalDoFilter(ApplicationFilterChain.java:162)
	at org.apache.catalina.core.ApplicationFilterChain.doFilter(ApplicationFilterChain.java:138)
	at org.springframework.web.filter.ServerHttpObservationFilter.doFilterInternal(ServerHttpObservationFilter.java:110)
	at org.springframework.web.filter.OncePerRequestFilter.doFilter(OncePerRequestFilter.java:116)
	at org.apache.catalina.core.ApplicationFilterChain.internalDoFilter(ApplicationFilterChain.java:162)
	at org.apache.catalina.core.ApplicationFilterChain.doFilter(ApplicationFilterChain.java:138)
	at org.springframework.web.filter.CharacterEncodingFilter.doFilterInternal(CharacterEncodingFilter.java:201)
	at org.springframework.web.filter.OncePerRequestFilter.doFilter(OncePerRequestFilter.java:116)
	at org.apache.catalina.core.ApplicationFilterChain.internalDoFilter(ApplicationFilterChain.java:162)
	at org.apache.catalina.core.ApplicationFilterChain.doFilter(ApplicationFilterChain.java:138)
	at org.apache.catalina.core.StandardWrapperValve.invoke(StandardWrapperValve.java:165)
	at org.apache.catalina.core.StandardContextValve.invoke(StandardContextValve.java:88)
	at org.apache.catalina.authenticator.AuthenticatorBase.invoke(AuthenticatorBase.java:492)
	at org.apache.catalina.core.StandardHostValve.invoke(StandardHostValve.java:113)
	at org.apache.catalina.valves.ErrorReportValve.invoke(ErrorReportValve.java:83)
	at org.apache.catalina.core.StandardEngineValve.invoke(StandardEngineValve.java:72)
	at org.apache.catalina.connector.CoyoteAdapter.service(CoyoteAdapter.java:342)
	at org.apache.coyote.http11.Http11Processor.service(Http11Processor.java:399)
	at org.apache.coyote.AbstractProcessorLight.process(AbstractProcessorLight.java:63)
	at org.apache.coyote.AbstractProtocol$ConnectionHandler.process(AbstractProtocol.java:903)
	at org.apache.tomcat.util.net.NioEndpoint$SocketProcessor.doRun(NioEndpoint.java:1775)
	at org.apache.tomcat.util.net.SocketProcessorBase.run(SocketProcessorBase.java:52)
	at org.apache.tomcat.util.threads.ThreadPoolExecutor.runWorker(ThreadPoolExecutor.java:973)
	at org.apache.tomcat.util.threads.ThreadPoolExecutor$Worker.run(ThreadPoolExecutor.java:491)
	at org.apache.tomcat.util.threads.TaskThread$WrappingRunnable.run(TaskThread.java:63)
	at java.base/java.lang.Thread.run(Thread.java:840)
2026-03-07 23:25:31 WARN  [69ac355be46e1e86742023da232fbfc7] [http-nio-8084-exec-6] c.p.a.s.ReportGenerationScheduler : AI report generation failed for user: test-user-001, type: SUMMARY, error: Service B 호출 실패: 422 Unprocessable Content on POST request for "http://localhost:8085/ai/reports/generate": "{"detail":[{"type":"missing","loc":["body","user_id"],"msg":"Field required","input":{"userId":"test-user-001","reportType":"SUMMARY","targetPeriod":"2026-02","statisticsData":{"achievementTrend":"-7%","bestFocusTime":"09:00-11:00","currentRate":60}}},{"type":"missing","loc":["body","year_month"],"msg":"Field required","input":{"userId":"test-user-001","reportType":"SUMMARY","targetPeriod":"2026-02","statisticsData":{"achievementTrend":"-7%","bestFocusTime":"09:00-11:00","currentRate":60}}},{"type":"missing","loc":["body","week"],"msg":"Field required","input":{"userId":"test-user-001","reportType":"SUMMARY","targetPeriod":"2026-02","statisticsData":{"achievementTrend":"-7%","bestFocusTime":"09:00-11:00","currentRate":60}}},{"type":"missing","loc":["body","stats_data"],"msg":"Field required","input":{"userId":"test-user-001","reportType":"SUMMARY","targetPeriod":"2026-02","statisticsData":{"achievementTrend":"-7%","bestFocusTime":"09:00-11:00","currentRate":60}}}]}"
2026-03-07 23:30:38 ERROR [69ac368e1fb52a3a68386e2fa7fd8574] [http-nio-8084-exec-3] c.p.global.GlobalExceptionHandler : Unexpected error occurred
org.springframework.web.bind.MissingRequestHeaderException: Required request header 'X-User-Id' for method parameter type String is not present
	at org.springframework.web.method.annotation.RequestHeaderMethodArgumentResolver.handleMissingValue(RequestHeaderMethodArgumentResolver.java:87)
	at org.springframework.web.method.annotation.AbstractNamedValueMethodArgumentResolver.handleMissingValue(AbstractNamedValueMethodArgumentResolver.java:234)
	at org.springframework.web.method.annotation.AbstractNamedValueMethodArgumentResolver.resolveArgument(AbstractNamedValueMethodArgumentResolver.java:125)
	at org.springframework.web.method.support.HandlerMethodArgumentResolverComposite.resolveArgument(HandlerMethodArgumentResolverComposite.java:122)
	at org.springframework.web.method.support.InvocableHandlerMethod.getMethodArgumentValues(InvocableHandlerMethod.java:227)
	at org.springframework.web.method.support.InvocableHandlerMethod.invokeForRequest(InvocableHandlerMethod.java:181)
	at org.springframework.web.servlet.mvc.method.annotation.ServletInvocableHandlerMethod.invokeAndHandle(ServletInvocableHandlerMethod.java:118)
	at org.springframework.web.servlet.mvc.method.annotation.RequestMappingHandlerAdapter.invokeHandlerMethod(RequestMappingHandlerAdapter.java:991)
	at org.springframework.web.servlet.mvc.method.annotation.RequestMappingHandlerAdapter.handleInternal(RequestMappingHandlerAdapter.java:896)
	at org.springframework.web.servlet.mvc.method.AbstractHandlerMethodAdapter.handle(AbstractHandlerMethodAdapter.java:87)
	at org.springframework.web.servlet.DispatcherServlet.doDispatch(DispatcherServlet.java:1089)
	at org.springframework.web.servlet.DispatcherServlet.doService(DispatcherServlet.java:979)
	at org.springframework.web.servlet.FrameworkServlet.processRequest(FrameworkServlet.java:1014)
	at org.springframework.web.servlet.FrameworkServlet.doGet(FrameworkServlet.java:903)
	at jakarta.servlet.http.HttpServlet.service(HttpServlet.java:564)
	at org.springframework.web.servlet.FrameworkServlet.service(FrameworkServlet.java:885)
	at jakarta.servlet.http.HttpServlet.service(HttpServlet.java:658)
	at org.apache.catalina.core.ApplicationFilterChain.internalDoFilter(ApplicationFilterChain.java:193)
	at org.apache.catalina.core.ApplicationFilterChain.doFilter(ApplicationFilterChain.java:138)
	at org.apache.tomcat.websocket.server.WsFilter.doFilter(WsFilter.java:51)
	at org.apache.catalina.core.ApplicationFilterChain.internalDoFilter(ApplicationFilterChain.java:162)
	at org.apache.catalina.core.ApplicationFilterChain.doFilter(ApplicationFilterChain.java:138)
	at org.springframework.web.filter.RequestContextFilter.doFilterInternal(RequestContextFilter.java:100)
	at org.springframework.web.filter.OncePerRequestFilter.doFilter(OncePerRequestFilter.java:116)
	at org.apache.catalina.core.ApplicationFilterChain.internalDoFilter(ApplicationFilterChain.java:162)
	at org.apache.catalina.core.ApplicationFilterChain.doFilter(ApplicationFilterChain.java:138)
	at org.springframework.web.filter.FormContentFilter.doFilterInternal(FormContentFilter.java:93)
	at org.springframework.web.filter.OncePerRequestFilter.doFilter(OncePerRequestFilter.java:116)
	at org.apache.catalina.core.ApplicationFilterChain.internalDoFilter(ApplicationFilterChain.java:162)
	at org.apache.catalina.core.ApplicationFilterChain.doFilter(ApplicationFilterChain.java:138)
	at org.springframework.web.filter.ServerHttpObservationFilter.doFilterInternal(ServerHttpObservationFilter.java:110)
	at org.springframework.web.filter.OncePerRequestFilter.doFilter(OncePerRequestFilter.java:116)
	at org.apache.catalina.core.ApplicationFilterChain.internalDoFilter(ApplicationFilterChain.java:162)
	at org.apache.catalina.core.ApplicationFilterChain.doFilter(ApplicationFilterChain.java:138)
	at org.springframework.web.filter.CharacterEncodingFilter.doFilterInternal(CharacterEncodingFilter.java:201)
	at org.springframework.web.filter.OncePerRequestFilter.doFilter(OncePerRequestFilter.java:116)
	at org.apache.catalina.core.ApplicationFilterChain.internalDoFilter(ApplicationFilterChain.java:162)
	at org.apache.catalina.core.ApplicationFilterChain.doFilter(ApplicationFilterChain.java:138)
	at org.apache.catalina.core.StandardWrapperValve.invoke(StandardWrapperValve.java:165)
	at org.apache.catalina.core.StandardContextValve.invoke(StandardContextValve.java:88)
	at org.apache.catalina.authenticator.AuthenticatorBase.invoke(AuthenticatorBase.java:492)
	at org.apache.catalina.core.StandardHostValve.invoke(StandardHostValve.java:113)
	at org.apache.catalina.valves.ErrorReportValve.invoke(ErrorReportValve.java:83)
	at org.apache.catalina.core.StandardEngineValve.invoke(StandardEngineValve.java:72)
	at org.apache.catalina.connector.CoyoteAdapter.service(CoyoteAdapter.java:342)
	at org.apache.coyote.http11.Http11Processor.service(Http11Processor.java:399)
	at org.apache.coyote.AbstractProcessorLight.process(AbstractProcessorLight.java:63)
	at org.apache.coyote.AbstractProtocol$ConnectionHandler.process(AbstractProtocol.java:903)
	at org.apache.tomcat.util.net.NioEndpoint$SocketProcessor.doRun(NioEndpoint.java:1775)
	at org.apache.tomcat.util.net.SocketProcessorBase.run(SocketProcessorBase.java:52)
	at org.apache.tomcat.util.threads.ThreadPoolExecutor.runWorker(ThreadPoolExecutor.java:973)
	at org.apache.tomcat.util.threads.ThreadPoolExecutor$Worker.run(ThreadPoolExecutor.java:491)
	at org.apache.tomcat.util.threads.TaskThread$WrappingRunnable.run(TaskThread.java:63)
	at java.base/java.lang.Thread.run(Thread.java:840)
2026-03-07 23:32:56 INFO  [69ac3718c203ed52835c87406d47fe7f] [http-nio-8084-exec-5] c.p.a.controller.BatchController : Manual trigger: generate report for user: test-user-001, yearMonth: 2026-02
2026-03-07 23:32:56 INFO  [69ac3718c203ed52835c87406d47fe7f] [http-nio-8084-exec-5] c.p.a.s.ReportGenerationScheduler : Generating monthly report for user: test-user-001
2026-03-07 23:32:56 INFO  [] [task-20] c.p.a.service.AnalyticsService : Calculating timeline for user: test-user-001, month: 2026-02
2026-03-07 23:32:56 INFO  [] [task-21] c.p.a.service.AnalyticsService : Analyzing postpone pattern for user: test-user-001, month: 2026-02
2026-03-07 23:32:56 INFO  [] [task-19] c.p.a.service.AnalyticsService : Calculating growth rate for user: test-user-001, month: 2026-02
2026-03-07 23:32:56 INFO  [] [task-22] c.p.a.service.AnalyticsService : Generating summary for user: test-user-001, month: 2026-02
2026-03-07 23:32:56 INFO  [] [task-21] c.p.a.service.AnalyticsService : Postpone pattern analyzed: worst day = SUNDAY
2026-03-07 23:32:56 INFO  [] [task-22] c.p.a.service.AnalyticsService : Summary generated: trend = -7%, focus time = 09:00-11:00
2026-03-07 23:32:56 INFO  [] [task-19] c.p.a.service.AnalyticsService : Growth rate calculated: {previousRate=79, growthRate=-24, topicName=주제#101, currentRate=60}
2026-03-07 23:32:56 INFO  [] [task-20] c.p.a.service.AnalyticsService : Timeline calculated with 6 months
2026-03-07 23:32:56 INFO  [69ac3718c203ed52835c87406d47fe7f] [http-nio-8084-exec-5] c.p.analytics.adapter.RestApiAdapter : Calling Service B via REST API: http://localhost:8085 for user: test-user-001, reportType: GROWTH
2026-03-07 23:32:56 ERROR [69ac3718c203ed52835c87406d47fe7f] [http-nio-8084-exec-5] c.p.analytics.adapter.RestApiAdapter : Failed to call Service B for user: test-user-001, error: 422 Unprocessable Content on POST request for "http://localhost:8085/ai/reports/generate": "{"detail":[{"type":"missing","loc":["body","user_id"],"msg":"Field required","input":{"userId":"test-user-001","reportType":"GROWTH","targetPeriod":"2026-02","statisticsData":{"previousRate":79,"growthRate":-24,"topicName":"주제#101","currentRate":60}}},{"type":"missing","loc":["body","year_month"],"msg":"Field required","input":{"userId":"test-user-001","reportType":"GROWTH","targetPeriod":"2026-02","statisticsData":{"previousRate":79,"growthRate":-24,"topicName":"주제#101","currentRate":60}}},{"type":"missing","loc":["body","week"],"msg":"Field required","input":{"userId":"test-user-001","reportType":"GROWTH","targetPeriod":"2026-02","statisticsData":{"previousRate":79,"growthRate":-24,"topicName":"주제#101","currentRate":60}}},{"type":"missing","loc":["body","stats_data"],"msg":"Field required","input":{"userId":"test-user-001","reportType":"GROWTH","targetPeriod":"2026-02","statisticsData":{"previousRate":79,"growthRate":-24,"topicName":"주제#101","currentRate":60}}}]}"
org.springframework.web.client.HttpClientErrorException$UnprocessableEntity: 422 Unprocessable Content on POST request for "http://localhost:8085/ai/reports/generate": "{"detail":[{"type":"missing","loc":["body","user_id"],"msg":"Field required","input":{"userId":"test-user-001","reportType":"GROWTH","targetPeriod":"2026-02","statisticsData":{"previousRate":79,"growthRate":-24,"topicName":"주제#101","currentRate":60}}},{"type":"missing","loc":["body","year_month"],"msg":"Field required","input":{"userId":"test-user-001","reportType":"GROWTH","targetPeriod":"2026-02","statisticsData":{"previousRate":79,"growthRate":-24,"topicName":"주제#101","currentRate":60}}},{"type":"missing","loc":["body","week"],"msg":"Field required","input":{"userId":"test-user-001","reportType":"GROWTH","targetPeriod":"2026-02","statisticsData":{"previousRate":79,"growthRate":-24,"topicName":"주제#101","currentRate":60}}},{"type":"missing","loc":["body","stats_data"],"msg":"Field required","input":{"userId":"test-user-001","reportType":"GROWTH","targetPeriod":"2026-02","statisticsData":{"previousRate":79,"growthRate":-24,"topicName":"주제#101","currentRate":60}}}]}"
	at org.springframework.web.client.HttpClientErrorException.create(HttpClientErrorException.java:133)
	at org.springframework.web.client.DefaultResponseErrorHandler.handleError(DefaultResponseErrorHandler.java:186)
	at org.springframework.web.client.DefaultResponseErrorHandler.handleError(DefaultResponseErrorHandler.java:147)
	at org.springframework.web.client.RestTemplate.handleResponse(RestTemplate.java:953)
	at org.springframework.web.client.RestTemplate.doExecute(RestTemplate.java:902)
	at org.springframework.web.client.RestTemplate.execute(RestTemplate.java:801)
	at org.springframework.web.client.RestTemplate.postForObject(RestTemplate.java:518)
	at com.planit.analytics.adapter.RestApiAdapter.generateReport(RestApiAdapter.java:47)
	at com.planit.analytics.scheduler.ReportGenerationScheduler.generateAndSaveReport(ReportGenerationScheduler.java:215)
	at com.planit.analytics.scheduler.ReportGenerationScheduler.generateMonthlyReportForUser(ReportGenerationScheduler.java:180)
	at java.base/jdk.internal.reflect.NativeMethodAccessorImpl.invoke0(Native Method)
	at java.base/jdk.internal.reflect.NativeMethodAccessorImpl.invoke(NativeMethodAccessorImpl.java:77)
	at java.base/jdk.internal.reflect.DelegatingMethodAccessorImpl.invoke(DelegatingMethodAccessorImpl.java:43)
	at java.base/java.lang.reflect.Method.invoke(Method.java:569)
	at org.springframework.aop.support.AopUtils.invokeJoinpointUsingReflection(AopUtils.java:360)
	at org.springframework.aop.framework.CglibAopProxy$DynamicAdvisedInterceptor.intercept(CglibAopProxy.java:724)
	at com.planit.analytics.scheduler.ReportGenerationScheduler$$SpringCGLIB$$0.generateMonthlyReportForUser(<generated>)
	at com.planit.analytics.controller.BatchController.generateReportForUser(BatchController.java:103)
	at java.base/jdk.internal.reflect.NativeMethodAccessorImpl.invoke0(Native Method)
	at java.base/jdk.internal.reflect.NativeMethodAccessorImpl.invoke(NativeMethodAccessorImpl.java:77)
	at java.base/jdk.internal.reflect.DelegatingMethodAccessorImpl.invoke(DelegatingMethodAccessorImpl.java:43)
	at java.base/java.lang.reflect.Method.invoke(Method.java:569)
	at org.springframework.web.method.support.InvocableHandlerMethod.doInvoke(InvocableHandlerMethod.java:258)
	at org.springframework.web.method.support.InvocableHandlerMethod.invokeForRequest(InvocableHandlerMethod.java:191)
	at org.springframework.web.servlet.mvc.method.annotation.ServletInvocableHandlerMethod.invokeAndHandle(ServletInvocableHandlerMethod.java:118)
	at org.springframework.web.servlet.mvc.method.annotation.RequestMappingHandlerAdapter.invokeHandlerMethod(RequestMappingHandlerAdapter.java:991)
	at org.springframework.web.servlet.mvc.method.annotation.RequestMappingHandlerAdapter.handleInternal(RequestMappingHandlerAdapter.java:896)
	at org.springframework.web.servlet.mvc.method.AbstractHandlerMethodAdapter.handle(AbstractHandlerMethodAdapter.java:87)
	at org.springframework.web.servlet.DispatcherServlet.doDispatch(DispatcherServlet.java:1089)
	at org.springframework.web.servlet.DispatcherServlet.doService(DispatcherServlet.java:979)
	at org.springframework.web.servlet.FrameworkServlet.processRequest(FrameworkServlet.java:1014)
	at org.springframework.web.servlet.FrameworkServlet.doPost(FrameworkServlet.java:914)
	at jakarta.servlet.http.HttpServlet.service(HttpServlet.java:590)
	at org.springframework.web.servlet.FrameworkServlet.service(FrameworkServlet.java:885)
	at jakarta.servlet.http.HttpServlet.service(HttpServlet.java:658)
	at org.apache.catalina.core.ApplicationFilterChain.internalDoFilter(ApplicationFilterChain.java:193)
	at org.apache.catalina.core.ApplicationFilterChain.doFilter(ApplicationFilterChain.java:138)
	at org.apache.tomcat.websocket.server.WsFilter.doFilter(WsFilter.java:51)
	at org.apache.catalina.core.ApplicationFilterChain.internalDoFilter(ApplicationFilterChain.java:162)
	at org.apache.catalina.core.ApplicationFilterChain.doFilter(ApplicationFilterChain.java:138)
	at org.springframework.web.filter.RequestContextFilter.doFilterInternal(RequestContextFilter.java:100)
	at org.springframework.web.filter.OncePerRequestFilter.doFilter(OncePerRequestFilter.java:116)
	at org.apache.catalina.core.ApplicationFilterChain.internalDoFilter(ApplicationFilterChain.java:162)
	at org.apache.catalina.core.ApplicationFilterChain.doFilter(ApplicationFilterChain.java:138)
	at org.springframework.web.filter.FormContentFilter.doFilterInternal(FormContentFilter.java:93)
	at org.springframework.web.filter.OncePerRequestFilter.doFilter(OncePerRequestFilter.java:116)
	at org.apache.catalina.core.ApplicationFilterChain.internalDoFilter(ApplicationFilterChain.java:162)
	at org.apache.catalina.core.ApplicationFilterChain.doFilter(ApplicationFilterChain.java:138)
	at org.springframework.web.filter.ServerHttpObservationFilter.doFilterInternal(ServerHttpObservationFilter.java:110)
	at org.springframework.web.filter.OncePerRequestFilter.doFilter(OncePerRequestFilter.java:116)
	at org.apache.catalina.core.ApplicationFilterChain.internalDoFilter(ApplicationFilterChain.java:162)
	at org.apache.catalina.core.ApplicationFilterChain.doFilter(ApplicationFilterChain.java:138)
	at org.springframework.web.filter.CharacterEncodingFilter.doFilterInternal(CharacterEncodingFilter.java:201)
	at org.springframework.web.filter.OncePerRequestFilter.doFilter(OncePerRequestFilter.java:116)
	at org.apache.catalina.core.ApplicationFilterChain.internalDoFilter(ApplicationFilterChain.java:162)
	at org.apache.catalina.core.ApplicationFilterChain.doFilter(ApplicationFilterChain.java:138)
	at org.apache.catalina.core.StandardWrapperValve.invoke(StandardWrapperValve.java:165)
	at org.apache.catalina.core.StandardContextValve.invoke(StandardContextValve.java:88)
	at org.apache.catalina.authenticator.AuthenticatorBase.invoke(AuthenticatorBase.java:492)
	at org.apache.catalina.core.StandardHostValve.invoke(StandardHostValve.java:113)
	at org.apache.catalina.valves.ErrorReportValve.invoke(ErrorReportValve.java:83)
	at org.apache.catalina.core.StandardEngineValve.invoke(StandardEngineValve.java:72)
	at org.apache.catalina.connector.CoyoteAdapter.service(CoyoteAdapter.java:342)
	at org.apache.coyote.http11.Http11Processor.service(Http11Processor.java:399)
	at org.apache.coyote.AbstractProcessorLight.process(AbstractProcessorLight.java:63)
	at org.apache.coyote.AbstractProtocol$ConnectionHandler.process(AbstractProtocol.java:903)
	at org.apache.tomcat.util.net.NioEndpoint$SocketProcessor.doRun(NioEndpoint.java:1775)
	at org.apache.tomcat.util.net.SocketProcessorBase.run(SocketProcessorBase.java:52)
	at org.apache.tomcat.util.threads.ThreadPoolExecutor.runWorker(ThreadPoolExecutor.java:973)
	at org.apache.tomcat.util.threads.ThreadPoolExecutor$Worker.run(ThreadPoolExecutor.java:491)
	at org.apache.tomcat.util.threads.TaskThread$WrappingRunnable.run(TaskThread.java:63)
	at java.base/java.lang.Thread.run(Thread.java:840)
2026-03-07 23:32:56 WARN  [69ac3718c203ed52835c87406d47fe7f] [http-nio-8084-exec-5] c.p.a.s.ReportGenerationScheduler : AI report generation failed for user: test-user-001, type: GROWTH, error: Service B 호출 실패: 422 Unprocessable Content on POST request for "http://localhost:8085/ai/reports/generate": "{"detail":[{"type":"missing","loc":["body","user_id"],"msg":"Field required","input":{"userId":"test-user-001","reportType":"GROWTH","targetPeriod":"2026-02","statisticsData":{"previousRate":79,"growthRate":-24,"topicName":"주제#101","currentRate":60}}},{"type":"missing","loc":["body","year_month"],"msg":"Field required","input":{"userId":"test-user-001","reportType":"GROWTH","targetPeriod":"2026-02","statisticsData":{"previousRate":79,"growthRate":-24,"topicName":"주제#101","currentRate":60}}},{"type":"missing","loc":["body","week"],"msg":"Field required","input":{"userId":"test-user-001","reportType":"GROWTH","targetPeriod":"2026-02","statisticsData":{"previousRate":79,"growthRate":-24,"topicName":"주제#101","currentRate":60}}},{"type":"missing","loc":["body","stats_data"],"msg":"Field required","input":{"userId":"test-user-001","reportType":"GROWTH","targetPeriod":"2026-02","statisticsData":{"previousRate":79,"growthRate":-24,"topicName":"주제#101","currentRate":60}}}]}"
2026-03-07 23:32:56 INFO  [69ac3718c203ed52835c87406d47fe7f] [http-nio-8084-exec-5] c.p.analytics.adapter.RestApiAdapter : Calling Service B via REST API: http://localhost:8085 for user: test-user-001, reportType: TIMELINE
2026-03-07 23:32:56 ERROR [69ac3718c203ed52835c87406d47fe7f] [http-nio-8084-exec-5] c.p.analytics.adapter.RestApiAdapter : Failed to call Service B for user: test-user-001, error: 422 Unprocessable Content on POST request for "http://localhost:8085/ai/reports/generate": "{"detail":[{"type":"missing","loc":["body","user_id"],"msg":"Field required","input":{"userId":"test-user-001","reportType":"TIMELINE","targetPeriod":"2026-02","statisticsData":{"chartData":[{"month":"9월","rate":0},{"month":"10월","rate":0},{"month":"11월","rate":0},{"month":"12월","rate":88},{"month":"1월","rate":67},{"month":"2월","rate":60}]}}},{"type":"missing","loc":["body","year_month"],"msg":"Field required","input":{"userId":"test-user-001","reportType":"TIMELINE","targetPeriod":"2026-02","statisticsData":{"chartData":[{"month":"9월","rate":0},{"month":"10월","rate":0},{"month":"11월","rate":0},{"month":"12월","rate":88},{"month":"1월","rate":67},{"month":"2월","rate":60}]}}},{"type":"missing","loc":["body","week"],"msg":"Field required","input":{"userId":"test-user-001","reportType":"TIMELINE","targetPeriod":"2026-02","statisticsData":{"chartData":[{"month":"9월","rate":0},{"month":"10월","rate":0},{"month":"11월","rate":0},{"month":"12월","rate":88},{"month":"1월","rate":67},{"month":"2월","rate":60}]}}},{"type":"missing","loc":["body","stats_data"],"msg":"Field required","input":{"userId":"test-user-001","reportType":"TIMELINE","targetPeriod":"2026-02","statisticsData":{"chartData":[{"month":"9월","rate":0},{"month":"10월","rate":0},{"month":"11월","rate":0},{"month":"12월","rate":88},{"month":"1월","rate":67},{"month":"2월","rate":60}]}}}]}"
org.springframework.web.client.HttpClientErrorException$UnprocessableEntity: 422 Unprocessable Content on POST request for "http://localhost:8085/ai/reports/generate": "{"detail":[{"type":"missing","loc":["body","user_id"],"msg":"Field required","input":{"userId":"test-user-001","reportType":"TIMELINE","targetPeriod":"2026-02","statisticsData":{"chartData":[{"month":"9월","rate":0},{"month":"10월","rate":0},{"month":"11월","rate":0},{"month":"12월","rate":88},{"month":"1월","rate":67},{"month":"2월","rate":60}]}}},{"type":"missing","loc":["body","year_month"],"msg":"Field required","input":{"userId":"test-user-001","reportType":"TIMELINE","targetPeriod":"2026-02","statisticsData":{"chartData":[{"month":"9월","rate":0},{"month":"10월","rate":0},{"month":"11월","rate":0},{"month":"12월","rate":88},{"month":"1월","rate":67},{"month":"2월","rate":60}]}}},{"type":"missing","loc":["body","week"],"msg":"Field required","input":{"userId":"test-user-001","reportType":"TIMELINE","targetPeriod":"2026-02","statisticsData":{"chartData":[{"month":"9월","rate":0},{"month":"10월","rate":0},{"month":"11월","rate":0},{"month":"12월","rate":88},{"month":"1월","rate":67},{"month":"2월","rate":60}]}}},{"type":"missing","loc":["body","stats_data"],"msg":"Field required","input":{"userId":"test-user-001","reportType":"TIMELINE","targetPeriod":"2026-02","statisticsData":{"chartData":[{"month":"9월","rate":0},{"month":"10월","rate":0},{"month":"11월","rate":0},{"month":"12월","rate":88},{"month":"1월","rate":67},{"month":"2월","rate":60}]}}}]}"
	at org.springframework.web.client.HttpClientErrorException.create(HttpClientErrorException.java:133)
	at org.springframework.web.client.DefaultResponseErrorHandler.handleError(DefaultResponseErrorHandler.java:186)
	at org.springframework.web.client.DefaultResponseErrorHandler.handleError(DefaultResponseErrorHandler.java:147)
	at org.springframework.web.client.RestTemplate.handleResponse(RestTemplate.java:953)
	at org.springframework.web.client.RestTemplate.doExecute(RestTemplate.java:902)
	at org.springframework.web.client.RestTemplate.execute(RestTemplate.java:801)
	at org.springframework.web.client.RestTemplate.postForObject(RestTemplate.java:518)
	at com.planit.analytics.adapter.RestApiAdapter.generateReport(RestApiAdapter.java:47)
	at com.planit.analytics.scheduler.ReportGenerationScheduler.generateAndSaveReport(ReportGenerationScheduler.java:215)
	at com.planit.analytics.scheduler.ReportGenerationScheduler.generateMonthlyReportForUser(ReportGenerationScheduler.java:184)
	at java.base/jdk.internal.reflect.NativeMethodAccessorImpl.invoke0(Native Method)
	at java.base/jdk.internal.reflect.NativeMethodAccessorImpl.invoke(NativeMethodAccessorImpl.java:77)
	at java.base/jdk.internal.reflect.DelegatingMethodAccessorImpl.invoke(DelegatingMethodAccessorImpl.java:43)
	at java.base/java.lang.reflect.Method.invoke(Method.java:569)
	at org.springframework.aop.support.AopUtils.invokeJoinpointUsingReflection(AopUtils.java:360)
	at org.springframework.aop.framework.CglibAopProxy$DynamicAdvisedInterceptor.intercept(CglibAopProxy.java:724)
	at com.planit.analytics.scheduler.ReportGenerationScheduler$$SpringCGLIB$$0.generateMonthlyReportForUser(<generated>)
	at com.planit.analytics.controller.BatchController.generateReportForUser(BatchController.java:103)
	at java.base/jdk.internal.reflect.NativeMethodAccessorImpl.invoke0(Native Method)
	at java.base/jdk.internal.reflect.NativeMethodAccessorImpl.invoke(NativeMethodAccessorImpl.java:77)
	at java.base/jdk.internal.reflect.DelegatingMethodAccessorImpl.invoke(DelegatingMethodAccessorImpl.java:43)
	at java.base/java.lang.reflect.Method.invoke(Method.java:569)
	at org.springframework.web.method.support.InvocableHandlerMethod.doInvoke(InvocableHandlerMethod.java:258)
	at org.springframework.web.method.support.InvocableHandlerMethod.invokeForRequest(InvocableHandlerMethod.java:191)
	at org.springframework.web.servlet.mvc.method.annotation.ServletInvocableHandlerMethod.invokeAndHandle(ServletInvocableHandlerMethod.java:118)
	at org.springframework.web.servlet.mvc.method.annotation.RequestMappingHandlerAdapter.invokeHandlerMethod(RequestMappingHandlerAdapter.java:991)
	at org.springframework.web.servlet.mvc.method.annotation.RequestMappingHandlerAdapter.handleInternal(RequestMappingHandlerAdapter.java:896)
	at org.springframework.web.servlet.mvc.method.AbstractHandlerMethodAdapter.handle(AbstractHandlerMethodAdapter.java:87)
	at org.springframework.web.servlet.DispatcherServlet.doDispatch(DispatcherServlet.java:1089)
	at org.springframework.web.servlet.DispatcherServlet.doService(DispatcherServlet.java:979)
	at org.springframework.web.servlet.FrameworkServlet.processRequest(FrameworkServlet.java:1014)
	at org.springframework.web.servlet.FrameworkServlet.doPost(FrameworkServlet.java:914)
	at jakarta.servlet.http.HttpServlet.service(HttpServlet.java:590)
	at org.springframework.web.servlet.FrameworkServlet.service(FrameworkServlet.java:885)
	at jakarta.servlet.http.HttpServlet.service(HttpServlet.java:658)
	at org.apache.catalina.core.ApplicationFilterChain.internalDoFilter(ApplicationFilterChain.java:193)
	at org.apache.catalina.core.ApplicationFilterChain.doFilter(ApplicationFilterChain.java:138)
	at org.apache.tomcat.websocket.server.WsFilter.doFilter(WsFilter.java:51)
	at org.apache.catalina.core.ApplicationFilterChain.internalDoFilter(ApplicationFilterChain.java:162)
	at org.apache.catalina.core.ApplicationFilterChain.doFilter(ApplicationFilterChain.java:138)
	at org.springframework.web.filter.RequestContextFilter.doFilterInternal(RequestContextFilter.java:100)
	at org.springframework.web.filter.OncePerRequestFilter.doFilter(OncePerRequestFilter.java:116)
	at org.apache.catalina.core.ApplicationFilterChain.internalDoFilter(ApplicationFilterChain.java:162)
	at org.apache.catalina.core.ApplicationFilterChain.doFilter(ApplicationFilterChain.java:138)
	at org.springframework.web.filter.FormContentFilter.doFilterInternal(FormContentFilter.java:93)
	at org.springframework.web.filter.OncePerRequestFilter.doFilter(OncePerRequestFilter.java:116)
	at org.apache.catalina.core.ApplicationFilterChain.internalDoFilter(ApplicationFilterChain.java:162)
	at org.apache.catalina.core.ApplicationFilterChain.doFilter(ApplicationFilterChain.java:138)
	at org.springframework.web.filter.ServerHttpObservationFilter.doFilterInternal(ServerHttpObservationFilter.java:110)
	at org.springframework.web.filter.OncePerRequestFilter.doFilter(OncePerRequestFilter.java:116)
	at org.apache.catalina.core.ApplicationFilterChain.internalDoFilter(ApplicationFilterChain.java:162)
	at org.apache.catalina.core.ApplicationFilterChain.doFilter(ApplicationFilterChain.java:138)
	at org.springframework.web.filter.CharacterEncodingFilter.doFilterInternal(CharacterEncodingFilter.java:201)
	at org.springframework.web.filter.OncePerRequestFilter.doFilter(OncePerRequestFilter.java:116)
	at org.apache.catalina.core.ApplicationFilterChain.internalDoFilter(ApplicationFilterChain.java:162)
	at org.apache.catalina.core.ApplicationFilterChain.doFilter(ApplicationFilterChain.java:138)
	at org.apache.catalina.core.StandardWrapperValve.invoke(StandardWrapperValve.java:165)
	at org.apache.catalina.core.StandardContextValve.invoke(StandardContextValve.java:88)
	at org.apache.catalina.authenticator.AuthenticatorBase.invoke(AuthenticatorBase.java:492)
	at org.apache.catalina.core.StandardHostValve.invoke(StandardHostValve.java:113)
	at org.apache.catalina.valves.ErrorReportValve.invoke(ErrorReportValve.java:83)
	at org.apache.catalina.core.StandardEngineValve.invoke(StandardEngineValve.java:72)
	at org.apache.catalina.connector.CoyoteAdapter.service(CoyoteAdapter.java:342)
	at org.apache.coyote.http11.Http11Processor.service(Http11Processor.java:399)
	at org.apache.coyote.AbstractProcessorLight.process(AbstractProcessorLight.java:63)
	at org.apache.coyote.AbstractProtocol$ConnectionHandler.process(AbstractProtocol.java:903)
	at org.apache.tomcat.util.net.NioEndpoint$SocketProcessor.doRun(NioEndpoint.java:1775)
	at org.apache.tomcat.util.net.SocketProcessorBase.run(SocketProcessorBase.java:52)
	at org.apache.tomcat.util.threads.ThreadPoolExecutor.runWorker(ThreadPoolExecutor.java:973)
	at org.apache.tomcat.util.threads.ThreadPoolExecutor$Worker.run(ThreadPoolExecutor.java:491)
	at org.apache.tomcat.util.threads.TaskThread$WrappingRunnable.run(TaskThread.java:63)
	at java.base/java.lang.Thread.run(Thread.java:840)
2026-03-07 23:32:56 WARN  [69ac3718c203ed52835c87406d47fe7f] [http-nio-8084-exec-5] c.p.a.s.ReportGenerationScheduler : AI report generation failed for user: test-user-001, type: TIMELINE, error: Service B 호출 실패: 422 Unprocessable Content on POST request for "http://localhost:8085/ai/reports/generate": "{"detail":[{"type":"missing","loc":["body","user_id"],"msg":"Field required","input":{"userId":"test-user-001","reportType":"TIMELINE","targetPeriod":"2026-02","statisticsData":{"chartData":[{"month":"9월","rate":0},{"month":"10월","rate":0},{"month":"11월","rate":0},{"month":"12월","rate":88},{"month":"1월","rate":67},{"month":"2월","rate":60}]}}},{"type":"missing","loc":["body","year_month"],"msg":"Field required","input":{"userId":"test-user-001","reportType":"TIMELINE","targetPeriod":"2026-02","statisticsData":{"chartData":[{"month":"9월","rate":0},{"month":"10월","rate":0},{"month":"11월","rate":0},{"month":"12월","rate":88},{"month":"1월","rate":67},{"month":"2월","rate":60}]}}},{"type":"missing","loc":["body","week"],"msg":"Field required","input":{"userId":"test-user-001","reportType":"TIMELINE","targetPeriod":"2026-02","statisticsData":{"chartData":[{"month":"9월","rate":0},{"month":"10월","rate":0},{"month":"11월","rate":0},{"month":"12월","rate":88},{"month":"1월","rate":67},{"month":"2월","rate":60}]}}},{"type":"missing","loc":["body","stats_data"],"msg":"Field required","input":{"userId":"test-user-001","reportType":"TIMELINE","targetPeriod":"2026-02","statisticsData":{"chartData":[{"month":"9월","rate":0},{"month":"10월","rate":0},{"month":"11월","rate":0},{"month":"12월","rate":88},{"month":"1월","rate":67},{"month":"2월","rate":60}]}}}]}"
2026-03-07 23:32:56 INFO  [69ac3718c203ed52835c87406d47fe7f] [http-nio-8084-exec-5] c.p.analytics.adapter.RestApiAdapter : Calling Service B via REST API: http://localhost:8085 for user: test-user-001, reportType: PATTERN
2026-03-07 23:32:56 ERROR [69ac3718c203ed52835c87406d47fe7f] [http-nio-8084-exec-5] c.p.analytics.adapter.RestApiAdapter : Failed to call Service B for user: test-user-001, error: 422 Unprocessable Content on POST request for "http://localhost:8085/ai/reports/generate": "{"detail":[{"type":"missing","loc":["body","user_id"],"msg":"Field required","input":{"userId":"test-user-001","reportType":"PATTERN","targetPeriod":"2026-02","statisticsData":{"worstDay":"SUNDAY","avgPostponeCount":14,"chart":[{"count":1,"day":"MONDAY"},{"count":4,"day":"TUESDAY"},{"count":2,"day":"WEDNESDAY"},{"count":4,"day":"THURSDAY"},{"count":5,"day":"FRIDAY"},{"count":8,"day":"SATURDAY"},{"count":17,"day":"SUNDAY"}]}}},{"type":"missing","loc":["body","year_month"],"msg":"Field required","input":{"userId":"test-user-001","reportType":"PATTERN","targetPeriod":"2026-02","statisticsData":{"worstDay":"SUNDAY","avgPostponeCount":14,"chart":[{"count":1,"day":"MONDAY"},{"count":4,"day":"TUESDAY"},{"count":2,"day":"WEDNESDAY"},{"count":4,"day":"THURSDAY"},{"count":5,"day":"FRIDAY"},{"count":8,"day":"SATURDAY"},{"count":17,"day":"SUNDAY"}]}}},{"type":"missing","loc":["body","week"],"msg":"Field required","input":{"userId":"test-user-001","reportType":"PATTERN","targetPeriod":"2026-02","statisticsData":{"worstDay":"SUNDAY","avgPostponeCount":14,"chart":[{"count":1,"day":"MONDAY"},{"count":4,"day":"TUESDAY"},{"count":2,"day":"WEDNESDAY"},{"count":4,"day":"THURSDAY"},{"count":5,"day":"FRIDAY"},{"count":8,"day":"SATURDAY"},{"count":17,"day":"SUNDAY"}]}}},{"type":"missing","loc":["body","stats_data"],"msg":"Field required","input":{"userId":"test-user-001","reportType":"PATTERN","targetPeriod":"2026-02","statisticsData":{"worstDay":"SUNDAY","avgPostponeCount":14,"chart":[{"count":1,"day":"MONDAY"},{"count":4,"day":"TUESDAY"},{"count":2,"day":"WEDNESDAY"},{"count":4,"day":"THURSDAY"},{"count":5,"day":"FRIDAY"},{"count":8,"day":"SATURDAY"},{"count":17,"day":"SUNDAY"}]}}}]}"
org.springframework.web.client.HttpClientErrorException$UnprocessableEntity: 422 Unprocessable Content on POST request for "http://localhost:8085/ai/reports/generate": "{"detail":[{"type":"missing","loc":["body","user_id"],"msg":"Field required","input":{"userId":"test-user-001","reportType":"PATTERN","targetPeriod":"2026-02","statisticsData":{"worstDay":"SUNDAY","avgPostponeCount":14,"chart":[{"count":1,"day":"MONDAY"},{"count":4,"day":"TUESDAY"},{"count":2,"day":"WEDNESDAY"},{"count":4,"day":"THURSDAY"},{"count":5,"day":"FRIDAY"},{"count":8,"day":"SATURDAY"},{"count":17,"day":"SUNDAY"}]}}},{"type":"missing","loc":["body","year_month"],"msg":"Field required","input":{"userId":"test-user-001","reportType":"PATTERN","targetPeriod":"2026-02","statisticsData":{"worstDay":"SUNDAY","avgPostponeCount":14,"chart":[{"count":1,"day":"MONDAY"},{"count":4,"day":"TUESDAY"},{"count":2,"day":"WEDNESDAY"},{"count":4,"day":"THURSDAY"},{"count":5,"day":"FRIDAY"},{"count":8,"day":"SATURDAY"},{"count":17,"day":"SUNDAY"}]}}},{"type":"missing","loc":["body","week"],"msg":"Field required","input":{"userId":"test-user-001","reportType":"PATTERN","targetPeriod":"2026-02","statisticsData":{"worstDay":"SUNDAY","avgPostponeCount":14,"chart":[{"count":1,"day":"MONDAY"},{"count":4,"day":"TUESDAY"},{"count":2,"day":"WEDNESDAY"},{"count":4,"day":"THURSDAY"},{"count":5,"day":"FRIDAY"},{"count":8,"day":"SATURDAY"},{"count":17,"day":"SUNDAY"}]}}},{"type":"missing","loc":["body","stats_data"],"msg":"Field required","input":{"userId":"test-user-001","reportType":"PATTERN","targetPeriod":"2026-02","statisticsData":{"worstDay":"SUNDAY","avgPostponeCount":14,"chart":[{"count":1,"day":"MONDAY"},{"count":4,"day":"TUESDAY"},{"count":2,"day":"WEDNESDAY"},{"count":4,"day":"THURSDAY"},{"count":5,"day":"FRIDAY"},{"count":8,"day":"SATURDAY"},{"count":17,"day":"SUNDAY"}]}}}]}"
	at org.springframework.web.client.HttpClientErrorException.create(HttpClientErrorException.java:133)
	at org.springframework.web.client.DefaultResponseErrorHandler.handleError(DefaultResponseErrorHandler.java:186)
	at org.springframework.web.client.DefaultResponseErrorHandler.handleError(DefaultResponseErrorHandler.java:147)
	at org.springframework.web.client.RestTemplate.handleResponse(RestTemplate.java:953)
	at org.springframework.web.client.RestTemplate.doExecute(RestTemplate.java:902)
	at org.springframework.web.client.RestTemplate.execute(RestTemplate.java:801)
	at org.springframework.web.client.RestTemplate.postForObject(RestTemplate.java:518)
	at com.planit.analytics.adapter.RestApiAdapter.generateReport(RestApiAdapter.java:47)
	at com.planit.analytics.scheduler.ReportGenerationScheduler.generateAndSaveReport(ReportGenerationScheduler.java:215)
	at com.planit.analytics.scheduler.ReportGenerationScheduler.generateMonthlyReportForUser(ReportGenerationScheduler.java:188)
	at java.base/jdk.internal.reflect.NativeMethodAccessorImpl.invoke0(Native Method)
	at java.base/jdk.internal.reflect.NativeMethodAccessorImpl.invoke(NativeMethodAccessorImpl.java:77)
	at java.base/jdk.internal.reflect.DelegatingMethodAccessorImpl.invoke(DelegatingMethodAccessorImpl.java:43)
	at java.base/java.lang.reflect.Method.invoke(Method.java:569)
	at org.springframework.aop.support.AopUtils.invokeJoinpointUsingReflection(AopUtils.java:360)
	at org.springframework.aop.framework.CglibAopProxy$DynamicAdvisedInterceptor.intercept(CglibAopProxy.java:724)
	at com.planit.analytics.scheduler.ReportGenerationScheduler$$SpringCGLIB$$0.generateMonthlyReportForUser(<generated>)
	at com.planit.analytics.controller.BatchController.generateReportForUser(BatchController.java:103)
	at java.base/jdk.internal.reflect.NativeMethodAccessorImpl.invoke0(Native Method)
	at java.base/jdk.internal.reflect.NativeMethodAccessorImpl.invoke(NativeMethodAccessorImpl.java:77)
	at java.base/jdk.internal.reflect.DelegatingMethodAccessorImpl.invoke(DelegatingMethodAccessorImpl.java:43)
	at java.base/java.lang.reflect.Method.invoke(Method.java:569)
	at org.springframework.web.method.support.InvocableHandlerMethod.doInvoke(InvocableHandlerMethod.java:258)
	at org.springframework.web.method.support.InvocableHandlerMethod.invokeForRequest(InvocableHandlerMethod.java:191)
	at org.springframework.web.servlet.mvc.method.annotation.ServletInvocableHandlerMethod.invokeAndHandle(ServletInvocableHandlerMethod.java:118)
	at org.springframework.web.servlet.mvc.method.annotation.RequestMappingHandlerAdapter.invokeHandlerMethod(RequestMappingHandlerAdapter.java:991)
	at org.springframework.web.servlet.mvc.method.annotation.RequestMappingHandlerAdapter.handleInternal(RequestMappingHandlerAdapter.java:896)
	at org.springframework.web.servlet.mvc.method.AbstractHandlerMethodAdapter.handle(AbstractHandlerMethodAdapter.java:87)
	at org.springframework.web.servlet.DispatcherServlet.doDispatch(DispatcherServlet.java:1089)
	at org.springframework.web.servlet.DispatcherServlet.doService(DispatcherServlet.java:979)
	at org.springframework.web.servlet.FrameworkServlet.processRequest(FrameworkServlet.java:1014)
	at org.springframework.web.servlet.FrameworkServlet.doPost(FrameworkServlet.java:914)
	at jakarta.servlet.http.HttpServlet.service(HttpServlet.java:590)
	at org.springframework.web.servlet.FrameworkServlet.service(FrameworkServlet.java:885)
	at jakarta.servlet.http.HttpServlet.service(HttpServlet.java:658)
	at org.apache.catalina.core.ApplicationFilterChain.internalDoFilter(ApplicationFilterChain.java:193)
	at org.apache.catalina.core.ApplicationFilterChain.doFilter(ApplicationFilterChain.java:138)
	at org.apache.tomcat.websocket.server.WsFilter.doFilter(WsFilter.java:51)
	at org.apache.catalina.core.ApplicationFilterChain.internalDoFilter(ApplicationFilterChain.java:162)
	at org.apache.catalina.core.ApplicationFilterChain.doFilter(ApplicationFilterChain.java:138)
	at org.springframework.web.filter.RequestContextFilter.doFilterInternal(RequestContextFilter.java:100)
	at org.springframework.web.filter.OncePerRequestFilter.doFilter(OncePerRequestFilter.java:116)
	at org.apache.catalina.core.ApplicationFilterChain.internalDoFilter(ApplicationFilterChain.java:162)
	at org.apache.catalina.core.ApplicationFilterChain.doFilter(ApplicationFilterChain.java:138)
	at org.springframework.web.filter.FormContentFilter.doFilterInternal(FormContentFilter.java:93)
	at org.springframework.web.filter.OncePerRequestFilter.doFilter(OncePerRequestFilter.java:116)
	at org.apache.catalina.core.ApplicationFilterChain.internalDoFilter(ApplicationFilterChain.java:162)
	at org.apache.catalina.core.ApplicationFilterChain.doFilter(ApplicationFilterChain.java:138)
	at org.springframework.web.filter.ServerHttpObservationFilter.doFilterInternal(ServerHttpObservationFilter.java:110)
	at org.springframework.web.filter.OncePerRequestFilter.doFilter(OncePerRequestFilter.java:116)
	at org.apache.catalina.core.ApplicationFilterChain.internalDoFilter(ApplicationFilterChain.java:162)
	at org.apache.catalina.core.ApplicationFilterChain.doFilter(ApplicationFilterChain.java:138)
	at org.springframework.web.filter.CharacterEncodingFilter.doFilterInternal(CharacterEncodingFilter.java:201)
	at org.springframework.web.filter.OncePerRequestFilter.doFilter(OncePerRequestFilter.java:116)
	at org.apache.catalina.core.ApplicationFilterChain.internalDoFilter(ApplicationFilterChain.java:162)
	at org.apache.catalina.core.ApplicationFilterChain.doFilter(ApplicationFilterChain.java:138)
	at org.apache.catalina.core.StandardWrapperValve.invoke(StandardWrapperValve.java:165)
	at org.apache.catalina.core.StandardContextValve.invoke(StandardContextValve.java:88)
	at org.apache.catalina.authenticator.AuthenticatorBase.invoke(AuthenticatorBase.java:492)
	at org.apache.catalina.core.StandardHostValve.invoke(StandardHostValve.java:113)
	at org.apache.catalina.valves.ErrorReportValve.invoke(ErrorReportValve.java:83)
	at org.apache.catalina.core.StandardEngineValve.invoke(StandardEngineValve.java:72)
	at org.apache.catalina.connector.CoyoteAdapter.service(CoyoteAdapter.java:342)
	at org.apache.coyote.http11.Http11Processor.service(Http11Processor.java:399)
	at org.apache.coyote.AbstractProcessorLight.process(AbstractProcessorLight.java:63)
	at org.apache.coyote.AbstractProtocol$ConnectionHandler.process(AbstractProtocol.java:903)
	at org.apache.tomcat.util.net.NioEndpoint$SocketProcessor.doRun(NioEndpoint.java:1775)
	at org.apache.tomcat.util.net.SocketProcessorBase.run(SocketProcessorBase.java:52)
	at org.apache.tomcat.util.threads.ThreadPoolExecutor.runWorker(ThreadPoolExecutor.java:973)
	at org.apache.tomcat.util.threads.ThreadPoolExecutor$Worker.run(ThreadPoolExecutor.java:491)
	at org.apache.tomcat.util.threads.TaskThread$WrappingRunnable.run(TaskThread.java:63)
	at java.base/java.lang.Thread.run(Thread.java:840)
2026-03-07 23:32:56 WARN  [69ac3718c203ed52835c87406d47fe7f] [http-nio-8084-exec-5] c.p.a.s.ReportGenerationScheduler : AI report generation failed for user: test-user-001, type: PATTERN, error: Service B 호출 실패: 422 Unprocessable Content on POST request for "http://localhost:8085/ai/reports/generate": "{"detail":[{"type":"missing","loc":["body","user_id"],"msg":"Field required","input":{"userId":"test-user-001","reportType":"PATTERN","targetPeriod":"2026-02","statisticsData":{"worstDay":"SUNDAY","avgPostponeCount":14,"chart":[{"count":1,"day":"MONDAY"},{"count":4,"day":"TUESDAY"},{"count":2,"day":"WEDNESDAY"},{"count":4,"day":"THURSDAY"},{"count":5,"day":"FRIDAY"},{"count":8,"day":"SATURDAY"},{"count":17,"day":"SUNDAY"}]}}},{"type":"missing","loc":["body","year_month"],"msg":"Field required","input":{"userId":"test-user-001","reportType":"PATTERN","targetPeriod":"2026-02","statisticsData":{"worstDay":"SUNDAY","avgPostponeCount":14,"chart":[{"count":1,"day":"MONDAY"},{"count":4,"day":"TUESDAY"},{"count":2,"day":"WEDNESDAY"},{"count":4,"day":"THURSDAY"},{"count":5,"day":"FRIDAY"},{"count":8,"day":"SATURDAY"},{"count":17,"day":"SUNDAY"}]}}},{"type":"missing","loc":["body","week"],"msg":"Field required","input":{"userId":"test-user-001","reportType":"PATTERN","targetPeriod":"2026-02","statisticsData":{"worstDay":"SUNDAY","avgPostponeCount":14,"chart":[{"count":1,"day":"MONDAY"},{"count":4,"day":"TUESDAY"},{"count":2,"day":"WEDNESDAY"},{"count":4,"day":"THURSDAY"},{"count":5,"day":"FRIDAY"},{"count":8,"day":"SATURDAY"},{"count":17,"day":"SUNDAY"}]}}},{"type":"missing","loc":["body","stats_data"],"msg":"Field required","input":{"userId":"test-user-001","reportType":"PATTERN","targetPeriod":"2026-02","statisticsData":{"worstDay":"SUNDAY","avgPostponeCount":14,"chart":[{"count":1,"day":"MONDAY"},{"count":4,"day":"TUESDAY"},{"count":2,"day":"WEDNESDAY"},{"count":4,"day":"THURSDAY"},{"count":5,"day":"FRIDAY"},{"count":8,"day":"SATURDAY"},{"count":17,"day":"SUNDAY"}]}}}]}"
2026-03-07 23:32:56 INFO  [69ac3718c203ed52835c87406d47fe7f] [http-nio-8084-exec-5] c.p.analytics.adapter.RestApiAdapter : Calling Service B via REST API: http://localhost:8085 for user: test-user-001, reportType: SUMMARY
2026-03-07 23:32:56 ERROR [69ac3718c203ed52835c87406d47fe7f] [http-nio-8084-exec-5] c.p.analytics.adapter.RestApiAdapter : Failed to call Service B for user: test-user-001, error: 422 Unprocessable Content on POST request for "http://localhost:8085/ai/reports/generate": "{"detail":[{"type":"missing","loc":["body","user_id"],"msg":"Field required","input":{"userId":"test-user-001","reportType":"SUMMARY","targetPeriod":"2026-02","statisticsData":{"achievementTrend":"-7%","bestFocusTime":"09:00-11:00","currentRate":60}}},{"type":"missing","loc":["body","year_month"],"msg":"Field required","input":{"userId":"test-user-001","reportType":"SUMMARY","targetPeriod":"2026-02","statisticsData":{"achievementTrend":"-7%","bestFocusTime":"09:00-11:00","currentRate":60}}},{"type":"missing","loc":["body","week"],"msg":"Field required","input":{"userId":"test-user-001","reportType":"SUMMARY","targetPeriod":"2026-02","statisticsData":{"achievementTrend":"-7%","bestFocusTime":"09:00-11:00","currentRate":60}}},{"type":"missing","loc":["body","stats_data"],"msg":"Field required","input":{"userId":"test-user-001","reportType":"SUMMARY","targetPeriod":"2026-02","statisticsData":{"achievementTrend":"-7%","bestFocusTime":"09:00-11:00","currentRate":60}}}]}"
org.springframework.web.client.HttpClientErrorException$UnprocessableEntity: 422 Unprocessable Content on POST request for "http://localhost:8085/ai/reports/generate": "{"detail":[{"type":"missing","loc":["body","user_id"],"msg":"Field required","input":{"userId":"test-user-001","reportType":"SUMMARY","targetPeriod":"2026-02","statisticsData":{"achievementTrend":"-7%","bestFocusTime":"09:00-11:00","currentRate":60}}},{"type":"missing","loc":["body","year_month"],"msg":"Field required","input":{"userId":"test-user-001","reportType":"SUMMARY","targetPeriod":"2026-02","statisticsData":{"achievementTrend":"-7%","bestFocusTime":"09:00-11:00","currentRate":60}}},{"type":"missing","loc":["body","week"],"msg":"Field required","input":{"userId":"test-user-001","reportType":"SUMMARY","targetPeriod":"2026-02","statisticsData":{"achievementTrend":"-7%","bestFocusTime":"09:00-11:00","currentRate":60}}},{"type":"missing","loc":["body","stats_data"],"msg":"Field required","input":{"userId":"test-user-001","reportType":"SUMMARY","targetPeriod":"2026-02","statisticsData":{"achievementTrend":"-7%","bestFocusTime":"09:00-11:00","currentRate":60}}}]}"
	at org.springframework.web.client.HttpClientErrorException.create(HttpClientErrorException.java:133)
	at org.springframework.web.client.DefaultResponseErrorHandler.handleError(DefaultResponseErrorHandler.java:186)
	at org.springframework.web.client.DefaultResponseErrorHandler.handleError(DefaultResponseErrorHandler.java:147)
	at org.springframework.web.client.RestTemplate.handleResponse(RestTemplate.java:953)
	at org.springframework.web.client.RestTemplate.doExecute(RestTemplate.java:902)
	at org.springframework.web.client.RestTemplate.execute(RestTemplate.java:801)
	at org.springframework.web.client.RestTemplate.postForObject(RestTemplate.java:518)
	at com.planit.analytics.adapter.RestApiAdapter.generateReport(RestApiAdapter.java:47)
	at com.planit.analytics.scheduler.ReportGenerationScheduler.generateAndSaveReport(ReportGenerationScheduler.java:215)
	at com.planit.analytics.scheduler.ReportGenerationScheduler.generateMonthlyReportForUser(ReportGenerationScheduler.java:192)
	at java.base/jdk.internal.reflect.NativeMethodAccessorImpl.invoke0(Native Method)
	at java.base/jdk.internal.reflect.NativeMethodAccessorImpl.invoke(NativeMethodAccessorImpl.java:77)
	at java.base/jdk.internal.reflect.DelegatingMethodAccessorImpl.invoke(DelegatingMethodAccessorImpl.java:43)
	at java.base/java.lang.reflect.Method.invoke(Method.java:569)
	at org.springframework.aop.support.AopUtils.invokeJoinpointUsingReflection(AopUtils.java:360)
	at org.springframework.aop.framework.CglibAopProxy$DynamicAdvisedInterceptor.intercept(CglibAopProxy.java:724)
	at com.planit.analytics.scheduler.ReportGenerationScheduler$$SpringCGLIB$$0.generateMonthlyReportForUser(<generated>)
	at com.planit.analytics.controller.BatchController.generateReportForUser(BatchController.java:103)
	at java.base/jdk.internal.reflect.NativeMethodAccessorImpl.invoke0(Native Method)
	at java.base/jdk.internal.reflect.NativeMethodAccessorImpl.invoke(NativeMethodAccessorImpl.java:77)
	at java.base/jdk.internal.reflect.DelegatingMethodAccessorImpl.invoke(DelegatingMethodAccessorImpl.java:43)
	at java.base/java.lang.reflect.Method.invoke(Method.java:569)
	at org.springframework.web.method.support.InvocableHandlerMethod.doInvoke(InvocableHandlerMethod.java:258)
	at org.springframework.web.method.support.InvocableHandlerMethod.invokeForRequest(InvocableHandlerMethod.java:191)
	at org.springframework.web.servlet.mvc.method.annotation.ServletInvocableHandlerMethod.invokeAndHandle(ServletInvocableHandlerMethod.java:118)
	at org.springframework.web.servlet.mvc.method.annotation.RequestMappingHandlerAdapter.invokeHandlerMethod(RequestMappingHandlerAdapter.java:991)
	at org.springframework.web.servlet.mvc.method.annotation.RequestMappingHandlerAdapter.handleInternal(RequestMappingHandlerAdapter.java:896)
	at org.springframework.web.servlet.mvc.method.AbstractHandlerMethodAdapter.handle(AbstractHandlerMethodAdapter.java:87)
	at org.springframework.web.servlet.DispatcherServlet.doDispatch(DispatcherServlet.java:1089)
	at org.springframework.web.servlet.DispatcherServlet.doService(DispatcherServlet.java:979)
	at org.springframework.web.servlet.FrameworkServlet.processRequest(FrameworkServlet.java:1014)
	at org.springframework.web.servlet.FrameworkServlet.doPost(FrameworkServlet.java:914)
	at jakarta.servlet.http.HttpServlet.service(HttpServlet.java:590)
	at org.springframework.web.servlet.FrameworkServlet.service(FrameworkServlet.java:885)
	at jakarta.servlet.http.HttpServlet.service(HttpServlet.java:658)
	at org.apache.catalina.core.ApplicationFilterChain.internalDoFilter(ApplicationFilterChain.java:193)
	at org.apache.catalina.core.ApplicationFilterChain.doFilter(ApplicationFilterChain.java:138)
	at org.apache.tomcat.websocket.server.WsFilter.doFilter(WsFilter.java:51)
	at org.apache.catalina.core.ApplicationFilterChain.internalDoFilter(ApplicationFilterChain.java:162)
	at org.apache.catalina.core.ApplicationFilterChain.doFilter(ApplicationFilterChain.java:138)
	at org.springframework.web.filter.RequestContextFilter.doFilterInternal(RequestContextFilter.java:100)
	at org.springframework.web.filter.OncePerRequestFilter.doFilter(OncePerRequestFilter.java:116)
	at org.apache.catalina.core.ApplicationFilterChain.internalDoFilter(ApplicationFilterChain.java:162)
	at org.apache.catalina.core.ApplicationFilterChain.doFilter(ApplicationFilterChain.java:138)
	at org.springframework.web.filter.FormContentFilter.doFilterInternal(FormContentFilter.java:93)
	at org.springframework.web.filter.OncePerRequestFilter.doFilter(OncePerRequestFilter.java:116)
	at org.apache.catalina.core.ApplicationFilterChain.internalDoFilter(ApplicationFilterChain.java:162)
	at org.apache.catalina.core.ApplicationFilterChain.doFilter(ApplicationFilterChain.java:138)
	at org.springframework.web.filter.ServerHttpObservationFilter.doFilterInternal(ServerHttpObservationFilter.java:110)
	at org.springframework.web.filter.OncePerRequestFilter.doFilter(OncePerRequestFilter.java:116)
	at org.apache.catalina.core.ApplicationFilterChain.internalDoFilter(ApplicationFilterChain.java:162)
	at org.apache.catalina.core.ApplicationFilterChain.doFilter(ApplicationFilterChain.java:138)
	at org.springframework.web.filter.CharacterEncodingFilter.doFilterInternal(CharacterEncodingFilter.java:201)
	at org.springframework.web.filter.OncePerRequestFilter.doFilter(OncePerRequestFilter.java:116)
	at org.apache.catalina.core.ApplicationFilterChain.internalDoFilter(ApplicationFilterChain.java:162)
	at org.apache.catalina.core.ApplicationFilterChain.doFilter(ApplicationFilterChain.java:138)
	at org.apache.catalina.core.StandardWrapperValve.invoke(StandardWrapperValve.java:165)
	at org.apache.catalina.core.StandardContextValve.invoke(StandardContextValve.java:88)
	at org.apache.catalina.authenticator.AuthenticatorBase.invoke(AuthenticatorBase.java:492)
	at org.apache.catalina.core.StandardHostValve.invoke(StandardHostValve.java:113)
	at org.apache.catalina.valves.ErrorReportValve.invoke(ErrorReportValve.java:83)
	at org.apache.catalina.core.StandardEngineValve.invoke(StandardEngineValve.java:72)
	at org.apache.catalina.connector.CoyoteAdapter.service(CoyoteAdapter.java:342)
	at org.apache.coyote.http11.Http11Processor.service(Http11Processor.java:399)
	at org.apache.coyote.AbstractProcessorLight.process(AbstractProcessorLight.java:63)
	at org.apache.coyote.AbstractProtocol$ConnectionHandler.process(AbstractProtocol.java:903)
	at org.apache.tomcat.util.net.NioEndpoint$SocketProcessor.doRun(NioEndpoint.java:1775)
	at org.apache.tomcat.util.net.SocketProcessorBase.run(SocketProcessorBase.java:52)
	at org.apache.tomcat.util.threads.ThreadPoolExecutor.runWorker(ThreadPoolExecutor.java:973)
	at org.apache.tomcat.util.threads.ThreadPoolExecutor$Worker.run(ThreadPoolExecutor.java:491)
	at org.apache.tomcat.util.threads.TaskThread$WrappingRunnable.run(TaskThread.java:63)
	at java.base/java.lang.Thread.run(Thread.java:840)
2026-03-07 23:32:56 WARN  [69ac3718c203ed52835c87406d47fe7f] [http-nio-8084-exec-5] c.p.a.s.ReportGenerationScheduler : AI report generation failed for user: test-user-001, type: SUMMARY, error: Service B 호출 실패: 422 Unprocessable Content on POST request for "http://localhost:8085/ai/reports/generate": "{"detail":[{"type":"missing","loc":["body","user_id"],"msg":"Field required","input":{"userId":"test-user-001","reportType":"SUMMARY","targetPeriod":"2026-02","statisticsData":{"achievementTrend":"-7%","bestFocusTime":"09:00-11:00","currentRate":60}}},{"type":"missing","loc":["body","year_month"],"msg":"Field required","input":{"userId":"test-user-001","reportType":"SUMMARY","targetPeriod":"2026-02","statisticsData":{"achievementTrend":"-7%","bestFocusTime":"09:00-11:00","currentRate":60}}},{"type":"missing","loc":["body","week"],"msg":"Field required","input":{"userId":"test-user-001","reportType":"SUMMARY","targetPeriod":"2026-02","statisticsData":{"achievementTrend":"-7%","bestFocusTime":"09:00-11:00","currentRate":60}}},{"type":"missing","loc":["body","stats_data"],"msg":"Field required","input":{"userId":"test-user-001","reportType":"SUMMARY","targetPeriod":"2026-02","statisticsData":{"achievementTrend":"-7%","bestFocusTime":"09:00-11:00","currentRate":60}}}]}"
2026-03-07 23:33:13 ERROR [69ac3729931c71f0943a86099f132fc1] [http-nio-8084-exec-8] c.p.global.GlobalExceptionHandler : Unexpected error occurred
org.springframework.web.bind.MissingRequestHeaderException: Required request header 'X-User-Id' for method parameter type String is not present
	at org.springframework.web.method.annotation.RequestHeaderMethodArgumentResolver.handleMissingValue(RequestHeaderMethodArgumentResolver.java:87)
	at org.springframework.web.method.annotation.AbstractNamedValueMethodArgumentResolver.handleMissingValue(AbstractNamedValueMethodArgumentResolver.java:234)
	at org.springframework.web.method.annotation.AbstractNamedValueMethodArgumentResolver.resolveArgument(AbstractNamedValueMethodArgumentResolver.java:125)
	at org.springframework.web.method.support.HandlerMethodArgumentResolverComposite.resolveArgument(HandlerMethodArgumentResolverComposite.java:122)
	at org.springframework.web.method.support.InvocableHandlerMethod.getMethodArgumentValues(InvocableHandlerMethod.java:227)
	at org.springframework.web.method.support.InvocableHandlerMethod.invokeForRequest(InvocableHandlerMethod.java:181)
	at org.springframework.web.servlet.mvc.method.annotation.ServletInvocableHandlerMethod.invokeAndHandle(ServletInvocableHandlerMethod.java:118)
	at org.springframework.web.servlet.mvc.method.annotation.RequestMappingHandlerAdapter.invokeHandlerMethod(RequestMappingHandlerAdapter.java:991)
	at org.springframework.web.servlet.mvc.method.annotation.RequestMappingHandlerAdapter.handleInternal(RequestMappingHandlerAdapter.java:896)
	at org.springframework.web.servlet.mvc.method.AbstractHandlerMethodAdapter.handle(AbstractHandlerMethodAdapter.java:87)
	at org.springframework.web.servlet.DispatcherServlet.doDispatch(DispatcherServlet.java:1089)
	at org.springframework.web.servlet.DispatcherServlet.doService(DispatcherServlet.java:979)
	at org.springframework.web.servlet.FrameworkServlet.processRequest(FrameworkServlet.java:1014)
	at org.springframework.web.servlet.FrameworkServlet.doGet(FrameworkServlet.java:903)
	at jakarta.servlet.http.HttpServlet.service(HttpServlet.java:564)
	at org.springframework.web.servlet.FrameworkServlet.service(FrameworkServlet.java:885)
	at jakarta.servlet.http.HttpServlet.service(HttpServlet.java:658)
	at org.apache.catalina.core.ApplicationFilterChain.internalDoFilter(ApplicationFilterChain.java:193)
	at org.apache.catalina.core.ApplicationFilterChain.doFilter(ApplicationFilterChain.java:138)
	at org.apache.tomcat.websocket.server.WsFilter.doFilter(WsFilter.java:51)
	at org.apache.catalina.core.ApplicationFilterChain.internalDoFilter(ApplicationFilterChain.java:162)
	at org.apache.catalina.core.ApplicationFilterChain.doFilter(ApplicationFilterChain.java:138)
	at org.springframework.web.filter.RequestContextFilter.doFilterInternal(RequestContextFilter.java:100)
	at org.springframework.web.filter.OncePerRequestFilter.doFilter(OncePerRequestFilter.java:116)
	at org.apache.catalina.core.ApplicationFilterChain.internalDoFilter(ApplicationFilterChain.java:162)
	at org.apache.catalina.core.ApplicationFilterChain.doFilter(ApplicationFilterChain.java:138)
	at org.springframework.web.filter.FormContentFilter.doFilterInternal(FormContentFilter.java:93)
	at org.springframework.web.filter.OncePerRequestFilter.doFilter(OncePerRequestFilter.java:116)
	at org.apache.catalina.core.ApplicationFilterChain.internalDoFilter(ApplicationFilterChain.java:162)
	at org.apache.catalina.core.ApplicationFilterChain.doFilter(ApplicationFilterChain.java:138)
	at org.springframework.web.filter.ServerHttpObservationFilter.doFilterInternal(ServerHttpObservationFilter.java:110)
	at org.springframework.web.filter.OncePerRequestFilter.doFilter(OncePerRequestFilter.java:116)
	at org.apache.catalina.core.ApplicationFilterChain.internalDoFilter(ApplicationFilterChain.java:162)
	at org.apache.catalina.core.ApplicationFilterChain.doFilter(ApplicationFilterChain.java:138)
	at org.springframework.web.filter.CharacterEncodingFilter.doFilterInternal(CharacterEncodingFilter.java:201)
	at org.springframework.web.filter.OncePerRequestFilter.doFilter(OncePerRequestFilter.java:116)
	at org.apache.catalina.core.ApplicationFilterChain.internalDoFilter(ApplicationFilterChain.java:162)
	at org.apache.catalina.core.ApplicationFilterChain.doFilter(ApplicationFilterChain.java:138)
	at org.apache.catalina.core.StandardWrapperValve.invoke(StandardWrapperValve.java:165)
	at org.apache.catalina.core.StandardContextValve.invoke(StandardContextValve.java:88)
	at org.apache.catalina.authenticator.AuthenticatorBase.invoke(AuthenticatorBase.java:492)
	at org.apache.catalina.core.StandardHostValve.invoke(StandardHostValve.java:113)
	at org.apache.catalina.valves.ErrorReportValve.invoke(ErrorReportValve.java:83)
	at org.apache.catalina.core.StandardEngineValve.invoke(StandardEngineValve.java:72)
	at org.apache.catalina.connector.CoyoteAdapter.service(CoyoteAdapter.java:342)
	at org.apache.coyote.http11.Http11Processor.service(Http11Processor.java:399)
	at org.apache.coyote.AbstractProcessorLight.process(AbstractProcessorLight.java:63)
	at org.apache.coyote.AbstractProtocol$ConnectionHandler.process(AbstractProtocol.java:903)
	at org.apache.tomcat.util.net.NioEndpoint$SocketProcessor.doRun(NioEndpoint.java:1775)
	at org.apache.tomcat.util.net.SocketProcessorBase.run(SocketProcessorBase.java:52)
	at org.apache.tomcat.util.threads.ThreadPoolExecutor.runWorker(ThreadPoolExecutor.java:973)
	at org.apache.tomcat.util.threads.ThreadPoolExecutor$Worker.run(ThreadPoolExecutor.java:491)
	at org.apache.tomcat.util.threads.TaskThread$WrappingRunnable.run(TaskThread.java:63)
	at java.base/java.lang.Thread.run(Thread.java:840)
2026-03-07 23:37:57 INFO  [69ac3845cfdeaf27eca030a3ad90279e] [http-nio-8084-exec-9] c.p.a.controller.BatchController : Manual trigger: generate report for user: test-user-001, yearMonth: 2026-02
2026-03-07 23:37:57 INFO  [69ac3845cfdeaf27eca030a3ad90279e] [http-nio-8084-exec-9] c.p.a.s.ReportGenerationScheduler : Generating monthly report for user: test-user-001
2026-03-07 23:37:57 INFO  [] [task-24] c.p.a.service.AnalyticsService : Calculating timeline for user: test-user-001, month: 2026-02
2026-03-07 23:37:57 INFO  [] [task-23] c.p.a.service.AnalyticsService : Calculating growth rate for user: test-user-001, month: 2026-02
2026-03-07 23:37:57 INFO  [] [task-25] c.p.a.service.AnalyticsService : Analyzing postpone pattern for user: test-user-001, month: 2026-02
2026-03-07 23:37:57 INFO  [] [task-26] c.p.a.service.AnalyticsService : Generating summary for user: test-user-001, month: 2026-02
2026-03-07 23:37:57 INFO  [] [task-25] c.p.a.service.AnalyticsService : Postpone pattern analyzed: worst day = SUNDAY
2026-03-07 23:37:57 INFO  [] [task-26] c.p.a.service.AnalyticsService : Summary generated: trend = -7%, focus time = 09:00-11:00
2026-03-07 23:37:57 INFO  [] [task-23] c.p.a.service.AnalyticsService : Growth rate calculated: {previousRate=79, growthRate=-24, topicName=주제#101, currentRate=60}
2026-03-07 23:37:57 INFO  [] [task-24] c.p.a.service.AnalyticsService : Timeline calculated with 6 months
2026-03-07 23:37:57 INFO  [69ac3845cfdeaf27eca030a3ad90279e] [http-nio-8084-exec-9] c.p.analytics.adapter.RestApiAdapter : Calling Service B via REST API: http://localhost:8085 for user: test-user-001, reportType: GROWTH
2026-03-07 23:37:57 ERROR [69ac3845cfdeaf27eca030a3ad90279e] [http-nio-8084-exec-9] c.p.analytics.adapter.RestApiAdapter : Failed to call Service B for user: test-user-001, error: 422 Unprocessable Content on POST request for "http://localhost:8085/ai/reports/generate": "{"detail":[{"type":"missing","loc":["body","user_id"],"msg":"Field required","input":{"userId":"test-user-001","reportType":"GROWTH","targetPeriod":"2026-02","statisticsData":{"previousRate":79,"growthRate":-24,"topicName":"주제#101","currentRate":60}}},{"type":"missing","loc":["body","year_month"],"msg":"Field required","input":{"userId":"test-user-001","reportType":"GROWTH","targetPeriod":"2026-02","statisticsData":{"previousRate":79,"growthRate":-24,"topicName":"주제#101","currentRate":60}}},{"type":"missing","loc":["body","week"],"msg":"Field required","input":{"userId":"test-user-001","reportType":"GROWTH","targetPeriod":"2026-02","statisticsData":{"previousRate":79,"growthRate":-24,"topicName":"주제#101","currentRate":60}}},{"type":"missing","loc":["body","stats_data"],"msg":"Field required","input":{"userId":"test-user-001","reportType":"GROWTH","targetPeriod":"2026-02","statisticsData":{"previousRate":79,"growthRate":-24,"topicName":"주제#101","currentRate":60}}}]}"
org.springframework.web.client.HttpClientErrorException$UnprocessableEntity: 422 Unprocessable Content on POST request for "http://localhost:8085/ai/reports/generate": "{"detail":[{"type":"missing","loc":["body","user_id"],"msg":"Field required","input":{"userId":"test-user-001","reportType":"GROWTH","targetPeriod":"2026-02","statisticsData":{"previousRate":79,"growthRate":-24,"topicName":"주제#101","currentRate":60}}},{"type":"missing","loc":["body","year_month"],"msg":"Field required","input":{"userId":"test-user-001","reportType":"GROWTH","targetPeriod":"2026-02","statisticsData":{"previousRate":79,"growthRate":-24,"topicName":"주제#101","currentRate":60}}},{"type":"missing","loc":["body","week"],"msg":"Field required","input":{"userId":"test-user-001","reportType":"GROWTH","targetPeriod":"2026-02","statisticsData":{"previousRate":79,"growthRate":-24,"topicName":"주제#101","currentRate":60}}},{"type":"missing","loc":["body","stats_data"],"msg":"Field required","input":{"userId":"test-user-001","reportType":"GROWTH","targetPeriod":"2026-02","statisticsData":{"previousRate":79,"growthRate":-24,"topicName":"주제#101","currentRate":60}}}]}"
	at org.springframework.web.client.HttpClientErrorException.create(HttpClientErrorException.java:133)
	at org.springframework.web.client.DefaultResponseErrorHandler.handleError(DefaultResponseErrorHandler.java:186)
	at org.springframework.web.client.DefaultResponseErrorHandler.handleError(DefaultResponseErrorHandler.java:147)
	at org.springframework.web.client.RestTemplate.handleResponse(RestTemplate.java:953)
	at org.springframework.web.client.RestTemplate.doExecute(RestTemplate.java:902)
	at org.springframework.web.client.RestTemplate.execute(RestTemplate.java:801)
	at org.springframework.web.client.RestTemplate.postForObject(RestTemplate.java:518)
	at com.planit.analytics.adapter.RestApiAdapter.generateReport(RestApiAdapter.java:47)
	at com.planit.analytics.scheduler.ReportGenerationScheduler.generateAndSaveReport(ReportGenerationScheduler.java:215)
	at com.planit.analytics.scheduler.ReportGenerationScheduler.generateMonthlyReportForUser(ReportGenerationScheduler.java:180)
	at java.base/jdk.internal.reflect.NativeMethodAccessorImpl.invoke0(Native Method)
	at java.base/jdk.internal.reflect.NativeMethodAccessorImpl.invoke(NativeMethodAccessorImpl.java:77)
	at java.base/jdk.internal.reflect.DelegatingMethodAccessorImpl.invoke(DelegatingMethodAccessorImpl.java:43)
	at java.base/java.lang.reflect.Method.invoke(Method.java:569)
	at org.springframework.aop.support.AopUtils.invokeJoinpointUsingReflection(AopUtils.java:360)
	at org.springframework.aop.framework.CglibAopProxy$DynamicAdvisedInterceptor.intercept(CglibAopProxy.java:724)
	at com.planit.analytics.scheduler.ReportGenerationScheduler$$SpringCGLIB$$0.generateMonthlyReportForUser(<generated>)
	at com.planit.analytics.controller.BatchController.generateReportForUser(BatchController.java:103)
	at java.base/jdk.internal.reflect.NativeMethodAccessorImpl.invoke0(Native Method)
	at java.base/jdk.internal.reflect.NativeMethodAccessorImpl.invoke(NativeMethodAccessorImpl.java:77)
	at java.base/jdk.internal.reflect.DelegatingMethodAccessorImpl.invoke(DelegatingMethodAccessorImpl.java:43)
	at java.base/java.lang.reflect.Method.invoke(Method.java:569)
	at org.springframework.web.method.support.InvocableHandlerMethod.doInvoke(InvocableHandlerMethod.java:258)
	at org.springframework.web.method.support.InvocableHandlerMethod.invokeForRequest(InvocableHandlerMethod.java:191)
	at org.springframework.web.servlet.mvc.method.annotation.ServletInvocableHandlerMethod.invokeAndHandle(ServletInvocableHandlerMethod.java:118)
	at org.springframework.web.servlet.mvc.method.annotation.RequestMappingHandlerAdapter.invokeHandlerMethod(RequestMappingHandlerAdapter.java:991)
	at org.springframework.web.servlet.mvc.method.annotation.RequestMappingHandlerAdapter.handleInternal(RequestMappingHandlerAdapter.java:896)
	at org.springframework.web.servlet.mvc.method.AbstractHandlerMethodAdapter.handle(AbstractHandlerMethodAdapter.java:87)
	at org.springframework.web.servlet.DispatcherServlet.doDispatch(DispatcherServlet.java:1089)
	at org.springframework.web.servlet.DispatcherServlet.doService(DispatcherServlet.java:979)
	at org.springframework.web.servlet.FrameworkServlet.processRequest(FrameworkServlet.java:1014)
	at org.springframework.web.servlet.FrameworkServlet.doPost(FrameworkServlet.java:914)
	at jakarta.servlet.http.HttpServlet.service(HttpServlet.java:590)
	at org.springframework.web.servlet.FrameworkServlet.service(FrameworkServlet.java:885)
	at jakarta.servlet.http.HttpServlet.service(HttpServlet.java:658)
	at org.apache.catalina.core.ApplicationFilterChain.internalDoFilter(ApplicationFilterChain.java:193)
	at org.apache.catalina.core.ApplicationFilterChain.doFilter(ApplicationFilterChain.java:138)
	at org.apache.tomcat.websocket.server.WsFilter.doFilter(WsFilter.java:51)
	at org.apache.catalina.core.ApplicationFilterChain.internalDoFilter(ApplicationFilterChain.java:162)
	at org.apache.catalina.core.ApplicationFilterChain.doFilter(ApplicationFilterChain.java:138)
	at org.springframework.web.filter.RequestContextFilter.doFilterInternal(RequestContextFilter.java:100)
	at org.springframework.web.filter.OncePerRequestFilter.doFilter(OncePerRequestFilter.java:116)
	at org.apache.catalina.core.ApplicationFilterChain.internalDoFilter(ApplicationFilterChain.java:162)
	at org.apache.catalina.core.ApplicationFilterChain.doFilter(ApplicationFilterChain.java:138)
	at org.springframework.web.filter.FormContentFilter.doFilterInternal(FormContentFilter.java:93)
	at org.springframework.web.filter.OncePerRequestFilter.doFilter(OncePerRequestFilter.java:116)
	at org.apache.catalina.core.ApplicationFilterChain.internalDoFilter(ApplicationFilterChain.java:162)
	at org.apache.catalina.core.ApplicationFilterChain.doFilter(ApplicationFilterChain.java:138)
	at org.springframework.web.filter.ServerHttpObservationFilter.doFilterInternal(ServerHttpObservationFilter.java:110)
	at org.springframework.web.filter.OncePerRequestFilter.doFilter(OncePerRequestFilter.java:116)
	at org.apache.catalina.core.ApplicationFilterChain.internalDoFilter(ApplicationFilterChain.java:162)
	at org.apache.catalina.core.ApplicationFilterChain.doFilter(ApplicationFilterChain.java:138)
	at org.springframework.web.filter.CharacterEncodingFilter.doFilterInternal(CharacterEncodingFilter.java:201)
	at org.springframework.web.filter.OncePerRequestFilter.doFilter(OncePerRequestFilter.java:116)
	at org.apache.catalina.core.ApplicationFilterChain.internalDoFilter(ApplicationFilterChain.java:162)
	at org.apache.catalina.core.ApplicationFilterChain.doFilter(ApplicationFilterChain.java:138)
	at org.apache.catalina.core.StandardWrapperValve.invoke(StandardWrapperValve.java:165)
	at org.apache.catalina.core.StandardContextValve.invoke(StandardContextValve.java:88)
	at org.apache.catalina.authenticator.AuthenticatorBase.invoke(AuthenticatorBase.java:492)
	at org.apache.catalina.core.StandardHostValve.invoke(StandardHostValve.java:113)
	at org.apache.catalina.valves.ErrorReportValve.invoke(ErrorReportValve.java:83)
	at org.apache.catalina.core.StandardEngineValve.invoke(StandardEngineValve.java:72)
	at org.apache.catalina.connector.CoyoteAdapter.service(CoyoteAdapter.java:342)
	at org.apache.coyote.http11.Http11Processor.service(Http11Processor.java:399)
	at org.apache.coyote.AbstractProcessorLight.process(AbstractProcessorLight.java:63)
	at org.apache.coyote.AbstractProtocol$ConnectionHandler.process(AbstractProtocol.java:903)
	at org.apache.tomcat.util.net.NioEndpoint$SocketProcessor.doRun(NioEndpoint.java:1775)
	at org.apache.tomcat.util.net.SocketProcessorBase.run(SocketProcessorBase.java:52)
	at org.apache.tomcat.util.threads.ThreadPoolExecutor.runWorker(ThreadPoolExecutor.java:973)
	at org.apache.tomcat.util.threads.ThreadPoolExecutor$Worker.run(ThreadPoolExecutor.java:491)
	at org.apache.tomcat.util.threads.TaskThread$WrappingRunnable.run(TaskThread.java:63)
	at java.base/java.lang.Thread.run(Thread.java:840)
2026-03-07 23:37:57 WARN  [69ac3845cfdeaf27eca030a3ad90279e] [http-nio-8084-exec-9] c.p.a.s.ReportGenerationScheduler : AI report generation failed for user: test-user-001, type: GROWTH, error: Service B 호출 실패: 422 Unprocessable Content on POST request for "http://localhost:8085/ai/reports/generate": "{"detail":[{"type":"missing","loc":["body","user_id"],"msg":"Field required","input":{"userId":"test-user-001","reportType":"GROWTH","targetPeriod":"2026-02","statisticsData":{"previousRate":79,"growthRate":-24,"topicName":"주제#101","currentRate":60}}},{"type":"missing","loc":["body","year_month"],"msg":"Field required","input":{"userId":"test-user-001","reportType":"GROWTH","targetPeriod":"2026-02","statisticsData":{"previousRate":79,"growthRate":-24,"topicName":"주제#101","currentRate":60}}},{"type":"missing","loc":["body","week"],"msg":"Field required","input":{"userId":"test-user-001","reportType":"GROWTH","targetPeriod":"2026-02","statisticsData":{"previousRate":79,"growthRate":-24,"topicName":"주제#101","currentRate":60}}},{"type":"missing","loc":["body","stats_data"],"msg":"Field required","input":{"userId":"test-user-001","reportType":"GROWTH","targetPeriod":"2026-02","statisticsData":{"previousRate":79,"growthRate":-24,"topicName":"주제#101","currentRate":60}}}]}"
2026-03-07 23:37:57 INFO  [69ac3845cfdeaf27eca030a3ad90279e] [http-nio-8084-exec-9] c.p.analytics.adapter.RestApiAdapter : Calling Service B via REST API: http://localhost:8085 for user: test-user-001, reportType: TIMELINE
2026-03-07 23:37:57 ERROR [69ac3845cfdeaf27eca030a3ad90279e] [http-nio-8084-exec-9] c.p.analytics.adapter.RestApiAdapter : Failed to call Service B for user: test-user-001, error: 422 Unprocessable Content on POST request for "http://localhost:8085/ai/reports/generate": "{"detail":[{"type":"missing","loc":["body","user_id"],"msg":"Field required","input":{"userId":"test-user-001","reportType":"TIMELINE","targetPeriod":"2026-02","statisticsData":{"chartData":[{"month":"9월","rate":0},{"month":"10월","rate":0},{"month":"11월","rate":0},{"month":"12월","rate":88},{"month":"1월","rate":67},{"month":"2월","rate":60}]}}},{"type":"missing","loc":["body","year_month"],"msg":"Field required","input":{"userId":"test-user-001","reportType":"TIMELINE","targetPeriod":"2026-02","statisticsData":{"chartData":[{"month":"9월","rate":0},{"month":"10월","rate":0},{"month":"11월","rate":0},{"month":"12월","rate":88},{"month":"1월","rate":67},{"month":"2월","rate":60}]}}},{"type":"missing","loc":["body","week"],"msg":"Field required","input":{"userId":"test-user-001","reportType":"TIMELINE","targetPeriod":"2026-02","statisticsData":{"chartData":[{"month":"9월","rate":0},{"month":"10월","rate":0},{"month":"11월","rate":0},{"month":"12월","rate":88},{"month":"1월","rate":67},{"month":"2월","rate":60}]}}},{"type":"missing","loc":["body","stats_data"],"msg":"Field required","input":{"userId":"test-user-001","reportType":"TIMELINE","targetPeriod":"2026-02","statisticsData":{"chartData":[{"month":"9월","rate":0},{"month":"10월","rate":0},{"month":"11월","rate":0},{"month":"12월","rate":88},{"month":"1월","rate":67},{"month":"2월","rate":60}]}}}]}"
org.springframework.web.client.HttpClientErrorException$UnprocessableEntity: 422 Unprocessable Content on POST request for "http://localhost:8085/ai/reports/generate": "{"detail":[{"type":"missing","loc":["body","user_id"],"msg":"Field required","input":{"userId":"test-user-001","reportType":"TIMELINE","targetPeriod":"2026-02","statisticsData":{"chartData":[{"month":"9월","rate":0},{"month":"10월","rate":0},{"month":"11월","rate":0},{"month":"12월","rate":88},{"month":"1월","rate":67},{"month":"2월","rate":60}]}}},{"type":"missing","loc":["body","year_month"],"msg":"Field required","input":{"userId":"test-user-001","reportType":"TIMELINE","targetPeriod":"2026-02","statisticsData":{"chartData":[{"month":"9월","rate":0},{"month":"10월","rate":0},{"month":"11월","rate":0},{"month":"12월","rate":88},{"month":"1월","rate":67},{"month":"2월","rate":60}]}}},{"type":"missing","loc":["body","week"],"msg":"Field required","input":{"userId":"test-user-001","reportType":"TIMELINE","targetPeriod":"2026-02","statisticsData":{"chartData":[{"month":"9월","rate":0},{"month":"10월","rate":0},{"month":"11월","rate":0},{"month":"12월","rate":88},{"month":"1월","rate":67},{"month":"2월","rate":60}]}}},{"type":"missing","loc":["body","stats_data"],"msg":"Field required","input":{"userId":"test-user-001","reportType":"TIMELINE","targetPeriod":"2026-02","statisticsData":{"chartData":[{"month":"9월","rate":0},{"month":"10월","rate":0},{"month":"11월","rate":0},{"month":"12월","rate":88},{"month":"1월","rate":67},{"month":"2월","rate":60}]}}}]}"
	at org.springframework.web.client.HttpClientErrorException.create(HttpClientErrorException.java:133)
	at org.springframework.web.client.DefaultResponseErrorHandler.handleError(DefaultResponseErrorHandler.java:186)
	at org.springframework.web.client.DefaultResponseErrorHandler.handleError(DefaultResponseErrorHandler.java:147)
	at org.springframework.web.client.RestTemplate.handleResponse(RestTemplate.java:953)
	at org.springframework.web.client.RestTemplate.doExecute(RestTemplate.java:902)
	at org.springframework.web.client.RestTemplate.execute(RestTemplate.java:801)
	at org.springframework.web.client.RestTemplate.postForObject(RestTemplate.java:518)
	at com.planit.analytics.adapter.RestApiAdapter.generateReport(RestApiAdapter.java:47)
	at com.planit.analytics.scheduler.ReportGenerationScheduler.generateAndSaveReport(ReportGenerationScheduler.java:215)
	at com.planit.analytics.scheduler.ReportGenerationScheduler.generateMonthlyReportForUser(ReportGenerationScheduler.java:184)
	at java.base/jdk.internal.reflect.NativeMethodAccessorImpl.invoke0(Native Method)
	at java.base/jdk.internal.reflect.NativeMethodAccessorImpl.invoke(NativeMethodAccessorImpl.java:77)
	at java.base/jdk.internal.reflect.DelegatingMethodAccessorImpl.invoke(DelegatingMethodAccessorImpl.java:43)
	at java.base/java.lang.reflect.Method.invoke(Method.java:569)
	at org.springframework.aop.support.AopUtils.invokeJoinpointUsingReflection(AopUtils.java:360)
	at org.springframework.aop.framework.CglibAopProxy$DynamicAdvisedInterceptor.intercept(CglibAopProxy.java:724)
	at com.planit.analytics.scheduler.ReportGenerationScheduler$$SpringCGLIB$$0.generateMonthlyReportForUser(<generated>)
	at com.planit.analytics.controller.BatchController.generateReportForUser(BatchController.java:103)
	at java.base/jdk.internal.reflect.NativeMethodAccessorImpl.invoke0(Native Method)
	at java.base/jdk.internal.reflect.NativeMethodAccessorImpl.invoke(NativeMethodAccessorImpl.java:77)
	at java.base/jdk.internal.reflect.DelegatingMethodAccessorImpl.invoke(DelegatingMethodAccessorImpl.java:43)
	at java.base/java.lang.reflect.Method.invoke(Method.java:569)
	at org.springframework.web.method.support.InvocableHandlerMethod.doInvoke(InvocableHandlerMethod.java:258)
	at org.springframework.web.method.support.InvocableHandlerMethod.invokeForRequest(InvocableHandlerMethod.java:191)
	at org.springframework.web.servlet.mvc.method.annotation.ServletInvocableHandlerMethod.invokeAndHandle(ServletInvocableHandlerMethod.java:118)
	at org.springframework.web.servlet.mvc.method.annotation.RequestMappingHandlerAdapter.invokeHandlerMethod(RequestMappingHandlerAdapter.java:991)
	at org.springframework.web.servlet.mvc.method.annotation.RequestMappingHandlerAdapter.handleInternal(RequestMappingHandlerAdapter.java:896)
	at org.springframework.web.servlet.mvc.method.AbstractHandlerMethodAdapter.handle(AbstractHandlerMethodAdapter.java:87)
	at org.springframework.web.servlet.DispatcherServlet.doDispatch(DispatcherServlet.java:1089)
	at org.springframework.web.servlet.DispatcherServlet.doService(DispatcherServlet.java:979)
	at org.springframework.web.servlet.FrameworkServlet.processRequest(FrameworkServlet.java:1014)
	at org.springframework.web.servlet.FrameworkServlet.doPost(FrameworkServlet.java:914)
	at jakarta.servlet.http.HttpServlet.service(HttpServlet.java:590)
	at org.springframework.web.servlet.FrameworkServlet.service(FrameworkServlet.java:885)
	at jakarta.servlet.http.HttpServlet.service(HttpServlet.java:658)
	at org.apache.catalina.core.ApplicationFilterChain.internalDoFilter(ApplicationFilterChain.java:193)
	at org.apache.catalina.core.ApplicationFilterChain.doFilter(ApplicationFilterChain.java:138)
	at org.apache.tomcat.websocket.server.WsFilter.doFilter(WsFilter.java:51)
	at org.apache.catalina.core.ApplicationFilterChain.internalDoFilter(ApplicationFilterChain.java:162)
	at org.apache.catalina.core.ApplicationFilterChain.doFilter(ApplicationFilterChain.java:138)
	at org.springframework.web.filter.RequestContextFilter.doFilterInternal(RequestContextFilter.java:100)
	at org.springframework.web.filter.OncePerRequestFilter.doFilter(OncePerRequestFilter.java:116)
	at org.apache.catalina.core.ApplicationFilterChain.internalDoFilter(ApplicationFilterChain.java:162)
	at org.apache.catalina.core.ApplicationFilterChain.doFilter(ApplicationFilterChain.java:138)
	at org.springframework.web.filter.FormContentFilter.doFilterInternal(FormContentFilter.java:93)
	at org.springframework.web.filter.OncePerRequestFilter.doFilter(OncePerRequestFilter.java:116)
	at org.apache.catalina.core.ApplicationFilterChain.internalDoFilter(ApplicationFilterChain.java:162)
	at org.apache.catalina.core.ApplicationFilterChain.doFilter(ApplicationFilterChain.java:138)
	at org.springframework.web.filter.ServerHttpObservationFilter.doFilterInternal(ServerHttpObservationFilter.java:110)
	at org.springframework.web.filter.OncePerRequestFilter.doFilter(OncePerRequestFilter.java:116)
	at org.apache.catalina.core.ApplicationFilterChain.internalDoFilter(ApplicationFilterChain.java:162)
	at org.apache.catalina.core.ApplicationFilterChain.doFilter(ApplicationFilterChain.java:138)
	at org.springframework.web.filter.CharacterEncodingFilter.doFilterInternal(CharacterEncodingFilter.java:201)
	at org.springframework.web.filter.OncePerRequestFilter.doFilter(OncePerRequestFilter.java:116)
	at org.apache.catalina.core.ApplicationFilterChain.internalDoFilter(ApplicationFilterChain.java:162)
	at org.apache.catalina.core.ApplicationFilterChain.doFilter(ApplicationFilterChain.java:138)
	at org.apache.catalina.core.StandardWrapperValve.invoke(StandardWrapperValve.java:165)
	at org.apache.catalina.core.StandardContextValve.invoke(StandardContextValve.java:88)
	at org.apache.catalina.authenticator.AuthenticatorBase.invoke(AuthenticatorBase.java:492)
	at org.apache.catalina.core.StandardHostValve.invoke(StandardHostValve.java:113)
	at org.apache.catalina.valves.ErrorReportValve.invoke(ErrorReportValve.java:83)
	at org.apache.catalina.core.StandardEngineValve.invoke(StandardEngineValve.java:72)
	at org.apache.catalina.connector.CoyoteAdapter.service(CoyoteAdapter.java:342)
	at org.apache.coyote.http11.Http11Processor.service(Http11Processor.java:399)
	at org.apache.coyote.AbstractProcessorLight.process(AbstractProcessorLight.java:63)
	at org.apache.coyote.AbstractProtocol$ConnectionHandler.process(AbstractProtocol.java:903)
	at org.apache.tomcat.util.net.NioEndpoint$SocketProcessor.doRun(NioEndpoint.java:1775)
	at org.apache.tomcat.util.net.SocketProcessorBase.run(SocketProcessorBase.java:52)
	at org.apache.tomcat.util.threads.ThreadPoolExecutor.runWorker(ThreadPoolExecutor.java:973)
	at org.apache.tomcat.util.threads.ThreadPoolExecutor$Worker.run(ThreadPoolExecutor.java:491)
	at org.apache.tomcat.util.threads.TaskThread$WrappingRunnable.run(TaskThread.java:63)
	at java.base/java.lang.Thread.run(Thread.java:840)
2026-03-07 23:37:57 WARN  [69ac3845cfdeaf27eca030a3ad90279e] [http-nio-8084-exec-9] c.p.a.s.ReportGenerationScheduler : AI report generation failed for user: test-user-001, type: TIMELINE, error: Service B 호출 실패: 422 Unprocessable Content on POST request for "http://localhost:8085/ai/reports/generate": "{"detail":[{"type":"missing","loc":["body","user_id"],"msg":"Field required","input":{"userId":"test-user-001","reportType":"TIMELINE","targetPeriod":"2026-02","statisticsData":{"chartData":[{"month":"9월","rate":0},{"month":"10월","rate":0},{"month":"11월","rate":0},{"month":"12월","rate":88},{"month":"1월","rate":67},{"month":"2월","rate":60}]}}},{"type":"missing","loc":["body","year_month"],"msg":"Field required","input":{"userId":"test-user-001","reportType":"TIMELINE","targetPeriod":"2026-02","statisticsData":{"chartData":[{"month":"9월","rate":0},{"month":"10월","rate":0},{"month":"11월","rate":0},{"month":"12월","rate":88},{"month":"1월","rate":67},{"month":"2월","rate":60}]}}},{"type":"missing","loc":["body","week"],"msg":"Field required","input":{"userId":"test-user-001","reportType":"TIMELINE","targetPeriod":"2026-02","statisticsData":{"chartData":[{"month":"9월","rate":0},{"month":"10월","rate":0},{"month":"11월","rate":0},{"month":"12월","rate":88},{"month":"1월","rate":67},{"month":"2월","rate":60}]}}},{"type":"missing","loc":["body","stats_data"],"msg":"Field required","input":{"userId":"test-user-001","reportType":"TIMELINE","targetPeriod":"2026-02","statisticsData":{"chartData":[{"month":"9월","rate":0},{"month":"10월","rate":0},{"month":"11월","rate":0},{"month":"12월","rate":88},{"month":"1월","rate":67},{"month":"2월","rate":60}]}}}]}"
2026-03-07 23:37:57 INFO  [69ac3845cfdeaf27eca030a3ad90279e] [http-nio-8084-exec-9] c.p.analytics.adapter.RestApiAdapter : Calling Service B via REST API: http://localhost:8085 for user: test-user-001, reportType: PATTERN
2026-03-07 23:37:57 ERROR [69ac3845cfdeaf27eca030a3ad90279e] [http-nio-8084-exec-9] c.p.analytics.adapter.RestApiAdapter : Failed to call Service B for user: test-user-001, error: 422 Unprocessable Content on POST request for "http://localhost:8085/ai/reports/generate": "{"detail":[{"type":"missing","loc":["body","user_id"],"msg":"Field required","input":{"userId":"test-user-001","reportType":"PATTERN","targetPeriod":"2026-02","statisticsData":{"worstDay":"SUNDAY","avgPostponeCount":14,"chart":[{"count":1,"day":"MONDAY"},{"count":4,"day":"TUESDAY"},{"count":2,"day":"WEDNESDAY"},{"count":4,"day":"THURSDAY"},{"count":5,"day":"FRIDAY"},{"count":8,"day":"SATURDAY"},{"count":17,"day":"SUNDAY"}]}}},{"type":"missing","loc":["body","year_month"],"msg":"Field required","input":{"userId":"test-user-001","reportType":"PATTERN","targetPeriod":"2026-02","statisticsData":{"worstDay":"SUNDAY","avgPostponeCount":14,"chart":[{"count":1,"day":"MONDAY"},{"count":4,"day":"TUESDAY"},{"count":2,"day":"WEDNESDAY"},{"count":4,"day":"THURSDAY"},{"count":5,"day":"FRIDAY"},{"count":8,"day":"SATURDAY"},{"count":17,"day":"SUNDAY"}]}}},{"type":"missing","loc":["body","week"],"msg":"Field required","input":{"userId":"test-user-001","reportType":"PATTERN","targetPeriod":"2026-02","statisticsData":{"worstDay":"SUNDAY","avgPostponeCount":14,"chart":[{"count":1,"day":"MONDAY"},{"count":4,"day":"TUESDAY"},{"count":2,"day":"WEDNESDAY"},{"count":4,"day":"THURSDAY"},{"count":5,"day":"FRIDAY"},{"count":8,"day":"SATURDAY"},{"count":17,"day":"SUNDAY"}]}}},{"type":"missing","loc":["body","stats_data"],"msg":"Field required","input":{"userId":"test-user-001","reportType":"PATTERN","targetPeriod":"2026-02","statisticsData":{"worstDay":"SUNDAY","avgPostponeCount":14,"chart":[{"count":1,"day":"MONDAY"},{"count":4,"day":"TUESDAY"},{"count":2,"day":"WEDNESDAY"},{"count":4,"day":"THURSDAY"},{"count":5,"day":"FRIDAY"},{"count":8,"day":"SATURDAY"},{"count":17,"day":"SUNDAY"}]}}}]}"
org.springframework.web.client.HttpClientErrorException$UnprocessableEntity: 422 Unprocessable Content on POST request for "http://localhost:8085/ai/reports/generate": "{"detail":[{"type":"missing","loc":["body","user_id"],"msg":"Field required","input":{"userId":"test-user-001","reportType":"PATTERN","targetPeriod":"2026-02","statisticsData":{"worstDay":"SUNDAY","avgPostponeCount":14,"chart":[{"count":1,"day":"MONDAY"},{"count":4,"day":"TUESDAY"},{"count":2,"day":"WEDNESDAY"},{"count":4,"day":"THURSDAY"},{"count":5,"day":"FRIDAY"},{"count":8,"day":"SATURDAY"},{"count":17,"day":"SUNDAY"}]}}},{"type":"missing","loc":["body","year_month"],"msg":"Field required","input":{"userId":"test-user-001","reportType":"PATTERN","targetPeriod":"2026-02","statisticsData":{"worstDay":"SUNDAY","avgPostponeCount":14,"chart":[{"count":1,"day":"MONDAY"},{"count":4,"day":"TUESDAY"},{"count":2,"day":"WEDNESDAY"},{"count":4,"day":"THURSDAY"},{"count":5,"day":"FRIDAY"},{"count":8,"day":"SATURDAY"},{"count":17,"day":"SUNDAY"}]}}},{"type":"missing","loc":["body","week"],"msg":"Field required","input":{"userId":"test-user-001","reportType":"PATTERN","targetPeriod":"2026-02","statisticsData":{"worstDay":"SUNDAY","avgPostponeCount":14,"chart":[{"count":1,"day":"MONDAY"},{"count":4,"day":"TUESDAY"},{"count":2,"day":"WEDNESDAY"},{"count":4,"day":"THURSDAY"},{"count":5,"day":"FRIDAY"},{"count":8,"day":"SATURDAY"},{"count":17,"day":"SUNDAY"}]}}},{"type":"missing","loc":["body","stats_data"],"msg":"Field required","input":{"userId":"test-user-001","reportType":"PATTERN","targetPeriod":"2026-02","statisticsData":{"worstDay":"SUNDAY","avgPostponeCount":14,"chart":[{"count":1,"day":"MONDAY"},{"count":4,"day":"TUESDAY"},{"count":2,"day":"WEDNESDAY"},{"count":4,"day":"THURSDAY"},{"count":5,"day":"FRIDAY"},{"count":8,"day":"SATURDAY"},{"count":17,"day":"SUNDAY"}]}}}]}"
	at org.springframework.web.client.HttpClientErrorException.create(HttpClientErrorException.java:133)
	at org.springframework.web.client.DefaultResponseErrorHandler.handleError(DefaultResponseErrorHandler.java:186)
	at org.springframework.web.client.DefaultResponseErrorHandler.handleError(DefaultResponseErrorHandler.java:147)
	at org.springframework.web.client.RestTemplate.handleResponse(RestTemplate.java:953)
	at org.springframework.web.client.RestTemplate.doExecute(RestTemplate.java:902)
	at org.springframework.web.client.RestTemplate.execute(RestTemplate.java:801)
	at org.springframework.web.client.RestTemplate.postForObject(RestTemplate.java:518)
	at com.planit.analytics.adapter.RestApiAdapter.generateReport(RestApiAdapter.java:47)
	at com.planit.analytics.scheduler.ReportGenerationScheduler.generateAndSaveReport(ReportGenerationScheduler.java:215)
	at com.planit.analytics.scheduler.ReportGenerationScheduler.generateMonthlyReportForUser(ReportGenerationScheduler.java:188)
	at java.base/jdk.internal.reflect.NativeMethodAccessorImpl.invoke0(Native Method)
	at java.base/jdk.internal.reflect.NativeMethodAccessorImpl.invoke(NativeMethodAccessorImpl.java:77)
	at java.base/jdk.internal.reflect.DelegatingMethodAccessorImpl.invoke(DelegatingMethodAccessorImpl.java:43)
	at java.base/java.lang.reflect.Method.invoke(Method.java:569)
	at org.springframework.aop.support.AopUtils.invokeJoinpointUsingReflection(AopUtils.java:360)
	at org.springframework.aop.framework.CglibAopProxy$DynamicAdvisedInterceptor.intercept(CglibAopProxy.java:724)
	at com.planit.analytics.scheduler.ReportGenerationScheduler$$SpringCGLIB$$0.generateMonthlyReportForUser(<generated>)
	at com.planit.analytics.controller.BatchController.generateReportForUser(BatchController.java:103)
	at java.base/jdk.internal.reflect.NativeMethodAccessorImpl.invoke0(Native Method)
	at java.base/jdk.internal.reflect.NativeMethodAccessorImpl.invoke(NativeMethodAccessorImpl.java:77)
	at java.base/jdk.internal.reflect.DelegatingMethodAccessorImpl.invoke(DelegatingMethodAccessorImpl.java:43)
	at java.base/java.lang.reflect.Method.invoke(Method.java:569)
	at org.springframework.web.method.support.InvocableHandlerMethod.doInvoke(InvocableHandlerMethod.java:258)
	at org.springframework.web.method.support.InvocableHandlerMethod.invokeForRequest(InvocableHandlerMethod.java:191)
	at org.springframework.web.servlet.mvc.method.annotation.ServletInvocableHandlerMethod.invokeAndHandle(ServletInvocableHandlerMethod.java:118)
	at org.springframework.web.servlet.mvc.method.annotation.RequestMappingHandlerAdapter.invokeHandlerMethod(RequestMappingHandlerAdapter.java:991)
	at org.springframework.web.servlet.mvc.method.annotation.RequestMappingHandlerAdapter.handleInternal(RequestMappingHandlerAdapter.java:896)
	at org.springframework.web.servlet.mvc.method.AbstractHandlerMethodAdapter.handle(AbstractHandlerMethodAdapter.java:87)
	at org.springframework.web.servlet.DispatcherServlet.doDispatch(DispatcherServlet.java:1089)
	at org.springframework.web.servlet.DispatcherServlet.doService(DispatcherServlet.java:979)
	at org.springframework.web.servlet.FrameworkServlet.processRequest(FrameworkServlet.java:1014)
	at org.springframework.web.servlet.FrameworkServlet.doPost(FrameworkServlet.java:914)
	at jakarta.servlet.http.HttpServlet.service(HttpServlet.java:590)
	at org.springframework.web.servlet.FrameworkServlet.service(FrameworkServlet.java:885)
	at jakarta.servlet.http.HttpServlet.service(HttpServlet.java:658)
	at org.apache.catalina.core.ApplicationFilterChain.internalDoFilter(ApplicationFilterChain.java:193)
	at org.apache.catalina.core.ApplicationFilterChain.doFilter(ApplicationFilterChain.java:138)
	at org.apache.tomcat.websocket.server.WsFilter.doFilter(WsFilter.java:51)
	at org.apache.catalina.core.ApplicationFilterChain.internalDoFilter(ApplicationFilterChain.java:162)
	at org.apache.catalina.core.ApplicationFilterChain.doFilter(ApplicationFilterChain.java:138)
	at org.springframework.web.filter.RequestContextFilter.doFilterInternal(RequestContextFilter.java:100)
	at org.springframework.web.filter.OncePerRequestFilter.doFilter(OncePerRequestFilter.java:116)
	at org.apache.catalina.core.ApplicationFilterChain.internalDoFilter(ApplicationFilterChain.java:162)
	at org.apache.catalina.core.ApplicationFilterChain.doFilter(ApplicationFilterChain.java:138)
	at org.springframework.web.filter.FormContentFilter.doFilterInternal(FormContentFilter.java:93)
	at org.springframework.web.filter.OncePerRequestFilter.doFilter(OncePerRequestFilter.java:116)
	at org.apache.catalina.core.ApplicationFilterChain.internalDoFilter(ApplicationFilterChain.java:162)
	at org.apache.catalina.core.ApplicationFilterChain.doFilter(ApplicationFilterChain.java:138)
	at org.springframework.web.filter.ServerHttpObservationFilter.doFilterInternal(ServerHttpObservationFilter.java:110)
	at org.springframework.web.filter.OncePerRequestFilter.doFilter(OncePerRequestFilter.java:116)
	at org.apache.catalina.core.ApplicationFilterChain.internalDoFilter(ApplicationFilterChain.java:162)
	at org.apache.catalina.core.ApplicationFilterChain.doFilter(ApplicationFilterChain.java:138)
	at org.springframework.web.filter.CharacterEncodingFilter.doFilterInternal(CharacterEncodingFilter.java:201)
	at org.springframework.web.filter.OncePerRequestFilter.doFilter(OncePerRequestFilter.java:116)
	at org.apache.catalina.core.ApplicationFilterChain.internalDoFilter(ApplicationFilterChain.java:162)
	at org.apache.catalina.core.ApplicationFilterChain.doFilter(ApplicationFilterChain.java:138)
	at org.apache.catalina.core.StandardWrapperValve.invoke(StandardWrapperValve.java:165)
	at org.apache.catalina.core.StandardContextValve.invoke(StandardContextValve.java:88)
	at org.apache.catalina.authenticator.AuthenticatorBase.invoke(AuthenticatorBase.java:492)
	at org.apache.catalina.core.StandardHostValve.invoke(StandardHostValve.java:113)
	at org.apache.catalina.valves.ErrorReportValve.invoke(ErrorReportValve.java:83)
	at org.apache.catalina.core.StandardEngineValve.invoke(StandardEngineValve.java:72)
	at org.apache.catalina.connector.CoyoteAdapter.service(CoyoteAdapter.java:342)
	at org.apache.coyote.http11.Http11Processor.service(Http11Processor.java:399)
	at org.apache.coyote.AbstractProcessorLight.process(AbstractProcessorLight.java:63)
	at org.apache.coyote.AbstractProtocol$ConnectionHandler.process(AbstractProtocol.java:903)
	at org.apache.tomcat.util.net.NioEndpoint$SocketProcessor.doRun(NioEndpoint.java:1775)
	at org.apache.tomcat.util.net.SocketProcessorBase.run(SocketProcessorBase.java:52)
	at org.apache.tomcat.util.threads.ThreadPoolExecutor.runWorker(ThreadPoolExecutor.java:973)
	at org.apache.tomcat.util.threads.ThreadPoolExecutor$Worker.run(ThreadPoolExecutor.java:491)
	at org.apache.tomcat.util.threads.TaskThread$WrappingRunnable.run(TaskThread.java:63)
	at java.base/java.lang.Thread.run(Thread.java:840)
2026-03-07 23:37:57 WARN  [69ac3845cfdeaf27eca030a3ad90279e] [http-nio-8084-exec-9] c.p.a.s.ReportGenerationScheduler : AI report generation failed for user: test-user-001, type: PATTERN, error: Service B 호출 실패: 422 Unprocessable Content on POST request for "http://localhost:8085/ai/reports/generate": "{"detail":[{"type":"missing","loc":["body","user_id"],"msg":"Field required","input":{"userId":"test-user-001","reportType":"PATTERN","targetPeriod":"2026-02","statisticsData":{"worstDay":"SUNDAY","avgPostponeCount":14,"chart":[{"count":1,"day":"MONDAY"},{"count":4,"day":"TUESDAY"},{"count":2,"day":"WEDNESDAY"},{"count":4,"day":"THURSDAY"},{"count":5,"day":"FRIDAY"},{"count":8,"day":"SATURDAY"},{"count":17,"day":"SUNDAY"}]}}},{"type":"missing","loc":["body","year_month"],"msg":"Field required","input":{"userId":"test-user-001","reportType":"PATTERN","targetPeriod":"2026-02","statisticsData":{"worstDay":"SUNDAY","avgPostponeCount":14,"chart":[{"count":1,"day":"MONDAY"},{"count":4,"day":"TUESDAY"},{"count":2,"day":"WEDNESDAY"},{"count":4,"day":"THURSDAY"},{"count":5,"day":"FRIDAY"},{"count":8,"day":"SATURDAY"},{"count":17,"day":"SUNDAY"}]}}},{"type":"missing","loc":["body","week"],"msg":"Field required","input":{"userId":"test-user-001","reportType":"PATTERN","targetPeriod":"2026-02","statisticsData":{"worstDay":"SUNDAY","avgPostponeCount":14,"chart":[{"count":1,"day":"MONDAY"},{"count":4,"day":"TUESDAY"},{"count":2,"day":"WEDNESDAY"},{"count":4,"day":"THURSDAY"},{"count":5,"day":"FRIDAY"},{"count":8,"day":"SATURDAY"},{"count":17,"day":"SUNDAY"}]}}},{"type":"missing","loc":["body","stats_data"],"msg":"Field required","input":{"userId":"test-user-001","reportType":"PATTERN","targetPeriod":"2026-02","statisticsData":{"worstDay":"SUNDAY","avgPostponeCount":14,"chart":[{"count":1,"day":"MONDAY"},{"count":4,"day":"TUESDAY"},{"count":2,"day":"WEDNESDAY"},{"count":4,"day":"THURSDAY"},{"count":5,"day":"FRIDAY"},{"count":8,"day":"SATURDAY"},{"count":17,"day":"SUNDAY"}]}}}]}"
2026-03-07 23:37:57 INFO  [69ac3845cfdeaf27eca030a3ad90279e] [http-nio-8084-exec-9] c.p.analytics.adapter.RestApiAdapter : Calling Service B via REST API: http://localhost:8085 for user: test-user-001, reportType: SUMMARY
2026-03-07 23:37:57 ERROR [69ac3845cfdeaf27eca030a3ad90279e] [http-nio-8084-exec-9] c.p.analytics.adapter.RestApiAdapter : Failed to call Service B for user: test-user-001, error: 422 Unprocessable Content on POST request for "http://localhost:8085/ai/reports/generate": "{"detail":[{"type":"missing","loc":["body","user_id"],"msg":"Field required","input":{"userId":"test-user-001","reportType":"SUMMARY","targetPeriod":"2026-02","statisticsData":{"achievementTrend":"-7%","bestFocusTime":"09:00-11:00","currentRate":60}}},{"type":"missing","loc":["body","year_month"],"msg":"Field required","input":{"userId":"test-user-001","reportType":"SUMMARY","targetPeriod":"2026-02","statisticsData":{"achievementTrend":"-7%","bestFocusTime":"09:00-11:00","currentRate":60}}},{"type":"missing","loc":["body","week"],"msg":"Field required","input":{"userId":"test-user-001","reportType":"SUMMARY","targetPeriod":"2026-02","statisticsData":{"achievementTrend":"-7%","bestFocusTime":"09:00-11:00","currentRate":60}}},{"type":"missing","loc":["body","stats_data"],"msg":"Field required","input":{"userId":"test-user-001","reportType":"SUMMARY","targetPeriod":"2026-02","statisticsData":{"achievementTrend":"-7%","bestFocusTime":"09:00-11:00","currentRate":60}}}]}"
org.springframework.web.client.HttpClientErrorException$UnprocessableEntity: 422 Unprocessable Content on POST request for "http://localhost:8085/ai/reports/generate": "{"detail":[{"type":"missing","loc":["body","user_id"],"msg":"Field required","input":{"userId":"test-user-001","reportType":"SUMMARY","targetPeriod":"2026-02","statisticsData":{"achievementTrend":"-7%","bestFocusTime":"09:00-11:00","currentRate":60}}},{"type":"missing","loc":["body","year_month"],"msg":"Field required","input":{"userId":"test-user-001","reportType":"SUMMARY","targetPeriod":"2026-02","statisticsData":{"achievementTrend":"-7%","bestFocusTime":"09:00-11:00","currentRate":60}}},{"type":"missing","loc":["body","week"],"msg":"Field required","input":{"userId":"test-user-001","reportType":"SUMMARY","targetPeriod":"2026-02","statisticsData":{"achievementTrend":"-7%","bestFocusTime":"09:00-11:00","currentRate":60}}},{"type":"missing","loc":["body","stats_data"],"msg":"Field required","input":{"userId":"test-user-001","reportType":"SUMMARY","targetPeriod":"2026-02","statisticsData":{"achievementTrend":"-7%","bestFocusTime":"09:00-11:00","currentRate":60}}}]}"
	at org.springframework.web.client.HttpClientErrorException.create(HttpClientErrorException.java:133)
	at org.springframework.web.client.DefaultResponseErrorHandler.handleError(DefaultResponseErrorHandler.java:186)
	at org.springframework.web.client.DefaultResponseErrorHandler.handleError(DefaultResponseErrorHandler.java:147)
	at org.springframework.web.client.RestTemplate.handleResponse(RestTemplate.java:953)
	at org.springframework.web.client.RestTemplate.doExecute(RestTemplate.java:902)
	at org.springframework.web.client.RestTemplate.execute(RestTemplate.java:801)
	at org.springframework.web.client.RestTemplate.postForObject(RestTemplate.java:518)
	at com.planit.analytics.adapter.RestApiAdapter.generateReport(RestApiAdapter.java:47)
	at com.planit.analytics.scheduler.ReportGenerationScheduler.generateAndSaveReport(ReportGenerationScheduler.java:215)
	at com.planit.analytics.scheduler.ReportGenerationScheduler.generateMonthlyReportForUser(ReportGenerationScheduler.java:192)
	at java.base/jdk.internal.reflect.NativeMethodAccessorImpl.invoke0(Native Method)
	at java.base/jdk.internal.reflect.NativeMethodAccessorImpl.invoke(NativeMethodAccessorImpl.java:77)
	at java.base/jdk.internal.reflect.DelegatingMethodAccessorImpl.invoke(DelegatingMethodAccessorImpl.java:43)
	at java.base/java.lang.reflect.Method.invoke(Method.java:569)
	at org.springframework.aop.support.AopUtils.invokeJoinpointUsingReflection(AopUtils.java:360)
	at org.springframework.aop.framework.CglibAopProxy$DynamicAdvisedInterceptor.intercept(CglibAopProxy.java:724)
	at com.planit.analytics.scheduler.ReportGenerationScheduler$$SpringCGLIB$$0.generateMonthlyReportForUser(<generated>)
	at com.planit.analytics.controller.BatchController.generateReportForUser(BatchController.java:103)
	at java.base/jdk.internal.reflect.NativeMethodAccessorImpl.invoke0(Native Method)
	at java.base/jdk.internal.reflect.NativeMethodAccessorImpl.invoke(NativeMethodAccessorImpl.java:77)
	at java.base/jdk.internal.reflect.DelegatingMethodAccessorImpl.invoke(DelegatingMethodAccessorImpl.java:43)
	at java.base/java.lang.reflect.Method.invoke(Method.java:569)
	at org.springframework.web.method.support.InvocableHandlerMethod.doInvoke(InvocableHandlerMethod.java:258)
	at org.springframework.web.method.support.InvocableHandlerMethod.invokeForRequest(InvocableHandlerMethod.java:191)
	at org.springframework.web.servlet.mvc.method.annotation.ServletInvocableHandlerMethod.invokeAndHandle(ServletInvocableHandlerMethod.java:118)
	at org.springframework.web.servlet.mvc.method.annotation.RequestMappingHandlerAdapter.invokeHandlerMethod(RequestMappingHandlerAdapter.java:991)
	at org.springframework.web.servlet.mvc.method.annotation.RequestMappingHandlerAdapter.handleInternal(RequestMappingHandlerAdapter.java:896)
	at org.springframework.web.servlet.mvc.method.AbstractHandlerMethodAdapter.handle(AbstractHandlerMethodAdapter.java:87)
	at org.springframework.web.servlet.DispatcherServlet.doDispatch(DispatcherServlet.java:1089)
	at org.springframework.web.servlet.DispatcherServlet.doService(DispatcherServlet.java:979)
	at org.springframework.web.servlet.FrameworkServlet.processRequest(FrameworkServlet.java:1014)
	at org.springframework.web.servlet.FrameworkServlet.doPost(FrameworkServlet.java:914)
	at jakarta.servlet.http.HttpServlet.service(HttpServlet.java:590)
	at org.springframework.web.servlet.FrameworkServlet.service(FrameworkServlet.java:885)
	at jakarta.servlet.http.HttpServlet.service(HttpServlet.java:658)
	at org.apache.catalina.core.ApplicationFilterChain.internalDoFilter(ApplicationFilterChain.java:193)
	at org.apache.catalina.core.ApplicationFilterChain.doFilter(ApplicationFilterChain.java:138)
	at org.apache.tomcat.websocket.server.WsFilter.doFilter(WsFilter.java:51)
	at org.apache.catalina.core.ApplicationFilterChain.internalDoFilter(ApplicationFilterChain.java:162)
	at org.apache.catalina.core.ApplicationFilterChain.doFilter(ApplicationFilterChain.java:138)
	at org.springframework.web.filter.RequestContextFilter.doFilterInternal(RequestContextFilter.java:100)
	at org.springframework.web.filter.OncePerRequestFilter.doFilter(OncePerRequestFilter.java:116)
	at org.apache.catalina.core.ApplicationFilterChain.internalDoFilter(ApplicationFilterChain.java:162)
	at org.apache.catalina.core.ApplicationFilterChain.doFilter(ApplicationFilterChain.java:138)
	at org.springframework.web.filter.FormContentFilter.doFilterInternal(FormContentFilter.java:93)
	at org.springframework.web.filter.OncePerRequestFilter.doFilter(OncePerRequestFilter.java:116)
	at org.apache.catalina.core.ApplicationFilterChain.internalDoFilter(ApplicationFilterChain.java:162)
	at org.apache.catalina.core.ApplicationFilterChain.doFilter(ApplicationFilterChain.java:138)
	at org.springframework.web.filter.ServerHttpObservationFilter.doFilterInternal(ServerHttpObservationFilter.java:110)
	at org.springframework.web.filter.OncePerRequestFilter.doFilter(OncePerRequestFilter.java:116)
	at org.apache.catalina.core.ApplicationFilterChain.internalDoFilter(ApplicationFilterChain.java:162)
	at org.apache.catalina.core.ApplicationFilterChain.doFilter(ApplicationFilterChain.java:138)
	at org.springframework.web.filter.CharacterEncodingFilter.doFilterInternal(CharacterEncodingFilter.java:201)
	at org.springframework.web.filter.OncePerRequestFilter.doFilter(OncePerRequestFilter.java:116)
	at org.apache.catalina.core.ApplicationFilterChain.internalDoFilter(ApplicationFilterChain.java:162)
	at org.apache.catalina.core.ApplicationFilterChain.doFilter(ApplicationFilterChain.java:138)
	at org.apache.catalina.core.StandardWrapperValve.invoke(StandardWrapperValve.java:165)
	at org.apache.catalina.core.StandardContextValve.invoke(StandardContextValve.java:88)
	at org.apache.catalina.authenticator.AuthenticatorBase.invoke(AuthenticatorBase.java:492)
	at org.apache.catalina.core.StandardHostValve.invoke(StandardHostValve.java:113)
	at org.apache.catalina.valves.ErrorReportValve.invoke(ErrorReportValve.java:83)
	at org.apache.catalina.core.StandardEngineValve.invoke(StandardEngineValve.java:72)
	at org.apache.catalina.connector.CoyoteAdapter.service(CoyoteAdapter.java:342)
	at org.apache.coyote.http11.Http11Processor.service(Http11Processor.java:399)
	at org.apache.coyote.AbstractProcessorLight.process(AbstractProcessorLight.java:63)
	at org.apache.coyote.AbstractProtocol$ConnectionHandler.process(AbstractProtocol.java:903)
	at org.apache.tomcat.util.net.NioEndpoint$SocketProcessor.doRun(NioEndpoint.java:1775)
	at org.apache.tomcat.util.net.SocketProcessorBase.run(SocketProcessorBase.java:52)
	at org.apache.tomcat.util.threads.ThreadPoolExecutor.runWorker(ThreadPoolExecutor.java:973)
	at org.apache.tomcat.util.threads.ThreadPoolExecutor$Worker.run(ThreadPoolExecutor.java:491)
	at org.apache.tomcat.util.threads.TaskThread$WrappingRunnable.run(TaskThread.java:63)
	at java.base/java.lang.Thread.run(Thread.java:840)
2026-03-07 23:37:57 WARN  [69ac3845cfdeaf27eca030a3ad90279e] [http-nio-8084-exec-9] c.p.a.s.ReportGenerationScheduler : AI report generation failed for user: test-user-001, type: SUMMARY, error: Service B 호출 실패: 422 Unprocessable Content on POST request for "http://localhost:8085/ai/reports/generate": "{"detail":[{"type":"missing","loc":["body","user_id"],"msg":"Field required","input":{"userId":"test-user-001","reportType":"SUMMARY","targetPeriod":"2026-02","statisticsData":{"achievementTrend":"-7%","bestFocusTime":"09:00-11:00","currentRate":60}}},{"type":"missing","loc":["body","year_month"],"msg":"Field required","input":{"userId":"test-user-001","reportType":"SUMMARY","targetPeriod":"2026-02","statisticsData":{"achievementTrend":"-7%","bestFocusTime":"09:00-11:00","currentRate":60}}},{"type":"missing","loc":["body","week"],"msg":"Field required","input":{"userId":"test-user-001","reportType":"SUMMARY","targetPeriod":"2026-02","statisticsData":{"achievementTrend":"-7%","bestFocusTime":"09:00-11:00","currentRate":60}}},{"type":"missing","loc":["body","stats_data"],"msg":"Field required","input":{"userId":"test-user-001","reportType":"SUMMARY","targetPeriod":"2026-02","statisticsData":{"achievementTrend":"-7%","bestFocusTime":"09:00-11:00","currentRate":60}}}]}"
2026-03-07 23:38:29 INFO  [69ac3865650d32db55e596d55a3bcd12] [http-nio-8084-exec-10] c.p.a.controller.BatchController : Manual trigger: generate report for user: test-user-001, yearMonth: 2026-01
2026-03-07 23:38:29 INFO  [69ac3865650d32db55e596d55a3bcd12] [http-nio-8084-exec-10] c.p.a.s.ReportGenerationScheduler : Generating monthly report for user: test-user-001
2026-03-07 23:38:29 INFO  [] [task-25] c.p.a.service.AnalyticsService : Calculating timeline for user: test-user-001, month: 2026-01
2026-03-07 23:38:29 INFO  [] [task-26] c.p.a.service.AnalyticsService : Analyzing postpone pattern for user: test-user-001, month: 2026-01
2026-03-07 23:38:29 INFO  [] [task-23] c.p.a.service.AnalyticsService : Generating summary for user: test-user-001, month: 2026-01
2026-03-07 23:38:29 INFO  [] [task-27] c.p.a.service.AnalyticsService : Calculating growth rate for user: test-user-001, month: 2026-01
2026-03-07 23:38:29 INFO  [] [task-26] c.p.a.service.AnalyticsService : Postpone pattern analyzed: worst day = THURSDAY
2026-03-07 23:38:29 INFO  [] [task-23] c.p.a.service.AnalyticsService : Summary generated: trend = -21%, focus time = 16:00-18:00
2026-03-07 23:38:29 INFO  [] [task-27] c.p.a.service.AnalyticsService : Growth rate calculated: {previousRate=88, growthRate=-24, topicName=주제#101, currentRate=67}
2026-03-07 23:38:29 INFO  [] [task-25] c.p.a.service.AnalyticsService : Timeline calculated with 6 months
2026-03-07 23:38:29 INFO  [69ac3865650d32db55e596d55a3bcd12] [http-nio-8084-exec-10] c.p.analytics.adapter.RestApiAdapter : Calling Service B via REST API: http://localhost:8085 for user: test-user-001, reportType: GROWTH
2026-03-07 23:38:29 ERROR [69ac3865650d32db55e596d55a3bcd12] [http-nio-8084-exec-10] c.p.analytics.adapter.RestApiAdapter : Failed to call Service B for user: test-user-001, error: 422 Unprocessable Content on POST request for "http://localhost:8085/ai/reports/generate": "{"detail":[{"type":"missing","loc":["body","user_id"],"msg":"Field required","input":{"userId":"test-user-001","reportType":"GROWTH","targetPeriod":"2026-01","statisticsData":{"previousRate":88,"growthRate":-24,"topicName":"주제#101","currentRate":67}}},{"type":"missing","loc":["body","year_month"],"msg":"Field required","input":{"userId":"test-user-001","reportType":"GROWTH","targetPeriod":"2026-01","statisticsData":{"previousRate":88,"growthRate":-24,"topicName":"주제#101","currentRate":67}}},{"type":"missing","loc":["body","week"],"msg":"Field required","input":{"userId":"test-user-001","reportType":"GROWTH","targetPeriod":"2026-01","statisticsData":{"previousRate":88,"growthRate":-24,"topicName":"주제#101","currentRate":67}}},{"type":"missing","loc":["body","stats_data"],"msg":"Field required","input":{"userId":"test-user-001","reportType":"GROWTH","targetPeriod":"2026-01","statisticsData":{"previousRate":88,"growthRate":-24,"topicName":"주제#101","currentRate":67}}}]}"
org.springframework.web.client.HttpClientErrorException$UnprocessableEntity: 422 Unprocessable Content on POST request for "http://localhost:8085/ai/reports/generate": "{"detail":[{"type":"missing","loc":["body","user_id"],"msg":"Field required","input":{"userId":"test-user-001","reportType":"GROWTH","targetPeriod":"2026-01","statisticsData":{"previousRate":88,"growthRate":-24,"topicName":"주제#101","currentRate":67}}},{"type":"missing","loc":["body","year_month"],"msg":"Field required","input":{"userId":"test-user-001","reportType":"GROWTH","targetPeriod":"2026-01","statisticsData":{"previousRate":88,"growthRate":-24,"topicName":"주제#101","currentRate":67}}},{"type":"missing","loc":["body","week"],"msg":"Field required","input":{"userId":"test-user-001","reportType":"GROWTH","targetPeriod":"2026-01","statisticsData":{"previousRate":88,"growthRate":-24,"topicName":"주제#101","currentRate":67}}},{"type":"missing","loc":["body","stats_data"],"msg":"Field required","input":{"userId":"test-user-001","reportType":"GROWTH","targetPeriod":"2026-01","statisticsData":{"previousRate":88,"growthRate":-24,"topicName":"주제#101","currentRate":67}}}]}"
	at org.springframework.web.client.HttpClientErrorException.create(HttpClientErrorException.java:133)
	at org.springframework.web.client.DefaultResponseErrorHandler.handleError(DefaultResponseErrorHandler.java:186)
	at org.springframework.web.client.DefaultResponseErrorHandler.handleError(DefaultResponseErrorHandler.java:147)
	at org.springframework.web.client.RestTemplate.handleResponse(RestTemplate.java:953)
	at org.springframework.web.client.RestTemplate.doExecute(RestTemplate.java:902)
	at org.springframework.web.client.RestTemplate.execute(RestTemplate.java:801)
	at org.springframework.web.client.RestTemplate.postForObject(RestTemplate.java:518)
	at com.planit.analytics.adapter.RestApiAdapter.generateReport(RestApiAdapter.java:47)
	at com.planit.analytics.scheduler.ReportGenerationScheduler.generateAndSaveReport(ReportGenerationScheduler.java:215)
	at com.planit.analytics.scheduler.ReportGenerationScheduler.generateMonthlyReportForUser(ReportGenerationScheduler.java:180)
	at java.base/jdk.internal.reflect.NativeMethodAccessorImpl.invoke0(Native Method)
	at java.base/jdk.internal.reflect.NativeMethodAccessorImpl.invoke(NativeMethodAccessorImpl.java:77)
	at java.base/jdk.internal.reflect.DelegatingMethodAccessorImpl.invoke(DelegatingMethodAccessorImpl.java:43)
	at java.base/java.lang.reflect.Method.invoke(Method.java:569)
	at org.springframework.aop.support.AopUtils.invokeJoinpointUsingReflection(AopUtils.java:360)
	at org.springframework.aop.framework.CglibAopProxy$DynamicAdvisedInterceptor.intercept(CglibAopProxy.java:724)
	at com.planit.analytics.scheduler.ReportGenerationScheduler$$SpringCGLIB$$0.generateMonthlyReportForUser(<generated>)
	at com.planit.analytics.controller.BatchController.generateReportForUser(BatchController.java:103)
	at java.base/jdk.internal.reflect.NativeMethodAccessorImpl.invoke0(Native Method)
	at java.base/jdk.internal.reflect.NativeMethodAccessorImpl.invoke(NativeMethodAccessorImpl.java:77)
	at java.base/jdk.internal.reflect.DelegatingMethodAccessorImpl.invoke(DelegatingMethodAccessorImpl.java:43)
	at java.base/java.lang.reflect.Method.invoke(Method.java:569)
	at org.springframework.web.method.support.InvocableHandlerMethod.doInvoke(InvocableHandlerMethod.java:258)
	at org.springframework.web.method.support.InvocableHandlerMethod.invokeForRequest(InvocableHandlerMethod.java:191)
	at org.springframework.web.servlet.mvc.method.annotation.ServletInvocableHandlerMethod.invokeAndHandle(ServletInvocableHandlerMethod.java:118)
	at org.springframework.web.servlet.mvc.method.annotation.RequestMappingHandlerAdapter.invokeHandlerMethod(RequestMappingHandlerAdapter.java:991)
	at org.springframework.web.servlet.mvc.method.annotation.RequestMappingHandlerAdapter.handleInternal(RequestMappingHandlerAdapter.java:896)
	at org.springframework.web.servlet.mvc.method.AbstractHandlerMethodAdapter.handle(AbstractHandlerMethodAdapter.java:87)
	at org.springframework.web.servlet.DispatcherServlet.doDispatch(DispatcherServlet.java:1089)
	at org.springframework.web.servlet.DispatcherServlet.doService(DispatcherServlet.java:979)
	at org.springframework.web.servlet.FrameworkServlet.processRequest(FrameworkServlet.java:1014)
	at org.springframework.web.servlet.FrameworkServlet.doPost(FrameworkServlet.java:914)
	at jakarta.servlet.http.HttpServlet.service(HttpServlet.java:590)
	at org.springframework.web.servlet.FrameworkServlet.service(FrameworkServlet.java:885)
	at jakarta.servlet.http.HttpServlet.service(HttpServlet.java:658)
	at org.apache.catalina.core.ApplicationFilterChain.internalDoFilter(ApplicationFilterChain.java:193)
	at org.apache.catalina.core.ApplicationFilterChain.doFilter(ApplicationFilterChain.java:138)
	at org.apache.tomcat.websocket.server.WsFilter.doFilter(WsFilter.java:51)
	at org.apache.catalina.core.ApplicationFilterChain.internalDoFilter(ApplicationFilterChain.java:162)
	at org.apache.catalina.core.ApplicationFilterChain.doFilter(ApplicationFilterChain.java:138)
	at org.springframework.web.filter.RequestContextFilter.doFilterInternal(RequestContextFilter.java:100)
	at org.springframework.web.filter.OncePerRequestFilter.doFilter(OncePerRequestFilter.java:116)
	at org.apache.catalina.core.ApplicationFilterChain.internalDoFilter(ApplicationFilterChain.java:162)
	at org.apache.catalina.core.ApplicationFilterChain.doFilter(ApplicationFilterChain.java:138)
	at org.springframework.web.filter.FormContentFilter.doFilterInternal(FormContentFilter.java:93)
	at org.springframework.web.filter.OncePerRequestFilter.doFilter(OncePerRequestFilter.java:116)
	at org.apache.catalina.core.ApplicationFilterChain.internalDoFilter(ApplicationFilterChain.java:162)
	at org.apache.catalina.core.ApplicationFilterChain.doFilter(ApplicationFilterChain.java:138)
	at org.springframework.web.filter.ServerHttpObservationFilter.doFilterInternal(ServerHttpObservationFilter.java:110)
	at org.springframework.web.filter.OncePerRequestFilter.doFilter(OncePerRequestFilter.java:116)
	at org.apache.catalina.core.ApplicationFilterChain.internalDoFilter(ApplicationFilterChain.java:162)
	at org.apache.catalina.core.ApplicationFilterChain.doFilter(ApplicationFilterChain.java:138)
	at org.springframework.web.filter.CharacterEncodingFilter.doFilterInternal(CharacterEncodingFilter.java:201)
	at org.springframework.web.filter.OncePerRequestFilter.doFilter(OncePerRequestFilter.java:116)
	at org.apache.catalina.core.ApplicationFilterChain.internalDoFilter(ApplicationFilterChain.java:162)
	at org.apache.catalina.core.ApplicationFilterChain.doFilter(ApplicationFilterChain.java:138)
	at org.apache.catalina.core.StandardWrapperValve.invoke(StandardWrapperValve.java:165)
	at org.apache.catalina.core.StandardContextValve.invoke(StandardContextValve.java:88)
	at org.apache.catalina.authenticator.AuthenticatorBase.invoke(AuthenticatorBase.java:492)
	at org.apache.catalina.core.StandardHostValve.invoke(StandardHostValve.java:113)
	at org.apache.catalina.valves.ErrorReportValve.invoke(ErrorReportValve.java:83)
	at org.apache.catalina.core.StandardEngineValve.invoke(StandardEngineValve.java:72)
	at org.apache.catalina.connector.CoyoteAdapter.service(CoyoteAdapter.java:342)
	at org.apache.coyote.http11.Http11Processor.service(Http11Processor.java:399)
	at org.apache.coyote.AbstractProcessorLight.process(AbstractProcessorLight.java:63)
	at org.apache.coyote.AbstractProtocol$ConnectionHandler.process(AbstractProtocol.java:903)
	at org.apache.tomcat.util.net.NioEndpoint$SocketProcessor.doRun(NioEndpoint.java:1775)
	at org.apache.tomcat.util.net.SocketProcessorBase.run(SocketProcessorBase.java:52)
	at org.apache.tomcat.util.threads.ThreadPoolExecutor.runWorker(ThreadPoolExecutor.java:973)
	at org.apache.tomcat.util.threads.ThreadPoolExecutor$Worker.run(ThreadPoolExecutor.java:491)
	at org.apache.tomcat.util.threads.TaskThread$WrappingRunnable.run(TaskThread.java:63)
	at java.base/java.lang.Thread.run(Thread.java:840)
2026-03-07 23:38:29 WARN  [69ac3865650d32db55e596d55a3bcd12] [http-nio-8084-exec-10] c.p.a.s.ReportGenerationScheduler : AI report generation failed for user: test-user-001, type: GROWTH, error: Service B 호출 실패: 422 Unprocessable Content on POST request for "http://localhost:8085/ai/reports/generate": "{"detail":[{"type":"missing","loc":["body","user_id"],"msg":"Field required","input":{"userId":"test-user-001","reportType":"GROWTH","targetPeriod":"2026-01","statisticsData":{"previousRate":88,"growthRate":-24,"topicName":"주제#101","currentRate":67}}},{"type":"missing","loc":["body","year_month"],"msg":"Field required","input":{"userId":"test-user-001","reportType":"GROWTH","targetPeriod":"2026-01","statisticsData":{"previousRate":88,"growthRate":-24,"topicName":"주제#101","currentRate":67}}},{"type":"missing","loc":["body","week"],"msg":"Field required","input":{"userId":"test-user-001","reportType":"GROWTH","targetPeriod":"2026-01","statisticsData":{"previousRate":88,"growthRate":-24,"topicName":"주제#101","currentRate":67}}},{"type":"missing","loc":["body","stats_data"],"msg":"Field required","input":{"userId":"test-user-001","reportType":"GROWTH","targetPeriod":"2026-01","statisticsData":{"previousRate":88,"growthRate":-24,"topicName":"주제#101","currentRate":67}}}]}"
2026-03-07 23:38:29 INFO  [69ac3865650d32db55e596d55a3bcd12] [http-nio-8084-exec-10] c.p.analytics.adapter.RestApiAdapter : Calling Service B via REST API: http://localhost:8085 for user: test-user-001, reportType: TIMELINE
2026-03-07 23:38:29 ERROR [69ac3865650d32db55e596d55a3bcd12] [http-nio-8084-exec-10] c.p.analytics.adapter.RestApiAdapter : Failed to call Service B for user: test-user-001, error: 422 Unprocessable Content on POST request for "http://localhost:8085/ai/reports/generate": "{"detail":[{"type":"missing","loc":["body","user_id"],"msg":"Field required","input":{"userId":"test-user-001","reportType":"TIMELINE","targetPeriod":"2026-01","statisticsData":{"chartData":[{"month":"8월","rate":0},{"month":"9월","rate":0},{"month":"10월","rate":0},{"month":"11월","rate":0},{"month":"12월","rate":88},{"month":"1월","rate":67}]}}},{"type":"missing","loc":["body","year_month"],"msg":"Field required","input":{"userId":"test-user-001","reportType":"TIMELINE","targetPeriod":"2026-01","statisticsData":{"chartData":[{"month":"8월","rate":0},{"month":"9월","rate":0},{"month":"10월","rate":0},{"month":"11월","rate":0},{"month":"12월","rate":88},{"month":"1월","rate":67}]}}},{"type":"missing","loc":["body","week"],"msg":"Field required","input":{"userId":"test-user-001","reportType":"TIMELINE","targetPeriod":"2026-01","statisticsData":{"chartData":[{"month":"8월","rate":0},{"month":"9월","rate":0},{"month":"10월","rate":0},{"month":"11월","rate":0},{"month":"12월","rate":88},{"month":"1월","rate":67}]}}},{"type":"missing","loc":["body","stats_data"],"msg":"Field required","input":{"userId":"test-user-001","reportType":"TIMELINE","targetPeriod":"2026-01","statisticsData":{"chartData":[{"month":"8월","rate":0},{"month":"9월","rate":0},{"month":"10월","rate":0},{"month":"11월","rate":0},{"month":"12월","rate":88},{"month":"1월","rate":67}]}}}]}"
org.springframework.web.client.HttpClientErrorException$UnprocessableEntity: 422 Unprocessable Content on POST request for "http://localhost:8085/ai/reports/generate": "{"detail":[{"type":"missing","loc":["body","user_id"],"msg":"Field required","input":{"userId":"test-user-001","reportType":"TIMELINE","targetPeriod":"2026-01","statisticsData":{"chartData":[{"month":"8월","rate":0},{"month":"9월","rate":0},{"month":"10월","rate":0},{"month":"11월","rate":0},{"month":"12월","rate":88},{"month":"1월","rate":67}]}}},{"type":"missing","loc":["body","year_month"],"msg":"Field required","input":{"userId":"test-user-001","reportType":"TIMELINE","targetPeriod":"2026-01","statisticsData":{"chartData":[{"month":"8월","rate":0},{"month":"9월","rate":0},{"month":"10월","rate":0},{"month":"11월","rate":0},{"month":"12월","rate":88},{"month":"1월","rate":67}]}}},{"type":"missing","loc":["body","week"],"msg":"Field required","input":{"userId":"test-user-001","reportType":"TIMELINE","targetPeriod":"2026-01","statisticsData":{"chartData":[{"month":"8월","rate":0},{"month":"9월","rate":0},{"month":"10월","rate":0},{"month":"11월","rate":0},{"month":"12월","rate":88},{"month":"1월","rate":67}]}}},{"type":"missing","loc":["body","stats_data"],"msg":"Field required","input":{"userId":"test-user-001","reportType":"TIMELINE","targetPeriod":"2026-01","statisticsData":{"chartData":[{"month":"8월","rate":0},{"month":"9월","rate":0},{"month":"10월","rate":0},{"month":"11월","rate":0},{"month":"12월","rate":88},{"month":"1월","rate":67}]}}}]}"
	at org.springframework.web.client.HttpClientErrorException.create(HttpClientErrorException.java:133)
	at org.springframework.web.client.DefaultResponseErrorHandler.handleError(DefaultResponseErrorHandler.java:186)
	at org.springframework.web.client.DefaultResponseErrorHandler.handleError(DefaultResponseErrorHandler.java:147)
	at org.springframework.web.client.RestTemplate.handleResponse(RestTemplate.java:953)
	at org.springframework.web.client.RestTemplate.doExecute(RestTemplate.java:902)
	at org.springframework.web.client.RestTemplate.execute(RestTemplate.java:801)
	at org.springframework.web.client.RestTemplate.postForObject(RestTemplate.java:518)
	at com.planit.analytics.adapter.RestApiAdapter.generateReport(RestApiAdapter.java:47)
	at com.planit.analytics.scheduler.ReportGenerationScheduler.generateAndSaveReport(ReportGenerationScheduler.java:215)
	at com.planit.analytics.scheduler.ReportGenerationScheduler.generateMonthlyReportForUser(ReportGenerationScheduler.java:184)
	at java.base/jdk.internal.reflect.NativeMethodAccessorImpl.invoke0(Native Method)
	at java.base/jdk.internal.reflect.NativeMethodAccessorImpl.invoke(NativeMethodAccessorImpl.java:77)
	at java.base/jdk.internal.reflect.DelegatingMethodAccessorImpl.invoke(DelegatingMethodAccessorImpl.java:43)
	at java.base/java.lang.reflect.Method.invoke(Method.java:569)
	at org.springframework.aop.support.AopUtils.invokeJoinpointUsingReflection(AopUtils.java:360)
	at org.springframework.aop.framework.CglibAopProxy$DynamicAdvisedInterceptor.intercept(CglibAopProxy.java:724)
	at com.planit.analytics.scheduler.ReportGenerationScheduler$$SpringCGLIB$$0.generateMonthlyReportForUser(<generated>)
	at com.planit.analytics.controller.BatchController.generateReportForUser(BatchController.java:103)
	at java.base/jdk.internal.reflect.NativeMethodAccessorImpl.invoke0(Native Method)
	at java.base/jdk.internal.reflect.NativeMethodAccessorImpl.invoke(NativeMethodAccessorImpl.java:77)
	at java.base/jdk.internal.reflect.DelegatingMethodAccessorImpl.invoke(DelegatingMethodAccessorImpl.java:43)
	at java.base/java.lang.reflect.Method.invoke(Method.java:569)
	at org.springframework.web.method.support.InvocableHandlerMethod.doInvoke(InvocableHandlerMethod.java:258)
	at org.springframework.web.method.support.InvocableHandlerMethod.invokeForRequest(InvocableHandlerMethod.java:191)
	at org.springframework.web.servlet.mvc.method.annotation.ServletInvocableHandlerMethod.invokeAndHandle(ServletInvocableHandlerMethod.java:118)
	at org.springframework.web.servlet.mvc.method.annotation.RequestMappingHandlerAdapter.invokeHandlerMethod(RequestMappingHandlerAdapter.java:991)
	at org.springframework.web.servlet.mvc.method.annotation.RequestMappingHandlerAdapter.handleInternal(RequestMappingHandlerAdapter.java:896)
	at org.springframework.web.servlet.mvc.method.AbstractHandlerMethodAdapter.handle(AbstractHandlerMethodAdapter.java:87)
	at org.springframework.web.servlet.DispatcherServlet.doDispatch(DispatcherServlet.java:1089)
	at org.springframework.web.servlet.DispatcherServlet.doService(DispatcherServlet.java:979)
	at org.springframework.web.servlet.FrameworkServlet.processRequest(FrameworkServlet.java:1014)
	at org.springframework.web.servlet.FrameworkServlet.doPost(FrameworkServlet.java:914)
	at jakarta.servlet.http.HttpServlet.service(HttpServlet.java:590)
	at org.springframework.web.servlet.FrameworkServlet.service(FrameworkServlet.java:885)
	at jakarta.servlet.http.HttpServlet.service(HttpServlet.java:658)
	at org.apache.catalina.core.ApplicationFilterChain.internalDoFilter(ApplicationFilterChain.java:193)
	at org.apache.catalina.core.ApplicationFilterChain.doFilter(ApplicationFilterChain.java:138)
	at org.apache.tomcat.websocket.server.WsFilter.doFilter(WsFilter.java:51)
	at org.apache.catalina.core.ApplicationFilterChain.internalDoFilter(ApplicationFilterChain.java:162)
	at org.apache.catalina.core.ApplicationFilterChain.doFilter(ApplicationFilterChain.java:138)
	at org.springframework.web.filter.RequestContextFilter.doFilterInternal(RequestContextFilter.java:100)
	at org.springframework.web.filter.OncePerRequestFilter.doFilter(OncePerRequestFilter.java:116)
	at org.apache.catalina.core.ApplicationFilterChain.internalDoFilter(ApplicationFilterChain.java:162)
	at org.apache.catalina.core.ApplicationFilterChain.doFilter(ApplicationFilterChain.java:138)
	at org.springframework.web.filter.FormContentFilter.doFilterInternal(FormContentFilter.java:93)
	at org.springframework.web.filter.OncePerRequestFilter.doFilter(OncePerRequestFilter.java:116)
	at org.apache.catalina.core.ApplicationFilterChain.internalDoFilter(ApplicationFilterChain.java:162)
	at org.apache.catalina.core.ApplicationFilterChain.doFilter(ApplicationFilterChain.java:138)
	at org.springframework.web.filter.ServerHttpObservationFilter.doFilterInternal(ServerHttpObservationFilter.java:110)
	at org.springframework.web.filter.OncePerRequestFilter.doFilter(OncePerRequestFilter.java:116)
	at org.apache.catalina.core.ApplicationFilterChain.internalDoFilter(ApplicationFilterChain.java:162)
	at org.apache.catalina.core.ApplicationFilterChain.doFilter(ApplicationFilterChain.java:138)
	at org.springframework.web.filter.CharacterEncodingFilter.doFilterInternal(CharacterEncodingFilter.java:201)
	at org.springframework.web.filter.OncePerRequestFilter.doFilter(OncePerRequestFilter.java:116)
	at org.apache.catalina.core.ApplicationFilterChain.internalDoFilter(ApplicationFilterChain.java:162)
	at org.apache.catalina.core.ApplicationFilterChain.doFilter(ApplicationFilterChain.java:138)
	at org.apache.catalina.core.StandardWrapperValve.invoke(StandardWrapperValve.java:165)
	at org.apache.catalina.core.StandardContextValve.invoke(StandardContextValve.java:88)
	at org.apache.catalina.authenticator.AuthenticatorBase.invoke(AuthenticatorBase.java:492)
	at org.apache.catalina.core.StandardHostValve.invoke(StandardHostValve.java:113)
	at org.apache.catalina.valves.ErrorReportValve.invoke(ErrorReportValve.java:83)
	at org.apache.catalina.core.StandardEngineValve.invoke(StandardEngineValve.java:72)
	at org.apache.catalina.connector.CoyoteAdapter.service(CoyoteAdapter.java:342)
	at org.apache.coyote.http11.Http11Processor.service(Http11Processor.java:399)
	at org.apache.coyote.AbstractProcessorLight.process(AbstractProcessorLight.java:63)
	at org.apache.coyote.AbstractProtocol$ConnectionHandler.process(AbstractProtocol.java:903)
	at org.apache.tomcat.util.net.NioEndpoint$SocketProcessor.doRun(NioEndpoint.java:1775)
	at org.apache.tomcat.util.net.SocketProcessorBase.run(SocketProcessorBase.java:52)
	at org.apache.tomcat.util.threads.ThreadPoolExecutor.runWorker(ThreadPoolExecutor.java:973)
	at org.apache.tomcat.util.threads.ThreadPoolExecutor$Worker.run(ThreadPoolExecutor.java:491)
	at org.apache.tomcat.util.threads.TaskThread$WrappingRunnable.run(TaskThread.java:63)
	at java.base/java.lang.Thread.run(Thread.java:840)
2026-03-07 23:38:29 WARN  [69ac3865650d32db55e596d55a3bcd12] [http-nio-8084-exec-10] c.p.a.s.ReportGenerationScheduler : AI report generation failed for user: test-user-001, type: TIMELINE, error: Service B 호출 실패: 422 Unprocessable Content on POST request for "http://localhost:8085/ai/reports/generate": "{"detail":[{"type":"missing","loc":["body","user_id"],"msg":"Field required","input":{"userId":"test-user-001","reportType":"TIMELINE","targetPeriod":"2026-01","statisticsData":{"chartData":[{"month":"8월","rate":0},{"month":"9월","rate":0},{"month":"10월","rate":0},{"month":"11월","rate":0},{"month":"12월","rate":88},{"month":"1월","rate":67}]}}},{"type":"missing","loc":["body","year_month"],"msg":"Field required","input":{"userId":"test-user-001","reportType":"TIMELINE","targetPeriod":"2026-01","statisticsData":{"chartData":[{"month":"8월","rate":0},{"month":"9월","rate":0},{"month":"10월","rate":0},{"month":"11월","rate":0},{"month":"12월","rate":88},{"month":"1월","rate":67}]}}},{"type":"missing","loc":["body","week"],"msg":"Field required","input":{"userId":"test-user-001","reportType":"TIMELINE","targetPeriod":"2026-01","statisticsData":{"chartData":[{"month":"8월","rate":0},{"month":"9월","rate":0},{"month":"10월","rate":0},{"month":"11월","rate":0},{"month":"12월","rate":88},{"month":"1월","rate":67}]}}},{"type":"missing","loc":["body","stats_data"],"msg":"Field required","input":{"userId":"test-user-001","reportType":"TIMELINE","targetPeriod":"2026-01","statisticsData":{"chartData":[{"month":"8월","rate":0},{"month":"9월","rate":0},{"month":"10월","rate":0},{"month":"11월","rate":0},{"month":"12월","rate":88},{"month":"1월","rate":67}]}}}]}"
2026-03-07 23:38:29 INFO  [69ac3865650d32db55e596d55a3bcd12] [http-nio-8084-exec-10] c.p.analytics.adapter.RestApiAdapter : Calling Service B via REST API: http://localhost:8085 for user: test-user-001, reportType: PATTERN
2026-03-07 23:38:29 ERROR [69ac3865650d32db55e596d55a3bcd12] [http-nio-8084-exec-10] c.p.analytics.adapter.RestApiAdapter : Failed to call Service B for user: test-user-001, error: 422 Unprocessable Content on POST request for "http://localhost:8085/ai/reports/generate": "{"detail":[{"type":"missing","loc":["body","user_id"],"msg":"Field required","input":{"userId":"test-user-001","reportType":"PATTERN","targetPeriod":"2026-01","statisticsData":{"worstDay":"THURSDAY","avgPostponeCount":1,"chart":[{"count":0,"day":"MONDAY"},{"count":1,"day":"TUESDAY"},{"count":0,"day":"WEDNESDAY"},{"count":2,"day":"THURSDAY"},{"count":0,"day":"FRIDAY"},{"count":0,"day":"SATURDAY"},{"count":0,"day":"SUNDAY"}]}}},{"type":"missing","loc":["body","year_month"],"msg":"Field required","input":{"userId":"test-user-001","reportType":"PATTERN","targetPeriod":"2026-01","statisticsData":{"worstDay":"THURSDAY","avgPostponeCount":1,"chart":[{"count":0,"day":"MONDAY"},{"count":1,"day":"TUESDAY"},{"count":0,"day":"WEDNESDAY"},{"count":2,"day":"THURSDAY"},{"count":0,"day":"FRIDAY"},{"count":0,"day":"SATURDAY"},{"count":0,"day":"SUNDAY"}]}}},{"type":"missing","loc":["body","week"],"msg":"Field required","input":{"userId":"test-user-001","reportType":"PATTERN","targetPeriod":"2026-01","statisticsData":{"worstDay":"THURSDAY","avgPostponeCount":1,"chart":[{"count":0,"day":"MONDAY"},{"count":1,"day":"TUESDAY"},{"count":0,"day":"WEDNESDAY"},{"count":2,"day":"THURSDAY"},{"count":0,"day":"FRIDAY"},{"count":0,"day":"SATURDAY"},{"count":0,"day":"SUNDAY"}]}}},{"type":"missing","loc":["body","stats_data"],"msg":"Field required","input":{"userId":"test-user-001","reportType":"PATTERN","targetPeriod":"2026-01","statisticsData":{"worstDay":"THURSDAY","avgPostponeCount":1,"chart":[{"count":0,"day":"MONDAY"},{"count":1,"day":"TUESDAY"},{"count":0,"day":"WEDNESDAY"},{"count":2,"day":"THURSDAY"},{"count":0,"day":"FRIDAY"},{"count":0,"day":"SATURDAY"},{"count":0,"day":"SUNDAY"}]}}}]}"
org.springframework.web.client.HttpClientErrorException$UnprocessableEntity: 422 Unprocessable Content on POST request for "http://localhost:8085/ai/reports/generate": "{"detail":[{"type":"missing","loc":["body","user_id"],"msg":"Field required","input":{"userId":"test-user-001","reportType":"PATTERN","targetPeriod":"2026-01","statisticsData":{"worstDay":"THURSDAY","avgPostponeCount":1,"chart":[{"count":0,"day":"MONDAY"},{"count":1,"day":"TUESDAY"},{"count":0,"day":"WEDNESDAY"},{"count":2,"day":"THURSDAY"},{"count":0,"day":"FRIDAY"},{"count":0,"day":"SATURDAY"},{"count":0,"day":"SUNDAY"}]}}},{"type":"missing","loc":["body","year_month"],"msg":"Field required","input":{"userId":"test-user-001","reportType":"PATTERN","targetPeriod":"2026-01","statisticsData":{"worstDay":"THURSDAY","avgPostponeCount":1,"chart":[{"count":0,"day":"MONDAY"},{"count":1,"day":"TUESDAY"},{"count":0,"day":"WEDNESDAY"},{"count":2,"day":"THURSDAY"},{"count":0,"day":"FRIDAY"},{"count":0,"day":"SATURDAY"},{"count":0,"day":"SUNDAY"}]}}},{"type":"missing","loc":["body","week"],"msg":"Field required","input":{"userId":"test-user-001","reportType":"PATTERN","targetPeriod":"2026-01","statisticsData":{"worstDay":"THURSDAY","avgPostponeCount":1,"chart":[{"count":0,"day":"MONDAY"},{"count":1,"day":"TUESDAY"},{"count":0,"day":"WEDNESDAY"},{"count":2,"day":"THURSDAY"},{"count":0,"day":"FRIDAY"},{"count":0,"day":"SATURDAY"},{"count":0,"day":"SUNDAY"}]}}},{"type":"missing","loc":["body","stats_data"],"msg":"Field required","input":{"userId":"test-user-001","reportType":"PATTERN","targetPeriod":"2026-01","statisticsData":{"worstDay":"THURSDAY","avgPostponeCount":1,"chart":[{"count":0,"day":"MONDAY"},{"count":1,"day":"TUESDAY"},{"count":0,"day":"WEDNESDAY"},{"count":2,"day":"THURSDAY"},{"count":0,"day":"FRIDAY"},{"count":0,"day":"SATURDAY"},{"count":0,"day":"SUNDAY"}]}}}]}"
	at org.springframework.web.client.HttpClientErrorException.create(HttpClientErrorException.java:133)
	at org.springframework.web.client.DefaultResponseErrorHandler.handleError(DefaultResponseErrorHandler.java:186)
	at org.springframework.web.client.DefaultResponseErrorHandler.handleError(DefaultResponseErrorHandler.java:147)
	at org.springframework.web.client.RestTemplate.handleResponse(RestTemplate.java:953)
	at org.springframework.web.client.RestTemplate.doExecute(RestTemplate.java:902)
	at org.springframework.web.client.RestTemplate.execute(RestTemplate.java:801)
	at org.springframework.web.client.RestTemplate.postForObject(RestTemplate.java:518)
	at com.planit.analytics.adapter.RestApiAdapter.generateReport(RestApiAdapter.java:47)
	at com.planit.analytics.scheduler.ReportGenerationScheduler.generateAndSaveReport(ReportGenerationScheduler.java:215)
	at com.planit.analytics.scheduler.ReportGenerationScheduler.generateMonthlyReportForUser(ReportGenerationScheduler.java:188)
	at java.base/jdk.internal.reflect.NativeMethodAccessorImpl.invoke0(Native Method)
	at java.base/jdk.internal.reflect.NativeMethodAccessorImpl.invoke(NativeMethodAccessorImpl.java:77)
	at java.base/jdk.internal.reflect.DelegatingMethodAccessorImpl.invoke(DelegatingMethodAccessorImpl.java:43)
	at java.base/java.lang.reflect.Method.invoke(Method.java:569)
	at org.springframework.aop.support.AopUtils.invokeJoinpointUsingReflection(AopUtils.java:360)
	at org.springframework.aop.framework.CglibAopProxy$DynamicAdvisedInterceptor.intercept(CglibAopProxy.java:724)
	at com.planit.analytics.scheduler.ReportGenerationScheduler$$SpringCGLIB$$0.generateMonthlyReportForUser(<generated>)
	at com.planit.analytics.controller.BatchController.generateReportForUser(BatchController.java:103)
	at java.base/jdk.internal.reflect.NativeMethodAccessorImpl.invoke0(Native Method)
	at java.base/jdk.internal.reflect.NativeMethodAccessorImpl.invoke(NativeMethodAccessorImpl.java:77)
	at java.base/jdk.internal.reflect.DelegatingMethodAccessorImpl.invoke(DelegatingMethodAccessorImpl.java:43)
	at java.base/java.lang.reflect.Method.invoke(Method.java:569)
	at org.springframework.web.method.support.InvocableHandlerMethod.doInvoke(InvocableHandlerMethod.java:258)
	at org.springframework.web.method.support.InvocableHandlerMethod.invokeForRequest(InvocableHandlerMethod.java:191)
	at org.springframework.web.servlet.mvc.method.annotation.ServletInvocableHandlerMethod.invokeAndHandle(ServletInvocableHandlerMethod.java:118)
	at org.springframework.web.servlet.mvc.method.annotation.RequestMappingHandlerAdapter.invokeHandlerMethod(RequestMappingHandlerAdapter.java:991)
	at org.springframework.web.servlet.mvc.method.annotation.RequestMappingHandlerAdapter.handleInternal(RequestMappingHandlerAdapter.java:896)
	at org.springframework.web.servlet.mvc.method.AbstractHandlerMethodAdapter.handle(AbstractHandlerMethodAdapter.java:87)
	at org.springframework.web.servlet.DispatcherServlet.doDispatch(DispatcherServlet.java:1089)
	at org.springframework.web.servlet.DispatcherServlet.doService(DispatcherServlet.java:979)
	at org.springframework.web.servlet.FrameworkServlet.processRequest(FrameworkServlet.java:1014)
	at org.springframework.web.servlet.FrameworkServlet.doPost(FrameworkServlet.java:914)
	at jakarta.servlet.http.HttpServlet.service(HttpServlet.java:590)
	at org.springframework.web.servlet.FrameworkServlet.service(FrameworkServlet.java:885)
	at jakarta.servlet.http.HttpServlet.service(HttpServlet.java:658)
	at org.apache.catalina.core.ApplicationFilterChain.internalDoFilter(ApplicationFilterChain.java:193)
	at org.apache.catalina.core.ApplicationFilterChain.doFilter(ApplicationFilterChain.java:138)
	at org.apache.tomcat.websocket.server.WsFilter.doFilter(WsFilter.java:51)
	at org.apache.catalina.core.ApplicationFilterChain.internalDoFilter(ApplicationFilterChain.java:162)
	at org.apache.catalina.core.ApplicationFilterChain.doFilter(ApplicationFilterChain.java:138)
	at org.springframework.web.filter.RequestContextFilter.doFilterInternal(RequestContextFilter.java:100)
	at org.springframework.web.filter.OncePerRequestFilter.doFilter(OncePerRequestFilter.java:116)
	at org.apache.catalina.core.ApplicationFilterChain.internalDoFilter(ApplicationFilterChain.java:162)
	at org.apache.catalina.core.ApplicationFilterChain.doFilter(ApplicationFilterChain.java:138)
	at org.springframework.web.filter.FormContentFilter.doFilterInternal(FormContentFilter.java:93)
	at org.springframework.web.filter.OncePerRequestFilter.doFilter(OncePerRequestFilter.java:116)
	at org.apache.catalina.core.ApplicationFilterChain.internalDoFilter(ApplicationFilterChain.java:162)
	at org.apache.catalina.core.ApplicationFilterChain.doFilter(ApplicationFilterChain.java:138)
	at org.springframework.web.filter.ServerHttpObservationFilter.doFilterInternal(ServerHttpObservationFilter.java:110)
	at org.springframework.web.filter.OncePerRequestFilter.doFilter(OncePerRequestFilter.java:116)
	at org.apache.catalina.core.ApplicationFilterChain.internalDoFilter(ApplicationFilterChain.java:162)
	at org.apache.catalina.core.ApplicationFilterChain.doFilter(ApplicationFilterChain.java:138)
	at org.springframework.web.filter.CharacterEncodingFilter.doFilterInternal(CharacterEncodingFilter.java:201)
	at org.springframework.web.filter.OncePerRequestFilter.doFilter(OncePerRequestFilter.java:116)
	at org.apache.catalina.core.ApplicationFilterChain.internalDoFilter(ApplicationFilterChain.java:162)
	at org.apache.catalina.core.ApplicationFilterChain.doFilter(ApplicationFilterChain.java:138)
	at org.apache.catalina.core.StandardWrapperValve.invoke(StandardWrapperValve.java:165)
	at org.apache.catalina.core.StandardContextValve.invoke(StandardContextValve.java:88)
	at org.apache.catalina.authenticator.AuthenticatorBase.invoke(AuthenticatorBase.java:492)
	at org.apache.catalina.core.StandardHostValve.invoke(StandardHostValve.java:113)
	at org.apache.catalina.valves.ErrorReportValve.invoke(ErrorReportValve.java:83)
	at org.apache.catalina.core.StandardEngineValve.invoke(StandardEngineValve.java:72)
	at org.apache.catalina.connector.CoyoteAdapter.service(CoyoteAdapter.java:342)
	at org.apache.coyote.http11.Http11Processor.service(Http11Processor.java:399)
	at org.apache.coyote.AbstractProcessorLight.process(AbstractProcessorLight.java:63)
	at org.apache.coyote.AbstractProtocol$ConnectionHandler.process(AbstractProtocol.java:903)
	at org.apache.tomcat.util.net.NioEndpoint$SocketProcessor.doRun(NioEndpoint.java:1775)
	at org.apache.tomcat.util.net.SocketProcessorBase.run(SocketProcessorBase.java:52)
	at org.apache.tomcat.util.threads.ThreadPoolExecutor.runWorker(ThreadPoolExecutor.java:973)
	at org.apache.tomcat.util.threads.ThreadPoolExecutor$Worker.run(ThreadPoolExecutor.java:491)
	at org.apache.tomcat.util.threads.TaskThread$WrappingRunnable.run(TaskThread.java:63)
	at java.base/java.lang.Thread.run(Thread.java:840)
2026-03-07 23:38:29 WARN  [69ac3865650d32db55e596d55a3bcd12] [http-nio-8084-exec-10] c.p.a.s.ReportGenerationScheduler : AI report generation failed for user: test-user-001, type: PATTERN, error: Service B 호출 실패: 422 Unprocessable Content on POST request for "http://localhost:8085/ai/reports/generate": "{"detail":[{"type":"missing","loc":["body","user_id"],"msg":"Field required","input":{"userId":"test-user-001","reportType":"PATTERN","targetPeriod":"2026-01","statisticsData":{"worstDay":"THURSDAY","avgPostponeCount":1,"chart":[{"count":0,"day":"MONDAY"},{"count":1,"day":"TUESDAY"},{"count":0,"day":"WEDNESDAY"},{"count":2,"day":"THURSDAY"},{"count":0,"day":"FRIDAY"},{"count":0,"day":"SATURDAY"},{"count":0,"day":"SUNDAY"}]}}},{"type":"missing","loc":["body","year_month"],"msg":"Field required","input":{"userId":"test-user-001","reportType":"PATTERN","targetPeriod":"2026-01","statisticsData":{"worstDay":"THURSDAY","avgPostponeCount":1,"chart":[{"count":0,"day":"MONDAY"},{"count":1,"day":"TUESDAY"},{"count":0,"day":"WEDNESDAY"},{"count":2,"day":"THURSDAY"},{"count":0,"day":"FRIDAY"},{"count":0,"day":"SATURDAY"},{"count":0,"day":"SUNDAY"}]}}},{"type":"missing","loc":["body","week"],"msg":"Field required","input":{"userId":"test-user-001","reportType":"PATTERN","targetPeriod":"2026-01","statisticsData":{"worstDay":"THURSDAY","avgPostponeCount":1,"chart":[{"count":0,"day":"MONDAY"},{"count":1,"day":"TUESDAY"},{"count":0,"day":"WEDNESDAY"},{"count":2,"day":"THURSDAY"},{"count":0,"day":"FRIDAY"},{"count":0,"day":"SATURDAY"},{"count":0,"day":"SUNDAY"}]}}},{"type":"missing","loc":["body","stats_data"],"msg":"Field required","input":{"userId":"test-user-001","reportType":"PATTERN","targetPeriod":"2026-01","statisticsData":{"worstDay":"THURSDAY","avgPostponeCount":1,"chart":[{"count":0,"day":"MONDAY"},{"count":1,"day":"TUESDAY"},{"count":0,"day":"WEDNESDAY"},{"count":2,"day":"THURSDAY"},{"count":0,"day":"FRIDAY"},{"count":0,"day":"SATURDAY"},{"count":0,"day":"SUNDAY"}]}}}]}"
2026-03-07 23:38:29 INFO  [69ac3865650d32db55e596d55a3bcd12] [http-nio-8084-exec-10] c.p.analytics.adapter.RestApiAdapter : Calling Service B via REST API: http://localhost:8085 for user: test-user-001, reportType: SUMMARY
2026-03-07 23:38:29 ERROR [69ac3865650d32db55e596d55a3bcd12] [http-nio-8084-exec-10] c.p.analytics.adapter.RestApiAdapter : Failed to call Service B for user: test-user-001, error: 422 Unprocessable Content on POST request for "http://localhost:8085/ai/reports/generate": "{"detail":[{"type":"missing","loc":["body","user_id"],"msg":"Field required","input":{"userId":"test-user-001","reportType":"SUMMARY","targetPeriod":"2026-01","statisticsData":{"achievementTrend":"-21%","bestFocusTime":"16:00-18:00","currentRate":67}}},{"type":"missing","loc":["body","year_month"],"msg":"Field required","input":{"userId":"test-user-001","reportType":"SUMMARY","targetPeriod":"2026-01","statisticsData":{"achievementTrend":"-21%","bestFocusTime":"16:00-18:00","currentRate":67}}},{"type":"missing","loc":["body","week"],"msg":"Field required","input":{"userId":"test-user-001","reportType":"SUMMARY","targetPeriod":"2026-01","statisticsData":{"achievementTrend":"-21%","bestFocusTime":"16:00-18:00","currentRate":67}}},{"type":"missing","loc":["body","stats_data"],"msg":"Field required","input":{"userId":"test-user-001","reportType":"SUMMARY","targetPeriod":"2026-01","statisticsData":{"achievementTrend":"-21%","bestFocusTime":"16:00-18:00","currentRate":67}}}]}"
org.springframework.web.client.HttpClientErrorException$UnprocessableEntity: 422 Unprocessable Content on POST request for "http://localhost:8085/ai/reports/generate": "{"detail":[{"type":"missing","loc":["body","user_id"],"msg":"Field required","input":{"userId":"test-user-001","reportType":"SUMMARY","targetPeriod":"2026-01","statisticsData":{"achievementTrend":"-21%","bestFocusTime":"16:00-18:00","currentRate":67}}},{"type":"missing","loc":["body","year_month"],"msg":"Field required","input":{"userId":"test-user-001","reportType":"SUMMARY","targetPeriod":"2026-01","statisticsData":{"achievementTrend":"-21%","bestFocusTime":"16:00-18:00","currentRate":67}}},{"type":"missing","loc":["body","week"],"msg":"Field required","input":{"userId":"test-user-001","reportType":"SUMMARY","targetPeriod":"2026-01","statisticsData":{"achievementTrend":"-21%","bestFocusTime":"16:00-18:00","currentRate":67}}},{"type":"missing","loc":["body","stats_data"],"msg":"Field required","input":{"userId":"test-user-001","reportType":"SUMMARY","targetPeriod":"2026-01","statisticsData":{"achievementTrend":"-21%","bestFocusTime":"16:00-18:00","currentRate":67}}}]}"
	at org.springframework.web.client.HttpClientErrorException.create(HttpClientErrorException.java:133)
	at org.springframework.web.client.DefaultResponseErrorHandler.handleError(DefaultResponseErrorHandler.java:186)
	at org.springframework.web.client.DefaultResponseErrorHandler.handleError(DefaultResponseErrorHandler.java:147)
	at org.springframework.web.client.RestTemplate.handleResponse(RestTemplate.java:953)
	at org.springframework.web.client.RestTemplate.doExecute(RestTemplate.java:902)
	at org.springframework.web.client.RestTemplate.execute(RestTemplate.java:801)
	at org.springframework.web.client.RestTemplate.postForObject(RestTemplate.java:518)
	at com.planit.analytics.adapter.RestApiAdapter.generateReport(RestApiAdapter.java:47)
	at com.planit.analytics.scheduler.ReportGenerationScheduler.generateAndSaveReport(ReportGenerationScheduler.java:215)
	at com.planit.analytics.scheduler.ReportGenerationScheduler.generateMonthlyReportForUser(ReportGenerationScheduler.java:192)
	at java.base/jdk.internal.reflect.NativeMethodAccessorImpl.invoke0(Native Method)
	at java.base/jdk.internal.reflect.NativeMethodAccessorImpl.invoke(NativeMethodAccessorImpl.java:77)
	at java.base/jdk.internal.reflect.DelegatingMethodAccessorImpl.invoke(DelegatingMethodAccessorImpl.java:43)
	at java.base/java.lang.reflect.Method.invoke(Method.java:569)
	at org.springframework.aop.support.AopUtils.invokeJoinpointUsingReflection(AopUtils.java:360)
	at org.springframework.aop.framework.CglibAopProxy$DynamicAdvisedInterceptor.intercept(CglibAopProxy.java:724)
	at com.planit.analytics.scheduler.ReportGenerationScheduler$$SpringCGLIB$$0.generateMonthlyReportForUser(<generated>)
	at com.planit.analytics.controller.BatchController.generateReportForUser(BatchController.java:103)
	at java.base/jdk.internal.reflect.NativeMethodAccessorImpl.invoke0(Native Method)
	at java.base/jdk.internal.reflect.NativeMethodAccessorImpl.invoke(NativeMethodAccessorImpl.java:77)
	at java.base/jdk.internal.reflect.DelegatingMethodAccessorImpl.invoke(DelegatingMethodAccessorImpl.java:43)
	at java.base/java.lang.reflect.Method.invoke(Method.java:569)
	at org.springframework.web.method.support.InvocableHandlerMethod.doInvoke(InvocableHandlerMethod.java:258)
	at org.springframework.web.method.support.InvocableHandlerMethod.invokeForRequest(InvocableHandlerMethod.java:191)
	at org.springframework.web.servlet.mvc.method.annotation.ServletInvocableHandlerMethod.invokeAndHandle(ServletInvocableHandlerMethod.java:118)
	at org.springframework.web.servlet.mvc.method.annotation.RequestMappingHandlerAdapter.invokeHandlerMethod(RequestMappingHandlerAdapter.java:991)
	at org.springframework.web.servlet.mvc.method.annotation.RequestMappingHandlerAdapter.handleInternal(RequestMappingHandlerAdapter.java:896)
	at org.springframework.web.servlet.mvc.method.AbstractHandlerMethodAdapter.handle(AbstractHandlerMethodAdapter.java:87)
	at org.springframework.web.servlet.DispatcherServlet.doDispatch(DispatcherServlet.java:1089)
	at org.springframework.web.servlet.DispatcherServlet.doService(DispatcherServlet.java:979)
	at org.springframework.web.servlet.FrameworkServlet.processRequest(FrameworkServlet.java:1014)
	at org.springframework.web.servlet.FrameworkServlet.doPost(FrameworkServlet.java:914)
	at jakarta.servlet.http.HttpServlet.service(HttpServlet.java:590)
	at org.springframework.web.servlet.FrameworkServlet.service(FrameworkServlet.java:885)
	at jakarta.servlet.http.HttpServlet.service(HttpServlet.java:658)
	at org.apache.catalina.core.ApplicationFilterChain.internalDoFilter(ApplicationFilterChain.java:193)
	at org.apache.catalina.core.ApplicationFilterChain.doFilter(ApplicationFilterChain.java:138)
	at org.apache.tomcat.websocket.server.WsFilter.doFilter(WsFilter.java:51)
	at org.apache.catalina.core.ApplicationFilterChain.internalDoFilter(ApplicationFilterChain.java:162)
	at org.apache.catalina.core.ApplicationFilterChain.doFilter(ApplicationFilterChain.java:138)
	at org.springframework.web.filter.RequestContextFilter.doFilterInternal(RequestContextFilter.java:100)
	at org.springframework.web.filter.OncePerRequestFilter.doFilter(OncePerRequestFilter.java:116)
	at org.apache.catalina.core.ApplicationFilterChain.internalDoFilter(ApplicationFilterChain.java:162)
	at org.apache.catalina.core.ApplicationFilterChain.doFilter(ApplicationFilterChain.java:138)
	at org.springframework.web.filter.FormContentFilter.doFilterInternal(FormContentFilter.java:93)
	at org.springframework.web.filter.OncePerRequestFilter.doFilter(OncePerRequestFilter.java:116)
	at org.apache.catalina.core.ApplicationFilterChain.internalDoFilter(ApplicationFilterChain.java:162)
	at org.apache.catalina.core.ApplicationFilterChain.doFilter(ApplicationFilterChain.java:138)
	at org.springframework.web.filter.ServerHttpObservationFilter.doFilterInternal(ServerHttpObservationFilter.java:110)
	at org.springframework.web.filter.OncePerRequestFilter.doFilter(OncePerRequestFilter.java:116)
	at org.apache.catalina.core.ApplicationFilterChain.internalDoFilter(ApplicationFilterChain.java:162)
	at org.apache.catalina.core.ApplicationFilterChain.doFilter(ApplicationFilterChain.java:138)
	at org.springframework.web.filter.CharacterEncodingFilter.doFilterInternal(CharacterEncodingFilter.java:201)
	at org.springframework.web.filter.OncePerRequestFilter.doFilter(OncePerRequestFilter.java:116)
	at org.apache.catalina.core.ApplicationFilterChain.internalDoFilter(ApplicationFilterChain.java:162)
	at org.apache.catalina.core.ApplicationFilterChain.doFilter(ApplicationFilterChain.java:138)
	at org.apache.catalina.core.StandardWrapperValve.invoke(StandardWrapperValve.java:165)
	at org.apache.catalina.core.StandardContextValve.invoke(StandardContextValve.java:88)
	at org.apache.catalina.authenticator.AuthenticatorBase.invoke(AuthenticatorBase.java:492)
	at org.apache.catalina.core.StandardHostValve.invoke(StandardHostValve.java:113)
	at org.apache.catalina.valves.ErrorReportValve.invoke(ErrorReportValve.java:83)
	at org.apache.catalina.core.StandardEngineValve.invoke(StandardEngineValve.java:72)
	at org.apache.catalina.connector.CoyoteAdapter.service(CoyoteAdapter.java:342)
	at org.apache.coyote.http11.Http11Processor.service(Http11Processor.java:399)
	at org.apache.coyote.AbstractProcessorLight.process(AbstractProcessorLight.java:63)
	at org.apache.coyote.AbstractProtocol$ConnectionHandler.process(AbstractProtocol.java:903)
	at org.apache.tomcat.util.net.NioEndpoint$SocketProcessor.doRun(NioEndpoint.java:1775)
	at org.apache.tomcat.util.net.SocketProcessorBase.run(SocketProcessorBase.java:52)
	at org.apache.tomcat.util.threads.ThreadPoolExecutor.runWorker(ThreadPoolExecutor.java:973)
	at org.apache.tomcat.util.threads.ThreadPoolExecutor$Worker.run(ThreadPoolExecutor.java:491)
	at org.apache.tomcat.util.threads.TaskThread$WrappingRunnable.run(TaskThread.java:63)
	at java.base/java.lang.Thread.run(Thread.java:840)
2026-03-07 23:38:29 WARN  [69ac3865650d32db55e596d55a3bcd12] [http-nio-8084-exec-10] c.p.a.s.ReportGenerationScheduler : AI report generation failed for user: test-user-001, type: SUMMARY, error: Service B 호출 실패: 422 Unprocessable Content on POST request for "http://localhost:8085/ai/reports/generate": "{"detail":[{"type":"missing","loc":["body","user_id"],"msg":"Field required","input":{"userId":"test-user-001","reportType":"SUMMARY","targetPeriod":"2026-01","statisticsData":{"achievementTrend":"-21%","bestFocusTime":"16:00-18:00","currentRate":67}}},{"type":"missing","loc":["body","year_month"],"msg":"Field required","input":{"userId":"test-user-001","reportType":"SUMMARY","targetPeriod":"2026-01","statisticsData":{"achievementTrend":"-21%","bestFocusTime":"16:00-18:00","currentRate":67}}},{"type":"missing","loc":["body","week"],"msg":"Field required","input":{"userId":"test-user-001","reportType":"SUMMARY","targetPeriod":"2026-01","statisticsData":{"achievementTrend":"-21%","bestFocusTime":"16:00-18:00","currentRate":67}}},{"type":"missing","loc":["body","stats_data"],"msg":"Field required","input":{"userId":"test-user-001","reportType":"SUMMARY","targetPeriod":"2026-01","statisticsData":{"achievementTrend":"-21%","bestFocusTime":"16:00-18:00","currentRate":67}}}]}"
2026-03-07 23:39:59 INFO  [69ac38bffafe6f81623ef280fe754537] [http-nio-8084-exec-4] c.p.a.controller.BatchController : Manual trigger: generate report for user: test-user-001, yearMonth: 2026-02
2026-03-07 23:39:59 INFO  [69ac38bffafe6f81623ef280fe754537] [http-nio-8084-exec-4] c.p.a.s.ReportGenerationScheduler : Generating monthly report for user: test-user-001
2026-03-07 23:39:59 INFO  [] [task-28] c.p.a.service.AnalyticsService : Calculating growth rate for user: test-user-001, month: 2026-02
2026-03-07 23:39:59 INFO  [] [task-29] c.p.a.service.AnalyticsService : Calculating timeline for user: test-user-001, month: 2026-02
2026-03-07 23:39:59 INFO  [] [task-30] c.p.a.service.AnalyticsService : Analyzing postpone pattern for user: test-user-001, month: 2026-02
2026-03-07 23:39:59 INFO  [] [task-31] c.p.a.service.AnalyticsService : Generating summary for user: test-user-001, month: 2026-02
2026-03-07 23:39:59 INFO  [] [task-30] c.p.a.service.AnalyticsService : Postpone pattern analyzed: worst day = SUNDAY
2026-03-07 23:39:59 INFO  [] [task-31] c.p.a.service.AnalyticsService : Summary generated: trend = -7%, focus time = 09:00-11:00
2026-03-07 23:39:59 INFO  [] [task-28] c.p.a.service.AnalyticsService : Growth rate calculated: {previousRate=79, growthRate=-24, topicName=주제#101, currentRate=60}
2026-03-07 23:39:59 INFO  [] [task-29] c.p.a.service.AnalyticsService : Timeline calculated with 6 months
2026-03-07 23:39:59 INFO  [69ac38bffafe6f81623ef280fe754537] [http-nio-8084-exec-4] c.p.analytics.adapter.RestApiAdapter : Calling Service B via REST API: http://localhost:8085 for user: test-user-001, reportType: GROWTH
2026-03-07 23:39:59 ERROR [69ac38bffafe6f81623ef280fe754537] [http-nio-8084-exec-4] c.p.analytics.adapter.RestApiAdapter : Failed to call Service B for user: test-user-001, error: 422 Unprocessable Content on POST request for "http://localhost:8085/ai/reports/generate": "{"detail":[{"type":"missing","loc":["body","user_id"],"msg":"Field required","input":{"userId":"test-user-001","reportType":"GROWTH","targetPeriod":"2026-02","statisticsData":{"previousRate":79,"growthRate":-24,"topicName":"주제#101","currentRate":60}}},{"type":"missing","loc":["body","year_month"],"msg":"Field required","input":{"userId":"test-user-001","reportType":"GROWTH","targetPeriod":"2026-02","statisticsData":{"previousRate":79,"growthRate":-24,"topicName":"주제#101","currentRate":60}}},{"type":"missing","loc":["body","week"],"msg":"Field required","input":{"userId":"test-user-001","reportType":"GROWTH","targetPeriod":"2026-02","statisticsData":{"previousRate":79,"growthRate":-24,"topicName":"주제#101","currentRate":60}}},{"type":"missing","loc":["body","stats_data"],"msg":"Field required","input":{"userId":"test-user-001","reportType":"GROWTH","targetPeriod":"2026-02","statisticsData":{"previousRate":79,"growthRate":-24,"topicName":"주제#101","currentRate":60}}}]}"
org.springframework.web.client.HttpClientErrorException$UnprocessableEntity: 422 Unprocessable Content on POST request for "http://localhost:8085/ai/reports/generate": "{"detail":[{"type":"missing","loc":["body","user_id"],"msg":"Field required","input":{"userId":"test-user-001","reportType":"GROWTH","targetPeriod":"2026-02","statisticsData":{"previousRate":79,"growthRate":-24,"topicName":"주제#101","currentRate":60}}},{"type":"missing","loc":["body","year_month"],"msg":"Field required","input":{"userId":"test-user-001","reportType":"GROWTH","targetPeriod":"2026-02","statisticsData":{"previousRate":79,"growthRate":-24,"topicName":"주제#101","currentRate":60}}},{"type":"missing","loc":["body","week"],"msg":"Field required","input":{"userId":"test-user-001","reportType":"GROWTH","targetPeriod":"2026-02","statisticsData":{"previousRate":79,"growthRate":-24,"topicName":"주제#101","currentRate":60}}},{"type":"missing","loc":["body","stats_data"],"msg":"Field required","input":{"userId":"test-user-001","reportType":"GROWTH","targetPeriod":"2026-02","statisticsData":{"previousRate":79,"growthRate":-24,"topicName":"주제#101","currentRate":60}}}]}"
	at org.springframework.web.client.HttpClientErrorException.create(HttpClientErrorException.java:133)
	at org.springframework.web.client.DefaultResponseErrorHandler.handleError(DefaultResponseErrorHandler.java:186)
	at org.springframework.web.client.DefaultResponseErrorHandler.handleError(DefaultResponseErrorHandler.java:147)
	at org.springframework.web.client.RestTemplate.handleResponse(RestTemplate.java:953)
	at org.springframework.web.client.RestTemplate.doExecute(RestTemplate.java:902)
	at org.springframework.web.client.RestTemplate.execute(RestTemplate.java:801)
	at org.springframework.web.client.RestTemplate.postForObject(RestTemplate.java:518)
	at com.planit.analytics.adapter.RestApiAdapter.generateReport(RestApiAdapter.java:47)
	at com.planit.analytics.scheduler.ReportGenerationScheduler.generateAndSaveReport(ReportGenerationScheduler.java:215)
	at com.planit.analytics.scheduler.ReportGenerationScheduler.generateMonthlyReportForUser(ReportGenerationScheduler.java:180)
	at java.base/jdk.internal.reflect.NativeMethodAccessorImpl.invoke0(Native Method)
	at java.base/jdk.internal.reflect.NativeMethodAccessorImpl.invoke(NativeMethodAccessorImpl.java:77)
	at java.base/jdk.internal.reflect.DelegatingMethodAccessorImpl.invoke(DelegatingMethodAccessorImpl.java:43)
	at java.base/java.lang.reflect.Method.invoke(Method.java:569)
	at org.springframework.aop.support.AopUtils.invokeJoinpointUsingReflection(AopUtils.java:360)
	at org.springframework.aop.framework.CglibAopProxy$DynamicAdvisedInterceptor.intercept(CglibAopProxy.java:724)
	at com.planit.analytics.scheduler.ReportGenerationScheduler$$SpringCGLIB$$0.generateMonthlyReportForUser(<generated>)
	at com.planit.analytics.controller.BatchController.generateReportForUser(BatchController.java:103)
	at java.base/jdk.internal.reflect.NativeMethodAccessorImpl.invoke0(Native Method)
	at java.base/jdk.internal.reflect.NativeMethodAccessorImpl.invoke(NativeMethodAccessorImpl.java:77)
	at java.base/jdk.internal.reflect.DelegatingMethodAccessorImpl.invoke(DelegatingMethodAccessorImpl.java:43)
	at java.base/java.lang.reflect.Method.invoke(Method.java:569)
	at org.springframework.web.method.support.InvocableHandlerMethod.doInvoke(InvocableHandlerMethod.java:258)
	at org.springframework.web.method.support.InvocableHandlerMethod.invokeForRequest(InvocableHandlerMethod.java:191)
	at org.springframework.web.servlet.mvc.method.annotation.ServletInvocableHandlerMethod.invokeAndHandle(ServletInvocableHandlerMethod.java:118)
	at org.springframework.web.servlet.mvc.method.annotation.RequestMappingHandlerAdapter.invokeHandlerMethod(RequestMappingHandlerAdapter.java:991)
	at org.springframework.web.servlet.mvc.method.annotation.RequestMappingHandlerAdapter.handleInternal(RequestMappingHandlerAdapter.java:896)
	at org.springframework.web.servlet.mvc.method.AbstractHandlerMethodAdapter.handle(AbstractHandlerMethodAdapter.java:87)
	at org.springframework.web.servlet.DispatcherServlet.doDispatch(DispatcherServlet.java:1089)
	at org.springframework.web.servlet.DispatcherServlet.doService(DispatcherServlet.java:979)
	at org.springframework.web.servlet.FrameworkServlet.processRequest(FrameworkServlet.java:1014)
	at org.springframework.web.servlet.FrameworkServlet.doPost(FrameworkServlet.java:914)
	at jakarta.servlet.http.HttpServlet.service(HttpServlet.java:590)
	at org.springframework.web.servlet.FrameworkServlet.service(FrameworkServlet.java:885)
	at jakarta.servlet.http.HttpServlet.service(HttpServlet.java:658)
	at org.apache.catalina.core.ApplicationFilterChain.internalDoFilter(ApplicationFilterChain.java:193)
	at org.apache.catalina.core.ApplicationFilterChain.doFilter(ApplicationFilterChain.java:138)
	at org.apache.tomcat.websocket.server.WsFilter.doFilter(WsFilter.java:51)
	at org.apache.catalina.core.ApplicationFilterChain.internalDoFilter(ApplicationFilterChain.java:162)
	at org.apache.catalina.core.ApplicationFilterChain.doFilter(ApplicationFilterChain.java:138)
	at org.springframework.web.filter.RequestContextFilter.doFilterInternal(RequestContextFilter.java:100)
	at org.springframework.web.filter.OncePerRequestFilter.doFilter(OncePerRequestFilter.java:116)
	at org.apache.catalina.core.ApplicationFilterChain.internalDoFilter(ApplicationFilterChain.java:162)
	at org.apache.catalina.core.ApplicationFilterChain.doFilter(ApplicationFilterChain.java:138)
	at org.springframework.web.filter.FormContentFilter.doFilterInternal(FormContentFilter.java:93)
	at org.springframework.web.filter.OncePerRequestFilter.doFilter(OncePerRequestFilter.java:116)
	at org.apache.catalina.core.ApplicationFilterChain.internalDoFilter(ApplicationFilterChain.java:162)
	at org.apache.catalina.core.ApplicationFilterChain.doFilter(ApplicationFilterChain.java:138)
	at org.springframework.web.filter.ServerHttpObservationFilter.doFilterInternal(ServerHttpObservationFilter.java:110)
	at org.springframework.web.filter.OncePerRequestFilter.doFilter(OncePerRequestFilter.java:116)
	at org.apache.catalina.core.ApplicationFilterChain.internalDoFilter(ApplicationFilterChain.java:162)
	at org.apache.catalina.core.ApplicationFilterChain.doFilter(ApplicationFilterChain.java:138)
	at org.springframework.web.filter.CharacterEncodingFilter.doFilterInternal(CharacterEncodingFilter.java:201)
	at org.springframework.web.filter.OncePerRequestFilter.doFilter(OncePerRequestFilter.java:116)
	at org.apache.catalina.core.ApplicationFilterChain.internalDoFilter(ApplicationFilterChain.java:162)
	at org.apache.catalina.core.ApplicationFilterChain.doFilter(ApplicationFilterChain.java:138)
	at org.apache.catalina.core.StandardWrapperValve.invoke(StandardWrapperValve.java:165)
	at org.apache.catalina.core.StandardContextValve.invoke(StandardContextValve.java:88)
	at org.apache.catalina.authenticator.AuthenticatorBase.invoke(AuthenticatorBase.java:492)
	at org.apache.catalina.core.StandardHostValve.invoke(StandardHostValve.java:113)
	at org.apache.catalina.valves.ErrorReportValve.invoke(ErrorReportValve.java:83)
	at org.apache.catalina.core.StandardEngineValve.invoke(StandardEngineValve.java:72)
	at org.apache.catalina.connector.CoyoteAdapter.service(CoyoteAdapter.java:342)
	at org.apache.coyote.http11.Http11Processor.service(Http11Processor.java:399)
	at org.apache.coyote.AbstractProcessorLight.process(AbstractProcessorLight.java:63)
	at org.apache.coyote.AbstractProtocol$ConnectionHandler.process(AbstractProtocol.java:903)
	at org.apache.tomcat.util.net.NioEndpoint$SocketProcessor.doRun(NioEndpoint.java:1775)
	at org.apache.tomcat.util.net.SocketProcessorBase.run(SocketProcessorBase.java:52)
	at org.apache.tomcat.util.threads.ThreadPoolExecutor.runWorker(ThreadPoolExecutor.java:973)
	at org.apache.tomcat.util.threads.ThreadPoolExecutor$Worker.run(ThreadPoolExecutor.java:491)
	at org.apache.tomcat.util.threads.TaskThread$WrappingRunnable.run(TaskThread.java:63)
	at java.base/java.lang.Thread.run(Thread.java:840)
2026-03-07 23:39:59 WARN  [69ac38bffafe6f81623ef280fe754537] [http-nio-8084-exec-4] c.p.a.s.ReportGenerationScheduler : AI report generation failed for user: test-user-001, type: GROWTH, error: Service B 호출 실패: 422 Unprocessable Content on POST request for "http://localhost:8085/ai/reports/generate": "{"detail":[{"type":"missing","loc":["body","user_id"],"msg":"Field required","input":{"userId":"test-user-001","reportType":"GROWTH","targetPeriod":"2026-02","statisticsData":{"previousRate":79,"growthRate":-24,"topicName":"주제#101","currentRate":60}}},{"type":"missing","loc":["body","year_month"],"msg":"Field required","input":{"userId":"test-user-001","reportType":"GROWTH","targetPeriod":"2026-02","statisticsData":{"previousRate":79,"growthRate":-24,"topicName":"주제#101","currentRate":60}}},{"type":"missing","loc":["body","week"],"msg":"Field required","input":{"userId":"test-user-001","reportType":"GROWTH","targetPeriod":"2026-02","statisticsData":{"previousRate":79,"growthRate":-24,"topicName":"주제#101","currentRate":60}}},{"type":"missing","loc":["body","stats_data"],"msg":"Field required","input":{"userId":"test-user-001","reportType":"GROWTH","targetPeriod":"2026-02","statisticsData":{"previousRate":79,"growthRate":-24,"topicName":"주제#101","currentRate":60}}}]}"
2026-03-07 23:39:59 INFO  [69ac38bffafe6f81623ef280fe754537] [http-nio-8084-exec-4] c.p.analytics.adapter.RestApiAdapter : Calling Service B via REST API: http://localhost:8085 for user: test-user-001, reportType: TIMELINE
2026-03-07 23:39:59 ERROR [69ac38bffafe6f81623ef280fe754537] [http-nio-8084-exec-4] c.p.analytics.adapter.RestApiAdapter : Failed to call Service B for user: test-user-001, error: 422 Unprocessable Content on POST request for "http://localhost:8085/ai/reports/generate": "{"detail":[{"type":"missing","loc":["body","user_id"],"msg":"Field required","input":{"userId":"test-user-001","reportType":"TIMELINE","targetPeriod":"2026-02","statisticsData":{"chartData":[{"month":"9월","rate":0},{"month":"10월","rate":0},{"month":"11월","rate":0},{"month":"12월","rate":88},{"month":"1월","rate":67},{"month":"2월","rate":60}]}}},{"type":"missing","loc":["body","year_month"],"msg":"Field required","input":{"userId":"test-user-001","reportType":"TIMELINE","targetPeriod":"2026-02","statisticsData":{"chartData":[{"month":"9월","rate":0},{"month":"10월","rate":0},{"month":"11월","rate":0},{"month":"12월","rate":88},{"month":"1월","rate":67},{"month":"2월","rate":60}]}}},{"type":"missing","loc":["body","week"],"msg":"Field required","input":{"userId":"test-user-001","reportType":"TIMELINE","targetPeriod":"2026-02","statisticsData":{"chartData":[{"month":"9월","rate":0},{"month":"10월","rate":0},{"month":"11월","rate":0},{"month":"12월","rate":88},{"month":"1월","rate":67},{"month":"2월","rate":60}]}}},{"type":"missing","loc":["body","stats_data"],"msg":"Field required","input":{"userId":"test-user-001","reportType":"TIMELINE","targetPeriod":"2026-02","statisticsData":{"chartData":[{"month":"9월","rate":0},{"month":"10월","rate":0},{"month":"11월","rate":0},{"month":"12월","rate":88},{"month":"1월","rate":67},{"month":"2월","rate":60}]}}}]}"
org.springframework.web.client.HttpClientErrorException$UnprocessableEntity: 422 Unprocessable Content on POST request for "http://localhost:8085/ai/reports/generate": "{"detail":[{"type":"missing","loc":["body","user_id"],"msg":"Field required","input":{"userId":"test-user-001","reportType":"TIMELINE","targetPeriod":"2026-02","statisticsData":{"chartData":[{"month":"9월","rate":0},{"month":"10월","rate":0},{"month":"11월","rate":0},{"month":"12월","rate":88},{"month":"1월","rate":67},{"month":"2월","rate":60}]}}},{"type":"missing","loc":["body","year_month"],"msg":"Field required","input":{"userId":"test-user-001","reportType":"TIMELINE","targetPeriod":"2026-02","statisticsData":{"chartData":[{"month":"9월","rate":0},{"month":"10월","rate":0},{"month":"11월","rate":0},{"month":"12월","rate":88},{"month":"1월","rate":67},{"month":"2월","rate":60}]}}},{"type":"missing","loc":["body","week"],"msg":"Field required","input":{"userId":"test-user-001","reportType":"TIMELINE","targetPeriod":"2026-02","statisticsData":{"chartData":[{"month":"9월","rate":0},{"month":"10월","rate":0},{"month":"11월","rate":0},{"month":"12월","rate":88},{"month":"1월","rate":67},{"month":"2월","rate":60}]}}},{"type":"missing","loc":["body","stats_data"],"msg":"Field required","input":{"userId":"test-user-001","reportType":"TIMELINE","targetPeriod":"2026-02","statisticsData":{"chartData":[{"month":"9월","rate":0},{"month":"10월","rate":0},{"month":"11월","rate":0},{"month":"12월","rate":88},{"month":"1월","rate":67},{"month":"2월","rate":60}]}}}]}"
	at org.springframework.web.client.HttpClientErrorException.create(HttpClientErrorException.java:133)
	at org.springframework.web.client.DefaultResponseErrorHandler.handleError(DefaultResponseErrorHandler.java:186)
	at org.springframework.web.client.DefaultResponseErrorHandler.handleError(DefaultResponseErrorHandler.java:147)
	at org.springframework.web.client.RestTemplate.handleResponse(RestTemplate.java:953)
	at org.springframework.web.client.RestTemplate.doExecute(RestTemplate.java:902)
	at org.springframework.web.client.RestTemplate.execute(RestTemplate.java:801)
	at org.springframework.web.client.RestTemplate.postForObject(RestTemplate.java:518)
	at com.planit.analytics.adapter.RestApiAdapter.generateReport(RestApiAdapter.java:47)
	at com.planit.analytics.scheduler.ReportGenerationScheduler.generateAndSaveReport(ReportGenerationScheduler.java:215)
	at com.planit.analytics.scheduler.ReportGenerationScheduler.generateMonthlyReportForUser(ReportGenerationScheduler.java:184)
	at java.base/jdk.internal.reflect.NativeMethodAccessorImpl.invoke0(Native Method)
	at java.base/jdk.internal.reflect.NativeMethodAccessorImpl.invoke(NativeMethodAccessorImpl.java:77)
	at java.base/jdk.internal.reflect.DelegatingMethodAccessorImpl.invoke(DelegatingMethodAccessorImpl.java:43)
	at java.base/java.lang.reflect.Method.invoke(Method.java:569)
	at org.springframework.aop.support.AopUtils.invokeJoinpointUsingReflection(AopUtils.java:360)
	at org.springframework.aop.framework.CglibAopProxy$DynamicAdvisedInterceptor.intercept(CglibAopProxy.java:724)
	at com.planit.analytics.scheduler.ReportGenerationScheduler$$SpringCGLIB$$0.generateMonthlyReportForUser(<generated>)
	at com.planit.analytics.controller.BatchController.generateReportForUser(BatchController.java:103)
	at java.base/jdk.internal.reflect.NativeMethodAccessorImpl.invoke0(Native Method)
	at java.base/jdk.internal.reflect.NativeMethodAccessorImpl.invoke(NativeMethodAccessorImpl.java:77)
	at java.base/jdk.internal.reflect.DelegatingMethodAccessorImpl.invoke(DelegatingMethodAccessorImpl.java:43)
	at java.base/java.lang.reflect.Method.invoke(Method.java:569)
	at org.springframework.web.method.support.InvocableHandlerMethod.doInvoke(InvocableHandlerMethod.java:258)
	at org.springframework.web.method.support.InvocableHandlerMethod.invokeForRequest(InvocableHandlerMethod.java:191)
	at org.springframework.web.servlet.mvc.method.annotation.ServletInvocableHandlerMethod.invokeAndHandle(ServletInvocableHandlerMethod.java:118)
	at org.springframework.web.servlet.mvc.method.annotation.RequestMappingHandlerAdapter.invokeHandlerMethod(RequestMappingHandlerAdapter.java:991)
	at org.springframework.web.servlet.mvc.method.annotation.RequestMappingHandlerAdapter.handleInternal(RequestMappingHandlerAdapter.java:896)
	at org.springframework.web.servlet.mvc.method.AbstractHandlerMethodAdapter.handle(AbstractHandlerMethodAdapter.java:87)
	at org.springframework.web.servlet.DispatcherServlet.doDispatch(DispatcherServlet.java:1089)
	at org.springframework.web.servlet.DispatcherServlet.doService(DispatcherServlet.java:979)
	at org.springframework.web.servlet.FrameworkServlet.processRequest(FrameworkServlet.java:1014)
	at org.springframework.web.servlet.FrameworkServlet.doPost(FrameworkServlet.java:914)
	at jakarta.servlet.http.HttpServlet.service(HttpServlet.java:590)
	at org.springframework.web.servlet.FrameworkServlet.service(FrameworkServlet.java:885)
	at jakarta.servlet.http.HttpServlet.service(HttpServlet.java:658)
	at org.apache.catalina.core.ApplicationFilterChain.internalDoFilter(ApplicationFilterChain.java:193)
	at org.apache.catalina.core.ApplicationFilterChain.doFilter(ApplicationFilterChain.java:138)
	at org.apache.tomcat.websocket.server.WsFilter.doFilter(WsFilter.java:51)
	at org.apache.catalina.core.ApplicationFilterChain.internalDoFilter(ApplicationFilterChain.java:162)
	at org.apache.catalina.core.ApplicationFilterChain.doFilter(ApplicationFilterChain.java:138)
	at org.springframework.web.filter.RequestContextFilter.doFilterInternal(RequestContextFilter.java:100)
	at org.springframework.web.filter.OncePerRequestFilter.doFilter(OncePerRequestFilter.java:116)
	at org.apache.catalina.core.ApplicationFilterChain.internalDoFilter(ApplicationFilterChain.java:162)
	at org.apache.catalina.core.ApplicationFilterChain.doFilter(ApplicationFilterChain.java:138)
	at org.springframework.web.filter.FormContentFilter.doFilterInternal(FormContentFilter.java:93)
	at org.springframework.web.filter.OncePerRequestFilter.doFilter(OncePerRequestFilter.java:116)
	at org.apache.catalina.core.ApplicationFilterChain.internalDoFilter(ApplicationFilterChain.java:162)
	at org.apache.catalina.core.ApplicationFilterChain.doFilter(ApplicationFilterChain.java:138)
	at org.springframework.web.filter.ServerHttpObservationFilter.doFilterInternal(ServerHttpObservationFilter.java:110)
	at org.springframework.web.filter.OncePerRequestFilter.doFilter(OncePerRequestFilter.java:116)
	at org.apache.catalina.core.ApplicationFilterChain.internalDoFilter(ApplicationFilterChain.java:162)
	at org.apache.catalina.core.ApplicationFilterChain.doFilter(ApplicationFilterChain.java:138)
	at org.springframework.web.filter.CharacterEncodingFilter.doFilterInternal(CharacterEncodingFilter.java:201)
	at org.springframework.web.filter.OncePerRequestFilter.doFilter(OncePerRequestFilter.java:116)
	at org.apache.catalina.core.ApplicationFilterChain.internalDoFilter(ApplicationFilterChain.java:162)
	at org.apache.catalina.core.ApplicationFilterChain.doFilter(ApplicationFilterChain.java:138)
	at org.apache.catalina.core.StandardWrapperValve.invoke(StandardWrapperValve.java:165)
	at org.apache.catalina.core.StandardContextValve.invoke(StandardContextValve.java:88)
	at org.apache.catalina.authenticator.AuthenticatorBase.invoke(AuthenticatorBase.java:492)
	at org.apache.catalina.core.StandardHostValve.invoke(StandardHostValve.java:113)
	at org.apache.catalina.valves.ErrorReportValve.invoke(ErrorReportValve.java:83)
	at org.apache.catalina.core.StandardEngineValve.invoke(StandardEngineValve.java:72)
	at org.apache.catalina.connector.CoyoteAdapter.service(CoyoteAdapter.java:342)
	at org.apache.coyote.http11.Http11Processor.service(Http11Processor.java:399)
	at org.apache.coyote.AbstractProcessorLight.process(AbstractProcessorLight.java:63)
	at org.apache.coyote.AbstractProtocol$ConnectionHandler.process(AbstractProtocol.java:903)
	at org.apache.tomcat.util.net.NioEndpoint$SocketProcessor.doRun(NioEndpoint.java:1775)
	at org.apache.tomcat.util.net.SocketProcessorBase.run(SocketProcessorBase.java:52)
	at org.apache.tomcat.util.threads.ThreadPoolExecutor.runWorker(ThreadPoolExecutor.java:973)
	at org.apache.tomcat.util.threads.ThreadPoolExecutor$Worker.run(ThreadPoolExecutor.java:491)
	at org.apache.tomcat.util.threads.TaskThread$WrappingRunnable.run(TaskThread.java:63)
	at java.base/java.lang.Thread.run(Thread.java:840)
2026-03-07 23:39:59 WARN  [69ac38bffafe6f81623ef280fe754537] [http-nio-8084-exec-4] c.p.a.s.ReportGenerationScheduler : AI report generation failed for user: test-user-001, type: TIMELINE, error: Service B 호출 실패: 422 Unprocessable Content on POST request for "http://localhost:8085/ai/reports/generate": "{"detail":[{"type":"missing","loc":["body","user_id"],"msg":"Field required","input":{"userId":"test-user-001","reportType":"TIMELINE","targetPeriod":"2026-02","statisticsData":{"chartData":[{"month":"9월","rate":0},{"month":"10월","rate":0},{"month":"11월","rate":0},{"month":"12월","rate":88},{"month":"1월","rate":67},{"month":"2월","rate":60}]}}},{"type":"missing","loc":["body","year_month"],"msg":"Field required","input":{"userId":"test-user-001","reportType":"TIMELINE","targetPeriod":"2026-02","statisticsData":{"chartData":[{"month":"9월","rate":0},{"month":"10월","rate":0},{"month":"11월","rate":0},{"month":"12월","rate":88},{"month":"1월","rate":67},{"month":"2월","rate":60}]}}},{"type":"missing","loc":["body","week"],"msg":"Field required","input":{"userId":"test-user-001","reportType":"TIMELINE","targetPeriod":"2026-02","statisticsData":{"chartData":[{"month":"9월","rate":0},{"month":"10월","rate":0},{"month":"11월","rate":0},{"month":"12월","rate":88},{"month":"1월","rate":67},{"month":"2월","rate":60}]}}},{"type":"missing","loc":["body","stats_data"],"msg":"Field required","input":{"userId":"test-user-001","reportType":"TIMELINE","targetPeriod":"2026-02","statisticsData":{"chartData":[{"month":"9월","rate":0},{"month":"10월","rate":0},{"month":"11월","rate":0},{"month":"12월","rate":88},{"month":"1월","rate":67},{"month":"2월","rate":60}]}}}]}"
2026-03-07 23:39:59 INFO  [69ac38bffafe6f81623ef280fe754537] [http-nio-8084-exec-4] c.p.analytics.adapter.RestApiAdapter : Calling Service B via REST API: http://localhost:8085 for user: test-user-001, reportType: PATTERN
2026-03-07 23:39:59 ERROR [69ac38bffafe6f81623ef280fe754537] [http-nio-8084-exec-4] c.p.analytics.adapter.RestApiAdapter : Failed to call Service B for user: test-user-001, error: 422 Unprocessable Content on POST request for "http://localhost:8085/ai/reports/generate": "{"detail":[{"type":"missing","loc":["body","user_id"],"msg":"Field required","input":{"userId":"test-user-001","reportType":"PATTERN","targetPeriod":"2026-02","statisticsData":{"worstDay":"SUNDAY","avgPostponeCount":14,"chart":[{"count":1,"day":"MONDAY"},{"count":4,"day":"TUESDAY"},{"count":2,"day":"WEDNESDAY"},{"count":4,"day":"THURSDAY"},{"count":5,"day":"FRIDAY"},{"count":8,"day":"SATURDAY"},{"count":17,"day":"SUNDAY"}]}}},{"type":"missing","loc":["body","year_month"],"msg":"Field required","input":{"userId":"test-user-001","reportType":"PATTERN","targetPeriod":"2026-02","statisticsData":{"worstDay":"SUNDAY","avgPostponeCount":14,"chart":[{"count":1,"day":"MONDAY"},{"count":4,"day":"TUESDAY"},{"count":2,"day":"WEDNESDAY"},{"count":4,"day":"THURSDAY"},{"count":5,"day":"FRIDAY"},{"count":8,"day":"SATURDAY"},{"count":17,"day":"SUNDAY"}]}}},{"type":"missing","loc":["body","week"],"msg":"Field required","input":{"userId":"test-user-001","reportType":"PATTERN","targetPeriod":"2026-02","statisticsData":{"worstDay":"SUNDAY","avgPostponeCount":14,"chart":[{"count":1,"day":"MONDAY"},{"count":4,"day":"TUESDAY"},{"count":2,"day":"WEDNESDAY"},{"count":4,"day":"THURSDAY"},{"count":5,"day":"FRIDAY"},{"count":8,"day":"SATURDAY"},{"count":17,"day":"SUNDAY"}]}}},{"type":"missing","loc":["body","stats_data"],"msg":"Field required","input":{"userId":"test-user-001","reportType":"PATTERN","targetPeriod":"2026-02","statisticsData":{"worstDay":"SUNDAY","avgPostponeCount":14,"chart":[{"count":1,"day":"MONDAY"},{"count":4,"day":"TUESDAY"},{"count":2,"day":"WEDNESDAY"},{"count":4,"day":"THURSDAY"},{"count":5,"day":"FRIDAY"},{"count":8,"day":"SATURDAY"},{"count":17,"day":"SUNDAY"}]}}}]}"
org.springframework.web.client.HttpClientErrorException$UnprocessableEntity: 422 Unprocessable Content on POST request for "http://localhost:8085/ai/reports/generate": "{"detail":[{"type":"missing","loc":["body","user_id"],"msg":"Field required","input":{"userId":"test-user-001","reportType":"PATTERN","targetPeriod":"2026-02","statisticsData":{"worstDay":"SUNDAY","avgPostponeCount":14,"chart":[{"count":1,"day":"MONDAY"},{"count":4,"day":"TUESDAY"},{"count":2,"day":"WEDNESDAY"},{"count":4,"day":"THURSDAY"},{"count":5,"day":"FRIDAY"},{"count":8,"day":"SATURDAY"},{"count":17,"day":"SUNDAY"}]}}},{"type":"missing","loc":["body","year_month"],"msg":"Field required","input":{"userId":"test-user-001","reportType":"PATTERN","targetPeriod":"2026-02","statisticsData":{"worstDay":"SUNDAY","avgPostponeCount":14,"chart":[{"count":1,"day":"MONDAY"},{"count":4,"day":"TUESDAY"},{"count":2,"day":"WEDNESDAY"},{"count":4,"day":"THURSDAY"},{"count":5,"day":"FRIDAY"},{"count":8,"day":"SATURDAY"},{"count":17,"day":"SUNDAY"}]}}},{"type":"missing","loc":["body","week"],"msg":"Field required","input":{"userId":"test-user-001","reportType":"PATTERN","targetPeriod":"2026-02","statisticsData":{"worstDay":"SUNDAY","avgPostponeCount":14,"chart":[{"count":1,"day":"MONDAY"},{"count":4,"day":"TUESDAY"},{"count":2,"day":"WEDNESDAY"},{"count":4,"day":"THURSDAY"},{"count":5,"day":"FRIDAY"},{"count":8,"day":"SATURDAY"},{"count":17,"day":"SUNDAY"}]}}},{"type":"missing","loc":["body","stats_data"],"msg":"Field required","input":{"userId":"test-user-001","reportType":"PATTERN","targetPeriod":"2026-02","statisticsData":{"worstDay":"SUNDAY","avgPostponeCount":14,"chart":[{"count":1,"day":"MONDAY"},{"count":4,"day":"TUESDAY"},{"count":2,"day":"WEDNESDAY"},{"count":4,"day":"THURSDAY"},{"count":5,"day":"FRIDAY"},{"count":8,"day":"SATURDAY"},{"count":17,"day":"SUNDAY"}]}}}]}"
	at org.springframework.web.client.HttpClientErrorException.create(HttpClientErrorException.java:133)
	at org.springframework.web.client.DefaultResponseErrorHandler.handleError(DefaultResponseErrorHandler.java:186)
	at org.springframework.web.client.DefaultResponseErrorHandler.handleError(DefaultResponseErrorHandler.java:147)
	at org.springframework.web.client.RestTemplate.handleResponse(RestTemplate.java:953)
	at org.springframework.web.client.RestTemplate.doExecute(RestTemplate.java:902)
	at org.springframework.web.client.RestTemplate.execute(RestTemplate.java:801)
	at org.springframework.web.client.RestTemplate.postForObject(RestTemplate.java:518)
	at com.planit.analytics.adapter.RestApiAdapter.generateReport(RestApiAdapter.java:47)
	at com.planit.analytics.scheduler.ReportGenerationScheduler.generateAndSaveReport(ReportGenerationScheduler.java:215)
	at com.planit.analytics.scheduler.ReportGenerationScheduler.generateMonthlyReportForUser(ReportGenerationScheduler.java:188)
	at java.base/jdk.internal.reflect.NativeMethodAccessorImpl.invoke0(Native Method)
	at java.base/jdk.internal.reflect.NativeMethodAccessorImpl.invoke(NativeMethodAccessorImpl.java:77)
	at java.base/jdk.internal.reflect.DelegatingMethodAccessorImpl.invoke(DelegatingMethodAccessorImpl.java:43)
	at java.base/java.lang.reflect.Method.invoke(Method.java:569)
	at org.springframework.aop.support.AopUtils.invokeJoinpointUsingReflection(AopUtils.java:360)
	at org.springframework.aop.framework.CglibAopProxy$DynamicAdvisedInterceptor.intercept(CglibAopProxy.java:724)
	at com.planit.analytics.scheduler.ReportGenerationScheduler$$SpringCGLIB$$0.generateMonthlyReportForUser(<generated>)
	at com.planit.analytics.controller.BatchController.generateReportForUser(BatchController.java:103)
	at java.base/jdk.internal.reflect.NativeMethodAccessorImpl.invoke0(Native Method)
	at java.base/jdk.internal.reflect.NativeMethodAccessorImpl.invoke(NativeMethodAccessorImpl.java:77)
	at java.base/jdk.internal.reflect.DelegatingMethodAccessorImpl.invoke(DelegatingMethodAccessorImpl.java:43)
	at java.base/java.lang.reflect.Method.invoke(Method.java:569)
	at org.springframework.web.method.support.InvocableHandlerMethod.doInvoke(InvocableHandlerMethod.java:258)
	at org.springframework.web.method.support.InvocableHandlerMethod.invokeForRequest(InvocableHandlerMethod.java:191)
	at org.springframework.web.servlet.mvc.method.annotation.ServletInvocableHandlerMethod.invokeAndHandle(ServletInvocableHandlerMethod.java:118)
	at org.springframework.web.servlet.mvc.method.annotation.RequestMappingHandlerAdapter.invokeHandlerMethod(RequestMappingHandlerAdapter.java:991)
	at org.springframework.web.servlet.mvc.method.annotation.RequestMappingHandlerAdapter.handleInternal(RequestMappingHandlerAdapter.java:896)
	at org.springframework.web.servlet.mvc.method.AbstractHandlerMethodAdapter.handle(AbstractHandlerMethodAdapter.java:87)
	at org.springframework.web.servlet.DispatcherServlet.doDispatch(DispatcherServlet.java:1089)
	at org.springframework.web.servlet.DispatcherServlet.doService(DispatcherServlet.java:979)
	at org.springframework.web.servlet.FrameworkServlet.processRequest(FrameworkServlet.java:1014)
	at org.springframework.web.servlet.FrameworkServlet.doPost(FrameworkServlet.java:914)
	at jakarta.servlet.http.HttpServlet.service(HttpServlet.java:590)
	at org.springframework.web.servlet.FrameworkServlet.service(FrameworkServlet.java:885)
	at jakarta.servlet.http.HttpServlet.service(HttpServlet.java:658)
	at org.apache.catalina.core.ApplicationFilterChain.internalDoFilter(ApplicationFilterChain.java:193)
	at org.apache.catalina.core.ApplicationFilterChain.doFilter(ApplicationFilterChain.java:138)
	at org.apache.tomcat.websocket.server.WsFilter.doFilter(WsFilter.java:51)
	at org.apache.catalina.core.ApplicationFilterChain.internalDoFilter(ApplicationFilterChain.java:162)
	at org.apache.catalina.core.ApplicationFilterChain.doFilter(ApplicationFilterChain.java:138)
	at org.springframework.web.filter.RequestContextFilter.doFilterInternal(RequestContextFilter.java:100)
	at org.springframework.web.filter.OncePerRequestFilter.doFilter(OncePerRequestFilter.java:116)
	at org.apache.catalina.core.ApplicationFilterChain.internalDoFilter(ApplicationFilterChain.java:162)
	at org.apache.catalina.core.ApplicationFilterChain.doFilter(ApplicationFilterChain.java:138)
	at org.springframework.web.filter.FormContentFilter.doFilterInternal(FormContentFilter.java:93)
	at org.springframework.web.filter.OncePerRequestFilter.doFilter(OncePerRequestFilter.java:116)
	at org.apache.catalina.core.ApplicationFilterChain.internalDoFilter(ApplicationFilterChain.java:162)
	at org.apache.catalina.core.ApplicationFilterChain.doFilter(ApplicationFilterChain.java:138)
	at org.springframework.web.filter.ServerHttpObservationFilter.doFilterInternal(ServerHttpObservationFilter.java:110)
	at org.springframework.web.filter.OncePerRequestFilter.doFilter(OncePerRequestFilter.java:116)
	at org.apache.catalina.core.ApplicationFilterChain.internalDoFilter(ApplicationFilterChain.java:162)
	at org.apache.catalina.core.ApplicationFilterChain.doFilter(ApplicationFilterChain.java:138)
	at org.springframework.web.filter.CharacterEncodingFilter.doFilterInternal(CharacterEncodingFilter.java:201)
	at org.springframework.web.filter.OncePerRequestFilter.doFilter(OncePerRequestFilter.java:116)
	at org.apache.catalina.core.ApplicationFilterChain.internalDoFilter(ApplicationFilterChain.java:162)
	at org.apache.catalina.core.ApplicationFilterChain.doFilter(ApplicationFilterChain.java:138)
	at org.apache.catalina.core.StandardWrapperValve.invoke(StandardWrapperValve.java:165)
	at org.apache.catalina.core.StandardContextValve.invoke(StandardContextValve.java:88)
	at org.apache.catalina.authenticator.AuthenticatorBase.invoke(AuthenticatorBase.java:492)
	at org.apache.catalina.core.StandardHostValve.invoke(StandardHostValve.java:113)
	at org.apache.catalina.valves.ErrorReportValve.invoke(ErrorReportValve.java:83)
	at org.apache.catalina.core.StandardEngineValve.invoke(StandardEngineValve.java:72)
	at org.apache.catalina.connector.CoyoteAdapter.service(CoyoteAdapter.java:342)
	at org.apache.coyote.http11.Http11Processor.service(Http11Processor.java:399)
	at org.apache.coyote.AbstractProcessorLight.process(AbstractProcessorLight.java:63)
	at org.apache.coyote.AbstractProtocol$ConnectionHandler.process(AbstractProtocol.java:903)
	at org.apache.tomcat.util.net.NioEndpoint$SocketProcessor.doRun(NioEndpoint.java:1775)
	at org.apache.tomcat.util.net.SocketProcessorBase.run(SocketProcessorBase.java:52)
	at org.apache.tomcat.util.threads.ThreadPoolExecutor.runWorker(ThreadPoolExecutor.java:973)
	at org.apache.tomcat.util.threads.ThreadPoolExecutor$Worker.run(ThreadPoolExecutor.java:491)
	at org.apache.tomcat.util.threads.TaskThread$WrappingRunnable.run(TaskThread.java:63)
	at java.base/java.lang.Thread.run(Thread.java:840)
2026-03-07 23:39:59 WARN  [69ac38bffafe6f81623ef280fe754537] [http-nio-8084-exec-4] c.p.a.s.ReportGenerationScheduler : AI report generation failed for user: test-user-001, type: PATTERN, error: Service B 호출 실패: 422 Unprocessable Content on POST request for "http://localhost:8085/ai/reports/generate": "{"detail":[{"type":"missing","loc":["body","user_id"],"msg":"Field required","input":{"userId":"test-user-001","reportType":"PATTERN","targetPeriod":"2026-02","statisticsData":{"worstDay":"SUNDAY","avgPostponeCount":14,"chart":[{"count":1,"day":"MONDAY"},{"count":4,"day":"TUESDAY"},{"count":2,"day":"WEDNESDAY"},{"count":4,"day":"THURSDAY"},{"count":5,"day":"FRIDAY"},{"count":8,"day":"SATURDAY"},{"count":17,"day":"SUNDAY"}]}}},{"type":"missing","loc":["body","year_month"],"msg":"Field required","input":{"userId":"test-user-001","reportType":"PATTERN","targetPeriod":"2026-02","statisticsData":{"worstDay":"SUNDAY","avgPostponeCount":14,"chart":[{"count":1,"day":"MONDAY"},{"count":4,"day":"TUESDAY"},{"count":2,"day":"WEDNESDAY"},{"count":4,"day":"THURSDAY"},{"count":5,"day":"FRIDAY"},{"count":8,"day":"SATURDAY"},{"count":17,"day":"SUNDAY"}]}}},{"type":"missing","loc":["body","week"],"msg":"Field required","input":{"userId":"test-user-001","reportType":"PATTERN","targetPeriod":"2026-02","statisticsData":{"worstDay":"SUNDAY","avgPostponeCount":14,"chart":[{"count":1,"day":"MONDAY"},{"count":4,"day":"TUESDAY"},{"count":2,"day":"WEDNESDAY"},{"count":4,"day":"THURSDAY"},{"count":5,"day":"FRIDAY"},{"count":8,"day":"SATURDAY"},{"count":17,"day":"SUNDAY"}]}}},{"type":"missing","loc":["body","stats_data"],"msg":"Field required","input":{"userId":"test-user-001","reportType":"PATTERN","targetPeriod":"2026-02","statisticsData":{"worstDay":"SUNDAY","avgPostponeCount":14,"chart":[{"count":1,"day":"MONDAY"},{"count":4,"day":"TUESDAY"},{"count":2,"day":"WEDNESDAY"},{"count":4,"day":"THURSDAY"},{"count":5,"day":"FRIDAY"},{"count":8,"day":"SATURDAY"},{"count":17,"day":"SUNDAY"}]}}}]}"
2026-03-07 23:39:59 INFO  [69ac38bffafe6f81623ef280fe754537] [http-nio-8084-exec-4] c.p.analytics.adapter.RestApiAdapter : Calling Service B via REST API: http://localhost:8085 for user: test-user-001, reportType: SUMMARY
2026-03-07 23:39:59 ERROR [69ac38bffafe6f81623ef280fe754537] [http-nio-8084-exec-4] c.p.analytics.adapter.RestApiAdapter : Failed to call Service B for user: test-user-001, error: 422 Unprocessable Content on POST request for "http://localhost:8085/ai/reports/generate": "{"detail":[{"type":"missing","loc":["body","user_id"],"msg":"Field required","input":{"userId":"test-user-001","reportType":"SUMMARY","targetPeriod":"2026-02","statisticsData":{"achievementTrend":"-7%","bestFocusTime":"09:00-11:00","currentRate":60}}},{"type":"missing","loc":["body","year_month"],"msg":"Field required","input":{"userId":"test-user-001","reportType":"SUMMARY","targetPeriod":"2026-02","statisticsData":{"achievementTrend":"-7%","bestFocusTime":"09:00-11:00","currentRate":60}}},{"type":"missing","loc":["body","week"],"msg":"Field required","input":{"userId":"test-user-001","reportType":"SUMMARY","targetPeriod":"2026-02","statisticsData":{"achievementTrend":"-7%","bestFocusTime":"09:00-11:00","currentRate":60}}},{"type":"missing","loc":["body","stats_data"],"msg":"Field required","input":{"userId":"test-user-001","reportType":"SUMMARY","targetPeriod":"2026-02","statisticsData":{"achievementTrend":"-7%","bestFocusTime":"09:00-11:00","currentRate":60}}}]}"
org.springframework.web.client.HttpClientErrorException$UnprocessableEntity: 422 Unprocessable Content on POST request for "http://localhost:8085/ai/reports/generate": "{"detail":[{"type":"missing","loc":["body","user_id"],"msg":"Field required","input":{"userId":"test-user-001","reportType":"SUMMARY","targetPeriod":"2026-02","statisticsData":{"achievementTrend":"-7%","bestFocusTime":"09:00-11:00","currentRate":60}}},{"type":"missing","loc":["body","year_month"],"msg":"Field required","input":{"userId":"test-user-001","reportType":"SUMMARY","targetPeriod":"2026-02","statisticsData":{"achievementTrend":"-7%","bestFocusTime":"09:00-11:00","currentRate":60}}},{"type":"missing","loc":["body","week"],"msg":"Field required","input":{"userId":"test-user-001","reportType":"SUMMARY","targetPeriod":"2026-02","statisticsData":{"achievementTrend":"-7%","bestFocusTime":"09:00-11:00","currentRate":60}}},{"type":"missing","loc":["body","stats_data"],"msg":"Field required","input":{"userId":"test-user-001","reportType":"SUMMARY","targetPeriod":"2026-02","statisticsData":{"achievementTrend":"-7%","bestFocusTime":"09:00-11:00","currentRate":60}}}]}"
	at org.springframework.web.client.HttpClientErrorException.create(HttpClientErrorException.java:133)
	at org.springframework.web.client.DefaultResponseErrorHandler.handleError(DefaultResponseErrorHandler.java:186)
	at org.springframework.web.client.DefaultResponseErrorHandler.handleError(DefaultResponseErrorHandler.java:147)
	at org.springframework.web.client.RestTemplate.handleResponse(RestTemplate.java:953)
	at org.springframework.web.client.RestTemplate.doExecute(RestTemplate.java:902)
	at org.springframework.web.client.RestTemplate.execute(RestTemplate.java:801)
	at org.springframework.web.client.RestTemplate.postForObject(RestTemplate.java:518)
	at com.planit.analytics.adapter.RestApiAdapter.generateReport(RestApiAdapter.java:47)
	at com.planit.analytics.scheduler.ReportGenerationScheduler.generateAndSaveReport(ReportGenerationScheduler.java:215)
	at com.planit.analytics.scheduler.ReportGenerationScheduler.generateMonthlyReportForUser(ReportGenerationScheduler.java:192)
	at java.base/jdk.internal.reflect.NativeMethodAccessorImpl.invoke0(Native Method)
	at java.base/jdk.internal.reflect.NativeMethodAccessorImpl.invoke(NativeMethodAccessorImpl.java:77)
	at java.base/jdk.internal.reflect.DelegatingMethodAccessorImpl.invoke(DelegatingMethodAccessorImpl.java:43)
	at java.base/java.lang.reflect.Method.invoke(Method.java:569)
	at org.springframework.aop.support.AopUtils.invokeJoinpointUsingReflection(AopUtils.java:360)
	at org.springframework.aop.framework.CglibAopProxy$DynamicAdvisedInterceptor.intercept(CglibAopProxy.java:724)
	at com.planit.analytics.scheduler.ReportGenerationScheduler$$SpringCGLIB$$0.generateMonthlyReportForUser(<generated>)
	at com.planit.analytics.controller.BatchController.generateReportForUser(BatchController.java:103)
	at java.base/jdk.internal.reflect.NativeMethodAccessorImpl.invoke0(Native Method)
	at java.base/jdk.internal.reflect.NativeMethodAccessorImpl.invoke(NativeMethodAccessorImpl.java:77)
	at java.base/jdk.internal.reflect.DelegatingMethodAccessorImpl.invoke(DelegatingMethodAccessorImpl.java:43)
	at java.base/java.lang.reflect.Method.invoke(Method.java:569)
	at org.springframework.web.method.support.InvocableHandlerMethod.doInvoke(InvocableHandlerMethod.java:258)
	at org.springframework.web.method.support.InvocableHandlerMethod.invokeForRequest(InvocableHandlerMethod.java:191)
	at org.springframework.web.servlet.mvc.method.annotation.ServletInvocableHandlerMethod.invokeAndHandle(ServletInvocableHandlerMethod.java:118)
	at org.springframework.web.servlet.mvc.method.annotation.RequestMappingHandlerAdapter.invokeHandlerMethod(RequestMappingHandlerAdapter.java:991)
	at org.springframework.web.servlet.mvc.method.annotation.RequestMappingHandlerAdapter.handleInternal(RequestMappingHandlerAdapter.java:896)
	at org.springframework.web.servlet.mvc.method.AbstractHandlerMethodAdapter.handle(AbstractHandlerMethodAdapter.java:87)
	at org.springframework.web.servlet.DispatcherServlet.doDispatch(DispatcherServlet.java:1089)
	at org.springframework.web.servlet.DispatcherServlet.doService(DispatcherServlet.java:979)
	at org.springframework.web.servlet.FrameworkServlet.processRequest(FrameworkServlet.java:1014)
	at org.springframework.web.servlet.FrameworkServlet.doPost(FrameworkServlet.java:914)
	at jakarta.servlet.http.HttpServlet.service(HttpServlet.java:590)
	at org.springframework.web.servlet.FrameworkServlet.service(FrameworkServlet.java:885)
	at jakarta.servlet.http.HttpServlet.service(HttpServlet.java:658)
	at org.apache.catalina.core.ApplicationFilterChain.internalDoFilter(ApplicationFilterChain.java:193)
	at org.apache.catalina.core.ApplicationFilterChain.doFilter(ApplicationFilterChain.java:138)
	at org.apache.tomcat.websocket.server.WsFilter.doFilter(WsFilter.java:51)
	at org.apache.catalina.core.ApplicationFilterChain.internalDoFilter(ApplicationFilterChain.java:162)
	at org.apache.catalina.core.ApplicationFilterChain.doFilter(ApplicationFilterChain.java:138)
	at org.springframework.web.filter.RequestContextFilter.doFilterInternal(RequestContextFilter.java:100)
	at org.springframework.web.filter.OncePerRequestFilter.doFilter(OncePerRequestFilter.java:116)
	at org.apache.catalina.core.ApplicationFilterChain.internalDoFilter(ApplicationFilterChain.java:162)
	at org.apache.catalina.core.ApplicationFilterChain.doFilter(ApplicationFilterChain.java:138)
	at org.springframework.web.filter.FormContentFilter.doFilterInternal(FormContentFilter.java:93)
	at org.springframework.web.filter.OncePerRequestFilter.doFilter(OncePerRequestFilter.java:116)
	at org.apache.catalina.core.ApplicationFilterChain.internalDoFilter(ApplicationFilterChain.java:162)
	at org.apache.catalina.core.ApplicationFilterChain.doFilter(ApplicationFilterChain.java:138)
	at org.springframework.web.filter.ServerHttpObservationFilter.doFilterInternal(ServerHttpObservationFilter.java:110)
	at org.springframework.web.filter.OncePerRequestFilter.doFilter(OncePerRequestFilter.java:116)
	at org.apache.catalina.core.ApplicationFilterChain.internalDoFilter(ApplicationFilterChain.java:162)
	at org.apache.catalina.core.ApplicationFilterChain.doFilter(ApplicationFilterChain.java:138)
	at org.springframework.web.filter.CharacterEncodingFilter.doFilterInternal(CharacterEncodingFilter.java:201)
	at org.springframework.web.filter.OncePerRequestFilter.doFilter(OncePerRequestFilter.java:116)
	at org.apache.catalina.core.ApplicationFilterChain.internalDoFilter(ApplicationFilterChain.java:162)
	at org.apache.catalina.core.ApplicationFilterChain.doFilter(ApplicationFilterChain.java:138)
	at org.apache.catalina.core.StandardWrapperValve.invoke(StandardWrapperValve.java:165)
	at org.apache.catalina.core.StandardContextValve.invoke(StandardContextValve.java:88)
	at org.apache.catalina.authenticator.AuthenticatorBase.invoke(AuthenticatorBase.java:492)
	at org.apache.catalina.core.StandardHostValve.invoke(StandardHostValve.java:113)
	at org.apache.catalina.valves.ErrorReportValve.invoke(ErrorReportValve.java:83)
	at org.apache.catalina.core.StandardEngineValve.invoke(StandardEngineValve.java:72)
	at org.apache.catalina.connector.CoyoteAdapter.service(CoyoteAdapter.java:342)
	at org.apache.coyote.http11.Http11Processor.service(Http11Processor.java:399)
	at org.apache.coyote.AbstractProcessorLight.process(AbstractProcessorLight.java:63)
	at org.apache.coyote.AbstractProtocol$ConnectionHandler.process(AbstractProtocol.java:903)
	at org.apache.tomcat.util.net.NioEndpoint$SocketProcessor.doRun(NioEndpoint.java:1775)
	at org.apache.tomcat.util.net.SocketProcessorBase.run(SocketProcessorBase.java:52)
	at org.apache.tomcat.util.threads.ThreadPoolExecutor.runWorker(ThreadPoolExecutor.java:973)
	at org.apache.tomcat.util.threads.ThreadPoolExecutor$Worker.run(ThreadPoolExecutor.java:491)
	at org.apache.tomcat.util.threads.TaskThread$WrappingRunnable.run(TaskThread.java:63)
	at java.base/java.lang.Thread.run(Thread.java:840)
2026-03-07 23:39:59 WARN  [69ac38bffafe6f81623ef280fe754537] [http-nio-8084-exec-4] c.p.a.s.ReportGenerationScheduler : AI report generation failed for user: test-user-001, type: SUMMARY, error: Service B 호출 실패: 422 Unprocessable Content on POST request for "http://localhost:8085/ai/reports/generate": "{"detail":[{"type":"missing","loc":["body","user_id"],"msg":"Field required","input":{"userId":"test-user-001","reportType":"SUMMARY","targetPeriod":"2026-02","statisticsData":{"achievementTrend":"-7%","bestFocusTime":"09:00-11:00","currentRate":60}}},{"type":"missing","loc":["body","year_month"],"msg":"Field required","input":{"userId":"test-user-001","reportType":"SUMMARY","targetPeriod":"2026-02","statisticsData":{"achievementTrend":"-7%","bestFocusTime":"09:00-11:00","currentRate":60}}},{"type":"missing","loc":["body","week"],"msg":"Field required","input":{"userId":"test-user-001","reportType":"SUMMARY","targetPeriod":"2026-02","statisticsData":{"achievementTrend":"-7%","bestFocusTime":"09:00-11:00","currentRate":60}}},{"type":"missing","loc":["body","stats_data"],"msg":"Field required","input":{"userId":"test-user-001","reportType":"SUMMARY","targetPeriod":"2026-02","statisticsData":{"achievementTrend":"-7%","bestFocusTime":"09:00-11:00","currentRate":60}}}]}"
2026-03-07 23:41:10 INFO  [] [main] com.planit.PlanitApplication : Starting PlanitApplication using Java 17.0.17 with PID 30804 (C:\workspace\PlanIt\PlanIt-Insight-svc\build\classes\java\main started by DS11 in C:\workspace\PlanIt\PlanIt-Insight-svc)
2026-03-07 23:41:10 INFO  [] [main] com.planit.PlanitApplication : No active profile set, falling back to 1 default profile: "default"
2026-03-07 23:41:12 INFO  [] [main] o.s.d.r.c.RepositoryConfigurationDelegate : Bootstrapping Spring Data JPA repositories in DEFAULT mode.
2026-03-07 23:41:12 INFO  [] [main] o.s.d.r.c.RepositoryConfigurationDelegate : Finished Spring Data repository scanning in 151 ms. Found 3 JPA repository interfaces.
2026-03-07 23:41:12 INFO  [] [main] o.s.b.w.e.tomcat.TomcatWebServer : Tomcat initialized with port 8084 (http)
2026-03-07 23:41:12 INFO  [] [main] o.a.coyote.http11.Http11NioProtocol : Initializing ProtocolHandler ["http-nio-8084"]
2026-03-07 23:41:12 INFO  [] [main] o.a.catalina.core.StandardService : Starting service [Tomcat]
2026-03-07 23:41:12 INFO  [] [main] o.a.catalina.core.StandardEngine : Starting Servlet engine: [Apache Tomcat/10.1.52]
2026-03-07 23:41:13 INFO  [] [main] o.a.c.c.C.[Tomcat].[localhost].[/] : Initializing Spring embedded WebApplicationContext
2026-03-07 23:41:13 INFO  [] [main] o.s.b.w.s.c.ServletWebServerApplicationContext : Root WebApplicationContext: initialization completed in 2018 ms
2026-03-07 23:41:13 INFO  [] [main] o.h.jpa.internal.util.LogHelper : HHH000204: Processing PersistenceUnitInfo [name: default]
2026-03-07 23:41:13 INFO  [] [main] org.hibernate.Version : HHH000412: Hibernate ORM core version 6.6.42.Final
2026-03-07 23:41:13 INFO  [] [main] o.h.c.i.RegionFactoryInitiator : HHH000026: Second-level cache disabled
2026-03-07 23:41:13 INFO  [] [main] o.s.o.j.p.SpringPersistenceUnitInfo : No LoadTimeWeaver setup: ignoring JPA class transformer
2026-03-07 23:41:13 INFO  [] [main] com.zaxxer.hikari.HikariDataSource : HikariPool-1 - Starting...
2026-03-07 23:41:13 INFO  [] [main] com.zaxxer.hikari.pool.HikariPool : HikariPool-1 - Added connection org.mariadb.jdbc.Connection@2ebcbf9d
2026-03-07 23:41:13 INFO  [] [main] com.zaxxer.hikari.HikariDataSource : HikariPool-1 - Start completed.
2026-03-07 23:41:13 INFO  [] [main] o.hibernate.orm.connections.pooling : HHH10001005: Database info:
	Database JDBC URL [Connecting through datasource 'HikariDataSource (HikariPool-1)']
	Database driver: undefined/unknown
	Database version: 11.8.3
	Autocommit mode: undefined/unknown
	Isolation level: undefined/unknown
	Minimum pool size: undefined/unknown
	Maximum pool size: undefined/unknown
2026-03-07 23:41:14 INFO  [] [main] o.h.e.t.j.p.i.JtaPlatformInitiator : HHH000489: No JTA platform available (set 'hibernate.transaction.jta.platform' to enable JTA platform integration)
2026-03-07 23:41:14 INFO  [] [main] o.s.o.j.LocalContainerEntityManagerFactoryBean : Initialized JPA EntityManagerFactory for persistence unit 'default'
2026-03-07 23:41:15 INFO  [] [main] o.s.d.j.r.query.QueryEnhancerFactory : Hibernate is in classpath; If applicable, HQL parser will be used.
2026-03-07 23:41:16 WARN  [] [main] o.s.b.a.o.j.JpaBaseConfiguration$JpaWebConfiguration : spring.jpa.open-in-view is enabled by default. Therefore, database queries may be performed during view rendering. Explicitly configure spring.jpa.open-in-view to disable this warning
2026-03-07 23:41:16 INFO  [] [main] o.s.v.b.OptionalValidatorFactoryBean : Failed to set up a Bean Validation provider: jakarta.validation.NoProviderFoundException: Unable to create a Configuration, because no Jakarta Bean Validation provider could be found. Add a provider like Hibernate Validator (RI) to your classpath.
2026-03-07 23:41:16 INFO  [] [main] n.d.b.g.s.a.GrpcServerFactoryAutoConfiguration : Detected grpc-netty-shaded: Creating ShadedNettyGrpcServerFactory
2026-03-07 23:41:17 INFO  [] [main] n.d.b.g.c.a.GrpcClientAutoConfiguration : Detected grpc-netty-shaded: Creating ShadedNettyChannelFactory + InProcessChannelFactory
2026-03-07 23:41:17 INFO  [] [main] o.s.b.a.e.web.EndpointLinksResolver : Exposing 3 endpoints beneath base path '/api/v1/insight/actuator'
2026-03-07 23:41:17 INFO  [] [main] o.a.coyote.http11.Http11NioProtocol : Starting ProtocolHandler ["http-nio-8084"]
2026-03-07 23:41:17 INFO  [] [main] o.s.b.w.e.tomcat.TomcatWebServer : Tomcat started on port 8084 (http) with context path '/'
2026-03-07 23:41:17 INFO  [] [main] n.d.b.g.s.s.AbstractGrpcServerFactory : Registered gRPC service: actionlog.ActionLogService, bean: actionLogServiceImpl, class: com.planit.analytics.grpc.ActionLogServiceImpl
2026-03-07 23:41:17 INFO  [] [main] n.d.b.g.s.s.AbstractGrpcServerFactory : Registered gRPC service: BaseTestGrpcService, bean: baseGrpcController, class: com.planit.basetemplate.grpc.BaseGrpcController
2026-03-07 23:41:17 INFO  [] [main] n.d.b.g.s.s.AbstractGrpcServerFactory : Registered gRPC service: grpc.health.v1.Health, bean: grpcHealthService, class: io.grpc.protobuf.services.HealthServiceImpl
2026-03-07 23:41:17 INFO  [] [main] n.d.b.g.s.s.AbstractGrpcServerFactory : Registered gRPC service: grpc.reflection.v1alpha.ServerReflection, bean: protoReflectionService, class: io.grpc.protobuf.services.ProtoReflectionService
2026-03-07 23:41:17 INFO  [] [main] n.d.b.g.s.s.GrpcServerLifecycle : gRPC Server started, listening on address: *, port: 9090
2026-03-07 23:41:17 INFO  [] [main] com.planit.PlanitApplication : Started PlanitApplication in 7.153 seconds (process running for 7.524)
2026-03-07 23:41:20 INFO  [] [http-nio-8084-exec-1] o.a.c.c.C.[Tomcat].[localhost].[/] : Initializing Spring DispatcherServlet 'dispatcherServlet'
2026-03-07 23:41:20 INFO  [] [http-nio-8084-exec-1] o.s.web.servlet.DispatcherServlet : Initializing Servlet 'dispatcherServlet'
2026-03-07 23:41:20 INFO  [] [http-nio-8084-exec-1] o.s.web.servlet.DispatcherServlet : Completed initialization in 1 ms
2026-03-07 23:41:20 INFO  [69ac391019ef1616d75fd404e1bc9cb0] [http-nio-8084-exec-1] c.p.a.controller.BatchController : Manual trigger: generate report for user: test-user-001, yearMonth: 2026-01
2026-03-07 23:41:20 INFO  [69ac391019ef1616d75fd404e1bc9cb0] [http-nio-8084-exec-1] c.p.a.s.ReportGenerationScheduler : Generating monthly report for user: test-user-001
2026-03-07 23:41:20 INFO  [] [task-1] c.p.a.service.AnalyticsService : Calculating growth rate for user: test-user-001, month: 2026-01
2026-03-07 23:41:20 INFO  [] [task-2] c.p.a.service.AnalyticsService : Calculating timeline for user: test-user-001, month: 2026-01
2026-03-07 23:41:20 INFO  [] [task-3] c.p.a.service.AnalyticsService : Analyzing postpone pattern for user: test-user-001, month: 2026-01
2026-03-07 23:41:20 INFO  [] [task-4] c.p.a.service.AnalyticsService : Generating summary for user: test-user-001, month: 2026-01
2026-03-07 23:41:21 INFO  [] [task-3] c.p.a.service.AnalyticsService : Postpone pattern analyzed: worst day = THURSDAY
2026-03-07 23:41:21 INFO  [] [task-4] c.p.a.service.AnalyticsService : Summary generated: trend = -21%, focus time = 16:00-18:00
2026-03-07 23:41:21 INFO  [] [task-2] c.p.a.service.AnalyticsService : Timeline calculated with 6 months
2026-03-07 23:41:21 INFO  [] [task-1] c.p.a.service.AnalyticsService : Growth rate calculated: {previousRate=88, growthRate=-24, topicName=주제#101, currentRate=67}
2026-03-07 23:41:21 INFO  [69ac391019ef1616d75fd404e1bc9cb0] [http-nio-8084-exec-1] c.p.analytics.adapter.RestApiAdapter : Calling Service B via REST API: http://localhost:8085 for user: test-user-001, reportType: GROWTH
2026-03-07 23:41:23 INFO  [69ac391019ef1616d75fd404e1bc9cb0] [http-nio-8084-exec-1] c.p.analytics.adapter.RestApiAdapter : Successfully generated AI report for user: test-user-001
2026-03-07 23:41:23 INFO  [69ac391019ef1616d75fd404e1bc9cb0] [http-nio-8084-exec-1] c.p.a.repository.DynamoDBRepository : Successfully saved report to DynamoDB: PK=USER#test-user-001, SK=REPORT#2026-01#GROWTH
2026-03-07 23:41:23 INFO  [69ac391019ef1616d75fd404e1bc9cb0] [http-nio-8084-exec-1] c.p.a.s.ReportGenerationScheduler : Successfully saved GROWTH report for user: test-user-001
2026-03-07 23:41:23 INFO  [69ac391019ef1616d75fd404e1bc9cb0] [http-nio-8084-exec-1] c.p.analytics.adapter.RestApiAdapter : Calling Service B via REST API: http://localhost:8085 for user: test-user-001, reportType: TIMELINE
2026-03-07 23:41:23 INFO  [69ac391019ef1616d75fd404e1bc9cb0] [http-nio-8084-exec-1] c.p.analytics.adapter.RestApiAdapter : Successfully generated AI report for user: test-user-001
2026-03-07 23:41:23 INFO  [69ac391019ef1616d75fd404e1bc9cb0] [http-nio-8084-exec-1] c.p.a.repository.DynamoDBRepository : Successfully saved report to DynamoDB: PK=USER#test-user-001, SK=REPORT#2026-01#TIMELINE
2026-03-07 23:41:23 INFO  [69ac391019ef1616d75fd404e1bc9cb0] [http-nio-8084-exec-1] c.p.a.s.ReportGenerationScheduler : Successfully saved TIMELINE report for user: test-user-001
2026-03-07 23:41:23 INFO  [69ac391019ef1616d75fd404e1bc9cb0] [http-nio-8084-exec-1] c.p.analytics.adapter.RestApiAdapter : Calling Service B via REST API: http://localhost:8085 for user: test-user-001, reportType: PATTERN
2026-03-07 23:41:24 INFO  [69ac391019ef1616d75fd404e1bc9cb0] [http-nio-8084-exec-1] c.p.analytics.adapter.RestApiAdapter : Successfully generated AI report for user: test-user-001
2026-03-07 23:41:24 INFO  [69ac391019ef1616d75fd404e1bc9cb0] [http-nio-8084-exec-1] c.p.a.repository.DynamoDBRepository : Successfully saved report to DynamoDB: PK=USER#test-user-001, SK=REPORT#2026-01#PATTERN
2026-03-07 23:41:24 INFO  [69ac391019ef1616d75fd404e1bc9cb0] [http-nio-8084-exec-1] c.p.a.s.ReportGenerationScheduler : Successfully saved PATTERN report for user: test-user-001
2026-03-07 23:41:24 INFO  [69ac391019ef1616d75fd404e1bc9cb0] [http-nio-8084-exec-1] c.p.analytics.adapter.RestApiAdapter : Calling Service B via REST API: http://localhost:8085 for user: test-user-001, reportType: SUMMARY
2026-03-07 23:41:24 INFO  [69ac391019ef1616d75fd404e1bc9cb0] [http-nio-8084-exec-1] c.p.analytics.adapter.RestApiAdapter : Successfully generated AI report for user: test-user-001
2026-03-07 23:41:24 INFO  [69ac391019ef1616d75fd404e1bc9cb0] [http-nio-8084-exec-1] c.p.a.repository.DynamoDBRepository : Successfully saved report to DynamoDB: PK=USER#test-user-001, SK=REPORT#2026-01#SUMMARY
2026-03-07 23:41:24 INFO  [69ac391019ef1616d75fd404e1bc9cb0] [http-nio-8084-exec-1] c.p.a.s.ReportGenerationScheduler : Successfully saved SUMMARY report for user: test-user-001
2026-03-07 23:43:50 INFO  [69ac39a6754c5e72388a163151740012] [http-nio-8084-exec-3] c.p.a.controller.FeedbackController : GET /api/v1/feedbacks/dashboard - userId: test-user-001, yearMonth: 2026-01, week: 1
2026-03-07 23:43:50 INFO  [69ac39a6754c5e72388a163151740012] [http-nio-8084-exec-3] c.p.a.service.FeedbackService : Getting dashboard for user: test-user-001, yearMonth: 2026-01, week: 1
2026-03-07 23:43:50 INFO  [69ac39a6754c5e72388a163151740012] [http-nio-8084-exec-3] c.p.a.repository.DynamoDBRepository : Successfully retrieved report from DynamoDB: PK=USER#test-user-001, SK=REPORT#2026-01#GROWTH
2026-03-07 23:43:50 INFO  [69ac39a6754c5e72388a163151740012] [http-nio-8084-exec-3] c.p.a.repository.DynamoDBRepository : Successfully retrieved report from DynamoDB: PK=USER#test-user-001, SK=REPORT#2026-01#TIMELINE
2026-03-07 23:43:50 INFO  [69ac39a6754c5e72388a163151740012] [http-nio-8084-exec-3] c.p.a.repository.DynamoDBRepository : Successfully retrieved report from DynamoDB: PK=USER#test-user-001, SK=REPORT#2026-01#PATTERN
2026-03-07 23:43:50 INFO  [69ac39a6754c5e72388a163151740012] [http-nio-8084-exec-3] c.p.a.repository.DynamoDBRepository : Successfully retrieved report from DynamoDB: PK=USER#test-user-001, SK=REPORT#2026-01#SUMMARY
2026-03-07 23:43:50 INFO  [69ac39a6754c5e72388a163151740012] [http-nio-8084-exec-3] c.p.a.service.FeedbackService : Dashboard generated for user: test-user-001
2026-03-07 23:51:51 INFO  [69ac3b87162bdd69ccafb55bf136e9f7] [http-nio-8084-exec-5] c.p.a.controller.BatchController : Manual trigger: generate report for user: test-user-001, yearMonth: 2026-02
2026-03-07 23:51:51 INFO  [69ac3b87162bdd69ccafb55bf136e9f7] [http-nio-8084-exec-5] c.p.a.s.ReportGenerationScheduler : Generating monthly report for user: test-user-001
2026-03-07 23:51:51 INFO  [] [task-5] c.p.a.service.AnalyticsService : Calculating growth rate for user: test-user-001, month: 2026-02
2026-03-07 23:51:51 INFO  [] [task-7] c.p.a.service.AnalyticsService : Analyzing postpone pattern for user: test-user-001, month: 2026-02
2026-03-07 23:51:51 INFO  [] [task-8] c.p.a.service.AnalyticsService : Generating summary for user: test-user-001, month: 2026-02
2026-03-07 23:51:51 INFO  [] [task-6] c.p.a.service.AnalyticsService : Calculating timeline for user: test-user-001, month: 2026-02
2026-03-07 23:51:51 INFO  [] [task-7] c.p.a.service.AnalyticsService : Postpone pattern analyzed: worst day = SUNDAY
2026-03-07 23:51:51 INFO  [] [task-8] c.p.a.service.AnalyticsService : Summary generated: trend = -7%, focus time = 09:00-11:00
2026-03-07 23:51:51 INFO  [] [task-5] c.p.a.service.AnalyticsService : Growth rate calculated: {previousRate=79, growthRate=-24, topicName=주제#101, currentRate=60}
2026-03-07 23:51:51 INFO  [] [task-6] c.p.a.service.AnalyticsService : Timeline calculated with 6 months
2026-03-07 23:51:51 INFO  [69ac3b87162bdd69ccafb55bf136e9f7] [http-nio-8084-exec-5] c.p.analytics.adapter.RestApiAdapter : Calling Service B via REST API: http://localhost:8085 for user: test-user-001, reportType: GROWTH
2026-03-07 23:51:52 INFO  [69ac3b87162bdd69ccafb55bf136e9f7] [http-nio-8084-exec-5] c.p.analytics.adapter.RestApiAdapter : Successfully generated AI report for user: test-user-001
2026-03-07 23:51:52 INFO  [69ac3b87162bdd69ccafb55bf136e9f7] [http-nio-8084-exec-5] c.p.a.repository.DynamoDBRepository : Successfully saved report to DynamoDB: PK=USER#test-user-001, SK=REPORT#2026-02#GROWTH
2026-03-07 23:51:52 INFO  [69ac3b87162bdd69ccafb55bf136e9f7] [http-nio-8084-exec-5] c.p.a.s.ReportGenerationScheduler : Successfully saved GROWTH report for user: test-user-001
2026-03-07 23:51:52 INFO  [69ac3b87162bdd69ccafb55bf136e9f7] [http-nio-8084-exec-5] c.p.analytics.adapter.RestApiAdapter : Calling Service B via REST API: http://localhost:8085 for user: test-user-001, reportType: TIMELINE
2026-03-07 23:51:52 INFO  [69ac3b87162bdd69ccafb55bf136e9f7] [http-nio-8084-exec-5] c.p.analytics.adapter.RestApiAdapter : Successfully generated AI report for user: test-user-001
2026-03-07 23:51:52 INFO  [69ac3b87162bdd69ccafb55bf136e9f7] [http-nio-8084-exec-5] c.p.a.repository.DynamoDBRepository : Successfully saved report to DynamoDB: PK=USER#test-user-001, SK=REPORT#2026-02#TIMELINE
2026-03-07 23:51:52 INFO  [69ac3b87162bdd69ccafb55bf136e9f7] [http-nio-8084-exec-5] c.p.a.s.ReportGenerationScheduler : Successfully saved TIMELINE report for user: test-user-001
2026-03-07 23:51:52 INFO  [69ac3b87162bdd69ccafb55bf136e9f7] [http-nio-8084-exec-5] c.p.analytics.adapter.RestApiAdapter : Calling Service B via REST API: http://localhost:8085 for user: test-user-001, reportType: PATTERN
2026-03-07 23:51:53 INFO  [69ac3b87162bdd69ccafb55bf136e9f7] [http-nio-8084-exec-5] c.p.analytics.adapter.RestApiAdapter : Successfully generated AI report for user: test-user-001
2026-03-07 23:51:53 INFO  [69ac3b87162bdd69ccafb55bf136e9f7] [http-nio-8084-exec-5] c.p.a.repository.DynamoDBRepository : Successfully saved report to DynamoDB: PK=USER#test-user-001, SK=REPORT#2026-02#PATTERN
2026-03-07 23:51:53 INFO  [69ac3b87162bdd69ccafb55bf136e9f7] [http-nio-8084-exec-5] c.p.a.s.ReportGenerationScheduler : Successfully saved PATTERN report for user: test-user-001
2026-03-07 23:51:53 INFO  [69ac3b87162bdd69ccafb55bf136e9f7] [http-nio-8084-exec-5] c.p.analytics.adapter.RestApiAdapter : Calling Service B via REST API: http://localhost:8085 for user: test-user-001, reportType: SUMMARY
2026-03-07 23:51:53 INFO  [69ac3b87162bdd69ccafb55bf136e9f7] [http-nio-8084-exec-5] c.p.analytics.adapter.RestApiAdapter : Successfully generated AI report for user: test-user-001
2026-03-07 23:51:53 INFO  [69ac3b87162bdd69ccafb55bf136e9f7] [http-nio-8084-exec-5] c.p.a.repository.DynamoDBRepository : Successfully saved report to DynamoDB: PK=USER#test-user-001, SK=REPORT#2026-02#SUMMARY
2026-03-07 23:51:53 INFO  [69ac3b87162bdd69ccafb55bf136e9f7] [http-nio-8084-exec-5] c.p.a.s.ReportGenerationScheduler : Successfully saved SUMMARY report for user: test-user-001
2026-03-07 23:52:40 INFO  [] [main] com.planit.PlanitApplication : Starting PlanitApplication using Java 17.0.17 with PID 27688 (C:\workspace\PlanIt\PlanIt-Insight-svc\build\classes\java\main started by DS11 in C:\workspace\PlanIt\PlanIt-Insight-svc)
2026-03-07 23:52:40 INFO  [] [main] com.planit.PlanitApplication : No active profile set, falling back to 1 default profile: "default"
2026-03-07 23:52:41 INFO  [] [main] o.s.d.r.c.RepositoryConfigurationDelegate : Bootstrapping Spring Data JPA repositories in DEFAULT mode.
2026-03-07 23:52:41 INFO  [] [main] o.s.d.r.c.RepositoryConfigurationDelegate : Finished Spring Data repository scanning in 148 ms. Found 5 JPA repository interfaces.
2026-03-07 23:52:41 INFO  [] [main] o.s.b.w.e.tomcat.TomcatWebServer : Tomcat initialized with port 8084 (http)
2026-03-07 23:52:41 INFO  [] [main] o.a.coyote.http11.Http11NioProtocol : Initializing ProtocolHandler ["http-nio-8084"]
2026-03-07 23:52:41 INFO  [] [main] o.a.catalina.core.StandardService : Starting service [Tomcat]
2026-03-07 23:52:41 INFO  [] [main] o.a.catalina.core.StandardEngine : Starting Servlet engine: [Apache Tomcat/10.1.52]
2026-03-07 23:52:42 INFO  [] [main] o.a.c.c.C.[Tomcat].[localhost].[/] : Initializing Spring embedded WebApplicationContext
2026-03-07 23:52:42 INFO  [] [main] o.s.b.w.s.c.ServletWebServerApplicationContext : Root WebApplicationContext: initialization completed in 1930 ms
2026-03-07 23:52:42 INFO  [] [main] o.h.jpa.internal.util.LogHelper : HHH000204: Processing PersistenceUnitInfo [name: default]
2026-03-07 23:52:42 INFO  [] [main] org.hibernate.Version : HHH000412: Hibernate ORM core version 6.6.42.Final
2026-03-07 23:52:42 INFO  [] [main] o.h.c.i.RegionFactoryInitiator : HHH000026: Second-level cache disabled
2026-03-07 23:52:42 INFO  [] [main] o.s.o.j.p.SpringPersistenceUnitInfo : No LoadTimeWeaver setup: ignoring JPA class transformer
2026-03-07 23:52:43 INFO  [] [main] com.zaxxer.hikari.HikariDataSource : HikariPool-1 - Starting...
2026-03-07 23:52:43 INFO  [] [main] com.zaxxer.hikari.pool.HikariPool : HikariPool-1 - Added connection org.mariadb.jdbc.Connection@5357de0e
2026-03-07 23:52:43 INFO  [] [main] com.zaxxer.hikari.HikariDataSource : HikariPool-1 - Start completed.
2026-03-07 23:52:43 INFO  [] [main] o.hibernate.orm.connections.pooling : HHH10001005: Database info:
	Database JDBC URL [Connecting through datasource 'HikariDataSource (HikariPool-1)']
	Database driver: undefined/unknown
	Database version: 11.8.3
	Autocommit mode: undefined/unknown
	Isolation level: undefined/unknown
	Minimum pool size: undefined/unknown
	Maximum pool size: undefined/unknown
2026-03-07 23:52:44 INFO  [] [main] o.h.e.t.j.p.i.JtaPlatformInitiator : HHH000489: No JTA platform available (set 'hibernate.transaction.jta.platform' to enable JTA platform integration)
2026-03-07 23:52:44 INFO  [] [main] o.s.o.j.LocalContainerEntityManagerFactoryBean : Initialized JPA EntityManagerFactory for persistence unit 'default'
2026-03-07 23:52:45 INFO  [] [main] o.s.d.j.r.query.QueryEnhancerFactory : Hibernate is in classpath; If applicable, HQL parser will be used.
2026-03-07 23:52:46 WARN  [] [main] o.s.b.a.o.j.JpaBaseConfiguration$JpaWebConfiguration : spring.jpa.open-in-view is enabled by default. Therefore, database queries may be performed during view rendering. Explicitly configure spring.jpa.open-in-view to disable this warning
2026-03-07 23:52:46 INFO  [] [main] o.s.v.b.OptionalValidatorFactoryBean : Failed to set up a Bean Validation provider: jakarta.validation.NoProviderFoundException: Unable to create a Configuration, because no Jakarta Bean Validation provider could be found. Add a provider like Hibernate Validator (RI) to your classpath.
2026-03-07 23:52:46 INFO  [] [main] n.d.b.g.s.a.GrpcServerFactoryAutoConfiguration : Detected grpc-netty-shaded: Creating ShadedNettyGrpcServerFactory
2026-03-07 23:52:46 INFO  [] [main] n.d.b.g.c.a.GrpcClientAutoConfiguration : Detected grpc-netty-shaded: Creating ShadedNettyChannelFactory + InProcessChannelFactory
2026-03-07 23:52:47 INFO  [] [main] o.s.b.a.e.web.EndpointLinksResolver : Exposing 3 endpoints beneath base path '/api/v1/insight/actuator'
2026-03-07 23:52:47 INFO  [] [main] o.a.coyote.http11.Http11NioProtocol : Starting ProtocolHandler ["http-nio-8084"]
2026-03-07 23:52:47 INFO  [] [main] o.s.b.w.e.tomcat.TomcatWebServer : Tomcat started on port 8084 (http) with context path '/'
2026-03-07 23:52:47 INFO  [] [main] n.d.b.g.s.s.AbstractGrpcServerFactory : Registered gRPC service: actionlog.ActionLogService, bean: actionLogServiceImpl, class: com.planit.analytics.grpc.ActionLogServiceImpl
2026-03-07 23:52:47 INFO  [] [main] n.d.b.g.s.s.AbstractGrpcServerFactory : Registered gRPC service: BaseTestGrpcService, bean: baseGrpcController, class: com.planit.basetemplate.grpc.BaseGrpcController
2026-03-07 23:52:47 INFO  [] [main] n.d.b.g.s.s.AbstractGrpcServerFactory : Registered gRPC service: grpc.health.v1.Health, bean: grpcHealthService, class: io.grpc.protobuf.services.HealthServiceImpl
2026-03-07 23:52:47 INFO  [] [main] n.d.b.g.s.s.AbstractGrpcServerFactory : Registered gRPC service: grpc.reflection.v1alpha.ServerReflection, bean: protoReflectionService, class: io.grpc.protobuf.services.ProtoReflectionService
2026-03-07 23:52:47 INFO  [] [main] n.d.b.g.s.s.GrpcServerLifecycle : gRPC Server started, listening on address: *, port: 9090
2026-03-07 23:52:47 INFO  [] [main] com.planit.PlanitApplication : Started PlanitApplication in 7.925 seconds (process running for 8.312)
2026-03-07 23:53:06 INFO  [] [http-nio-8084-exec-1] o.a.c.c.C.[Tomcat].[localhost].[/] : Initializing Spring DispatcherServlet 'dispatcherServlet'
2026-03-07 23:53:06 INFO  [] [http-nio-8084-exec-1] o.s.web.servlet.DispatcherServlet : Initializing Servlet 'dispatcherServlet'
2026-03-07 23:53:06 INFO  [] [http-nio-8084-exec-1] o.s.web.servlet.DispatcherServlet : Completed initialization in 1 ms
2026-03-07 23:53:06 INFO  [69ac3bd2f2abf0b07f602fea985a666a] [http-nio-8084-exec-1] c.p.a.controller.FeedbackController : GET /api/v1/feedbacks/dashboard - userId: test-user-001, yearMonth: 2026-01, week: 1
2026-03-07 23:53:06 INFO  [69ac3bd2f2abf0b07f602fea985a666a] [http-nio-8084-exec-1] c.p.a.service.FeedbackService : Getting dashboard for user: test-user-001, yearMonth: 2026-01, week: 1
2026-03-07 23:53:06 WARN  [69ac3bd2f2abf0b07f602fea985a666a] [http-nio-8084-exec-1] c.p.a.repository.DynamoDBRepository : Report not found in DynamoDB: PK=USER#test-user-001, SK=REPORT#2026-01#GROWTH
2026-03-07 23:53:06 WARN  [69ac3bd2f2abf0b07f602fea985a666a] [http-nio-8084-exec-1] c.p.a.repository.DynamoDBRepository : Report not found in DynamoDB: PK=USER#test-user-001, SK=REPORT#2026-01#TIMELINE
2026-03-07 23:53:06 WARN  [69ac3bd2f2abf0b07f602fea985a666a] [http-nio-8084-exec-1] c.p.a.repository.DynamoDBRepository : Report not found in DynamoDB: PK=USER#test-user-001, SK=REPORT#2026-01#PATTERN
2026-03-07 23:53:06 WARN  [69ac3bd2f2abf0b07f602fea985a666a] [http-nio-8084-exec-1] c.p.a.repository.DynamoDBRepository : Report not found in DynamoDB: PK=USER#test-user-001, SK=REPORT#2026-01#SUMMARY
2026-03-07 23:53:06 WARN  [69ac3bd2f2abf0b07f602fea985a666a] [http-nio-8084-exec-1] c.p.a.service.FeedbackService : No report data found for user: test-user-001, yearMonth: 2026-01
2026-03-07 23:53:06 ERROR [69ac3bd2f2abf0b07f602fea985a666a] [http-nio-8084-exec-1] c.p.global.GlobalExceptionHandler : Custom exception: code=IS4041, message=분석할 통계 데이터가 부족합니다.
2026-03-07 23:59:39 INFO  [69ac3d5b0fd6bb8db191fa81de52ef57] [http-nio-8084-exec-3] c.p.a.controller.FeedbackController : GET /api/v1/feedbacks/dashboard - userId: test-user-001, yearMonth: 2026-01, week: 1
2026-03-07 23:59:39 INFO  [69ac3d5b0fd6bb8db191fa81de52ef57] [http-nio-8084-exec-3] c.p.a.service.FeedbackService : Getting dashboard for user: test-user-001, yearMonth: 2026-01, week: 1
2026-03-07 23:59:39 WARN  [69ac3d5b0fd6bb8db191fa81de52ef57] [http-nio-8084-exec-3] c.p.a.repository.DynamoDBRepository : Report not found in DynamoDB: PK=USER#test-user-001, SK=REPORT#2026-01#GROWTH
2026-03-07 23:59:39 WARN  [69ac3d5b0fd6bb8db191fa81de52ef57] [http-nio-8084-exec-3] c.p.a.repository.DynamoDBRepository : Report not found in DynamoDB: PK=USER#test-user-001, SK=REPORT#2026-01#TIMELINE
2026-03-07 23:59:39 WARN  [69ac3d5b0fd6bb8db191fa81de52ef57] [http-nio-8084-exec-3] c.p.a.repository.DynamoDBRepository : Report not found in DynamoDB: PK=USER#test-user-001, SK=REPORT#2026-01#PATTERN
2026-03-07 23:59:39 WARN  [69ac3d5b0fd6bb8db191fa81de52ef57] [http-nio-8084-exec-3] c.p.a.repository.DynamoDBRepository : Report not found in DynamoDB: PK=USER#test-user-001, SK=REPORT#2026-01#SUMMARY
2026-03-07 23:59:39 WARN  [69ac3d5b0fd6bb8db191fa81de52ef57] [http-nio-8084-exec-3] c.p.a.service.FeedbackService : No report data found for user: test-user-001, yearMonth: 2026-01
2026-03-07 23:59:39 ERROR [69ac3d5b0fd6bb8db191fa81de52ef57] [http-nio-8084-exec-3] c.p.global.GlobalExceptionHandler : Custom exception: code=IS4041, message=분석할 통계 데이터가 부족합니다.
2026-03-07 23:59:57 INFO  [69ac3d6d424bf05365633a6ee5d7f79a] [http-nio-8084-exec-4] c.p.a.controller.FeedbackController : GET /api/v1/feedbacks/dashboard - userId: test-user-001, yearMonth: 2026-01, week: 1
2026-03-07 23:59:57 INFO  [69ac3d6d424bf05365633a6ee5d7f79a] [http-nio-8084-exec-4] c.p.a.service.FeedbackService : Getting dashboard for user: test-user-001, yearMonth: 2026-01, week: 1
2026-03-07 23:59:57 WARN  [69ac3d6d424bf05365633a6ee5d7f79a] [http-nio-8084-exec-4] c.p.a.repository.DynamoDBRepository : Report not found in DynamoDB: PK=USER#test-user-001, SK=REPORT#2026-01#GROWTH
2026-03-07 23:59:57 WARN  [69ac3d6d424bf05365633a6ee5d7f79a] [http-nio-8084-exec-4] c.p.a.repository.DynamoDBRepository : Report not found in DynamoDB: PK=USER#test-user-001, SK=REPORT#2026-01#TIMELINE
2026-03-07 23:59:57 WARN  [69ac3d6d424bf05365633a6ee5d7f79a] [http-nio-8084-exec-4] c.p.a.repository.DynamoDBRepository : Report not found in DynamoDB: PK=USER#test-user-001, SK=REPORT#2026-01#PATTERN
2026-03-07 23:59:57 WARN  [69ac3d6d424bf05365633a6ee5d7f79a] [http-nio-8084-exec-4] c.p.a.repository.DynamoDBRepository : Report not found in DynamoDB: PK=USER#test-user-001, SK=REPORT#2026-01#SUMMARY
2026-03-07 23:59:57 WARN  [69ac3d6d424bf05365633a6ee5d7f79a] [http-nio-8084-exec-4] c.p.a.service.FeedbackService : No report data found for user: test-user-001, yearMonth: 2026-01
2026-03-07 23:59:57 ERROR [69ac3d6d424bf05365633a6ee5d7f79a] [http-nio-8084-exec-4] c.p.global.GlobalExceptionHandler : Custom exception: code=IS4041, message=분석할 통계 데이터가 부족합니다.
